{"type":"FeatureCollection","features":[{"type":"Feature","geometry":{"type":"Polygon","coordinates":[[[-121.88663300029991,37.316156000105039],[-121.88790100017121,37.315413999750717],[-121.88323200019379,37.310155999738789],[-121.88162399966556,37.311024999694411],[-121.87816300018329,37.313457999669765],[-121.87802500009104,37.313555000154679],[-121.87402200028549,37.316377000173745],[-121.87668500024968,37.319071000191336],[-121.87762199968491,37.320025999680801],[-121.87860699969897,37.321014999688096],[-121.88221100019469,37.318925000007908],[-121.8859520000594,37.316810999646137],[-121.88663300029991,37.316156000105039]]]},"properties":{"GEOID":"06085503113","STATE":"06","COUNTY":"085","TRACT":"503113","BASENAME":"5031.13","NAME":"Census Tract 5031.13"}},{"type":"Feature","geometry":{"type":"Polygon","coordinates":[[[-122.12824000019128,37.396610000148726],[-122.12949200016909,37.3961510001946],[-122.12757499984434,37.39450100005314],[-122.1283389999255,37.392209000097409],[-122.12660400007395,37.388976999938812],[-122.12634399978296,37.388363999905565],[-122.12495500043613,37.38840299966806],[-122.1242780003936,37.387669999732218],[-122.12341800005299,37.386518999817774],[-122.12410900033922,37.384889999736018],[-122.12534700007329,37.38180199976081],[-122.12325700039453,37.381284999652898],[-122.12131999997831,37.381310000234386],[-122.1140480003111,37.381339000298922],[-122.11408000009817,37.384959999976559],[-122.11409000014389,37.389819999643841],[-122.11404999996094,37.392680000154023],[-122.11418999970303,37.396750000088367],[-122.11417999965727,37.40017000027305],[-122.113540000323,37.401129999877668],[-122.11574999965238,37.402419999805318],[-122.11698900010968,37.403497999650348],[-122.11822000017106,37.404569999810526],[-122.1200529999319,37.406258000221996],[-122.12240999957439,37.404260999879817],[-122.12447099983915,37.401267999652845],[-122.12482800021453,37.399205999823316],[-122.12824000019128,37.396610000148726]]]},"properties":{"GEOID":"06085510500","STATE":"06","COUNTY":"085","TRACT":"510500","BASENAME":"5105","NAME":"Census Tract 5105"}},{"type":"Feature","geometry":{"type":"Polygon","coordinates":[[[-121.81801100027491,37.232979000206861],[-121.81824899992627,37.2301980002511],[-121.81700500034441,37.229570000026456],[-121.81724600036883,37.228013999796843],[-121.81332499968075,37.226642999790101],[-121.80897500044385,37.226752000160616],[-121.80829800040135,37.225071000195513],[-121.80644999967356,37.225185999881681],[-121.80545100031409,37.224098000068416],[-121.80366200003589,37.224639000174861],[-121.80396800035764,37.227354999941269],[-121.80375200044757,37.227863999794337],[-121.80380400032611,37.23120599986747],[-121.8038250002425,37.232908999940854],[-121.80384000031113,37.236990000153014],[-121.80979200022844,37.23694199983408],[-121.81581000026803,37.236910000319625],[-121.81685600038148,37.236975999705571],[-121.8168859996204,37.234653999959967],[-121.81801100027491,37.232979000206861]]]},"properties":{"GEOID":"06085512031","STATE":"06","COUNTY":"085","TRACT":"512031","BASENAME":"5120.31","NAME":"Census Tract 5120.31"}},{"type":"Feature","geometry":{"type":"Polygon","coordinates":[[[-121.9235010004206,37.278353000204937],[-121.92311300008306,37.276803000111634],[-121.92148399963843,37.274366000060887],[-121.92089600018267,37.273384000254559],[-121.92084299958093,37.271510999968484],[-121.92084299958093,37.270304000007251],[-121.92213700028981,37.267601999852815],[-121.92222400032843,37.267402000214702],[-121.92232200023774,37.267000999915609],[-121.92232100041282,37.261748999988946],[-121.92090700005333,37.261881999735735],[-121.91491599977792,37.264811000321281],[-121.90827099992454,37.266815000021744],[-121.90791699992222,37.266984999750612],[-121.90466099958107,37.267943999926096],[-121.90579299990826,37.270714000013022],[-121.90671599999806,37.272170999843716],[-121.90832199997817,37.274507000040565],[-121.91007600009627,37.27706699978264],[-121.91091600034541,37.278294999847468],[-121.91341299972999,37.282126000306754],[-121.9134689998065,37.286702999840372],[-121.91862700040375,37.28446300025535],[-121.92044099989803,37.284553000168309],[-121.92066199983094,37.28438200017024],[-121.92245500030712,37.282627000265109],[-121.9235010004206,37.278353000204937]]]},"properties":{"GEOID":"06085502902","STATE":"06","COUNTY":"085","TRACT":"502902","BASENAME":"5029.02","NAME":"Census Tract 5029.02"}},{"type":"Feature","geometry":{"type":"Polygon","coordinates":[[[-121.92265600014856,37.294372999942908],[-121.92265299977554,37.291955999774295],[-121.92261599996561,37.290286000296533],[-121.92259699969902,37.289861999781309],[-121.92255400004134,37.28673899989041],[-121.92255700041437,37.28625600028608],[-121.92245500030712,37.282627000265109],[-121.92066199983094,37.28438200017024],[-121.92044099989803,37.284553000168309],[-121.91862700040375,37.28446300025535],[-121.9134689998065,37.286702999840372],[-121.91180500010003,37.28715700016334],[-121.91131899985324,37.287533999821648],[-121.91000300030134,37.287515999988962],[-121.90739800006345,37.288647000051157],[-121.90303799988253,37.290629999889205],[-121.9049450001615,37.293416000165344],[-121.9050869995534,37.294479000193199],[-121.9086700001327,37.293808000302967],[-121.90935600039606,37.294232000019029],[-121.90992899978319,37.294418999840651],[-121.91353599975363,37.294440999999303],[-121.9180740002098,37.294401000225832],[-121.92092999961955,37.294382000111554],[-121.92265600014856,37.294372999942908]]]},"properties":{"GEOID":"06085502601","STATE":"06","COUNTY":"085","TRACT":"502601","BASENAME":"5026.01","NAME":"Census Tract 5026.01"}},{"type":"Feature","geometry":{"type":"Polygon","coordinates":[[[-121.98692600038856,37.37181699989857],[-121.9872960002844,37.370441999952099],[-121.98257100023051,37.370477999880485],[-121.97825999955509,37.370459999918431],[-121.97781600003937,37.370411999760577],[-121.97681000010887,37.370299999748738],[-121.97331699994128,37.369449000233487],[-121.96528000036801,37.36601999992569],[-121.95945999979682,37.363489999792506],[-121.95944999975109,37.361020000111743],[-121.95947999988833,37.359030000214268],[-121.95943999970535,37.355759999748308],[-121.959350000192,37.352279999928911],[-121.95712999991852,37.352279999928911],[-121.95451999965778,37.352279999928911],[-121.95517999998185,37.3534100000942],[-121.95119999974251,37.354130000288144],[-121.94646999966574,37.355819999696962],[-121.94383000016605,37.35668299982872],[-121.93755299966035,37.35398399968436],[-121.93213499967038,37.351218999746266],[-121.93211100027928,37.356424000221466],[-121.93470999977107,37.356780000207003],[-121.93315300019478,37.358648999918728],[-121.93940899988573,37.364409000087363],[-121.9406459997949,37.366436000114412],[-121.94135299997464,37.366502999697467],[-121.94153999957238,37.366540000336656],[-121.94153700009765,37.36694900022438],[-121.94146599995256,37.367221999704725],[-121.9412580004384,37.368024999949846],[-121.94126400028618,37.369870000279093],[-121.94330000043662,37.372070000301818],[-121.94356999987504,37.373099999853657],[-121.94577400025496,37.373634999907175],[-121.94618799963341,37.375119999715515],[-121.94751999997713,37.377750000270446],[-121.95375999977456,37.379019999756324],[-121.9640479995834,37.381894000283182],[-121.97699000003394,37.385597999870186],[-121.98697599971896,37.388447999862997],[-121.98696999987119,37.377779999668803],[-121.98696900004627,37.377579999645924],[-121.98689600025135,37.374069999953569],[-121.98692600038856,37.37181699989857]]]},"properties":{"GEOID":"06085505202","STATE":"06","COUNTY":"085","TRACT":"505202","BASENAME":"5052.02","NAME":"Census Tract 5052.02"}},{"type":"Feature","geometry":{"type":"Polygon","coordinates":[[[-121.77312199957618,37.224400999718952],[-121.77444200022433,37.222701999979641],[-121.77133999986897,37.221113999893973],[-121.77129499966313,37.220166000061241],[-121.77133400002118,37.218341000042905],[-121.7708620000181,37.217376999727733],[-121.76656899978431,37.215802999938951],[-121.76569000007542,37.214363000260498],[-121.76507699960702,37.215389999794887],[-121.76479200009997,37.215917000056912],[-121.76280299980519,37.217723999998022],[-121.7613109996279,37.216585999969311],[-121.75988100027321,37.217316000082235],[-121.75894099956665,37.217543999865356],[-121.75867199995315,37.217762999648201],[-121.75886500029698,37.218743999790512],[-121.75621700040136,37.220208000029878],[-121.75106399982697,37.221645000350946],[-121.74837800029654,37.22213300031823],[-121.74694200019572,37.222715000199535],[-121.74804699986043,37.224168999928082],[-121.75114900021579,37.226433999715155],[-121.76870600021707,37.235438000105304],[-121.76930000041891,37.234900999653],[-121.76368499988715,37.231965999789935],[-121.76648500011872,37.22676299975614],[-121.7672380003292,37.224055000120835],[-121.77279900043432,37.225072000181136],[-121.77312199957618,37.224400999718952]]]},"properties":{"GEOID":"06085512035","STATE":"06","COUNTY":"085","TRACT":"512035","BASENAME":"5120.35","NAME":"Census Tract 5120.35"}},{"type":"Feature","geometry":{"type":"Polygon","coordinates":[[[-121.90097400014301,37.227675999932593],[-121.90347100042587,37.225808000282527],[-121.90022500013048,37.223830999997695],[-121.89480600031558,37.221887000315959],[-121.89309099965722,37.221433999948779],[-121.88981400029797,37.221176000082167],[-121.88764400025327,37.220200999679086],[-121.88634100022186,37.219988000138876],[-121.88207399992734,37.221706000072416],[-121.88496600022042,37.224904000270691],[-121.88436899964553,37.228153000109749],[-121.88410300040506,37.232229000104866],[-121.88719200034166,37.236071999841336],[-121.88664900019343,37.23788899994328],[-121.88847100008361,37.237065999880294],[-121.88974099960474,37.235759000015364],[-121.8921030001684,37.234335000076861],[-121.89242600020859,37.234204000063428],[-121.89349400006336,37.233763999760797],[-121.89674799985639,37.230307999690666],[-121.89787799963541,37.229465999789653],[-121.90097400014301,37.227675999932593]]]},"properties":{"GEOID":"06085511913","STATE":"06","COUNTY":"085","TRACT":"511913","BASENAME":"5119.13","NAME":"Census Tract 5119.13"}},{"type":"Feature","geometry":{"type":"Polygon","coordinates":[[[-121.90739800006345,37.288647000051157],[-121.90417400040766,37.283966000044579],[-121.89369800027787,37.287699999743374],[-121.88769000028404,37.289842999950054],[-121.88068899988016,37.292241999978607],[-121.88124200007414,37.296038999707605],[-121.88085000043696,37.297480999872377],[-121.88071599964437,37.301094000136302],[-121.88174800041241,37.301724999892656],[-121.88567099985202,37.30171899965147],[-121.88827699991484,37.300673000316941],[-121.89330699956729,37.298482999931373],[-121.89734700008108,37.296742000260352],[-121.89903199970392,37.29601400002543],[-121.9049450001615,37.293416000165344],[-121.90303799988253,37.290629999889205],[-121.90739800006345,37.288647000051157]]]},"properties":{"GEOID":"06085502500","STATE":"06","COUNTY":"085","TRACT":"502500","BASENAME":"5025","NAME":"Census Tract 5025"}},{"type":"Feature","geometry":{"type":"Polygon","coordinates":[[[-121.96085999991263,37.263009999761444],[-121.96195999955445,37.261580000095563],[-121.95622699992022,37.260799000176497],[-121.95401199966963,37.258383000186825],[-121.95384400033846,37.25820900001569],[-121.95030000011724,37.262990000103329],[-121.94902100037527,37.26519200034064],[-121.94784300001734,37.268307999811114],[-121.94723999959464,37.270760000076628],[-121.94694300039204,37.272136000049755],[-121.94690999988177,37.272323999814013],[-121.94675000004821,37.272949999645014],[-121.94543699997107,37.278106999983798],[-121.94480799960913,37.279276999921152],[-121.9430810001535,37.281164000075798],[-121.93752599989617,37.285708000098637],[-121.93676099999011,37.287010000309849],[-121.93626399987265,37.289570000039596],[-121.93751000000267,37.292839999816067],[-121.93832000011457,37.294389000003783],[-121.94979999962672,37.294310000161687],[-121.94978000043356,37.290650000066464],[-121.94975000029632,37.287019999808187],[-121.94967999997614,37.280679999750241],[-121.94973600005261,37.277841999671267],[-121.95275999969189,37.273649999875808],[-121.95388000032347,37.272149999683322],[-121.9561199997901,37.269080000161942],[-121.96085999991263,37.263009999761444]]]},"properties":{"GEOID":"06085506502","STATE":"06","COUNTY":"085","TRACT":"506502","BASENAME":"5065.02","NAME":"Census Tract 5065.02"}},{"type":"Feature","geometry":{"type":"Polygon","coordinates":[[[-122.00245300008721,37.241506000004499],[-122.00238299976701,37.241491999680619],[-122.00212699967399,37.241441000062515],[-122.00089899998564,37.241189000054632],[-121.99880000008604,37.240709999836746],[-121.99701400018085,37.23994199964536],[-121.9964380004207,37.239588999861077],[-121.9951799996968,37.238610000145911],[-121.99452899959354,37.238084000208254],[-121.99051200044261,37.23474999990497],[-121.98958900035281,37.234165000332133],[-121.98458100044165,37.2312910002628],[-121.98434000041725,37.231145999867273],[-121.98422300024139,37.231077999857064],[-121.9818590000279,37.234449000077952],[-121.98620499996511,37.235754000080703],[-121.98380999978949,37.237391999836319],[-121.98586600003141,37.238410999861493],[-121.98532799990605,37.239996000356001],[-121.98212799964142,37.24099900025783],[-121.98379999974375,37.238480000217301],[-121.97960100011963,37.237117000313113],[-121.97701000012542,37.238440000029087],[-121.97687000038333,37.239660000153059],[-121.97662000013807,37.241179999962128],[-121.97649000044174,37.241469999779511],[-121.97545000017607,37.243420000078359],[-121.97451000036781,37.245119999678465],[-121.97346199970623,37.246064999885988],[-121.9725799996243,37.246830000091869],[-121.97154000025694,37.247800000281877],[-121.96918000024139,37.250839999869498],[-121.97390799977006,37.251445000033662],[-121.97672300007024,37.249333999975157],[-121.97726200002049,37.251135000042275],[-121.97809499969863,37.253865000016198],[-121.9799790004114,37.25431699970494],[-121.97957600000527,37.252428000264906],[-121.97932900013306,37.249545999906161],[-121.98008399999338,37.249606999937697],[-121.98051300033877,37.25189600031068],[-121.98090999999883,37.252415999785846],[-121.98163999974479,37.251119999722071],[-121.98527000017975,37.250080000030088],[-121.9951799996968,37.250809999823623],[-121.99542499991918,37.250287999972798],[-121.99575700018021,37.24788400016056],[-121.99530299972047,37.246619000085296],[-121.99601499992306,37.246399999721397],[-121.99709899967138,37.243908999739851],[-122.00072699955817,37.242187000306082],[-122.00245300008721,37.241506000004499]]]},"properties":{"GEOID":"06085507206","STATE":"06","COUNTY":"085","TRACT":"507206","BASENAME":"5072.06","NAME":"Census Tract 5072.06"}},{"type":"Feature","geometry":{"type":"Polygon","coordinates":[[[-121.85498300015266,37.419180000072146],[-121.85552200010289,37.418884999886302],[-121.85414499955333,37.417012999917226],[-121.85316799993515,37.416367000350284],[-121.8524590001056,37.415374000223359],[-121.85149300035808,37.413156000322743],[-121.84848100041438,37.409935000088026],[-121.84648799992166,37.407761999701087],[-121.84975199976043,37.405577000205],[-121.84918000019823,37.404308999779424],[-121.8469249997647,37.399792999762937],[-121.84540499999829,37.396573000070006],[-121.84233299978017,37.390448000280806],[-121.84081899986157,37.390821000279331],[-121.83670100042826,37.39164099979012],[-121.83422500006179,37.392588999920676],[-121.83252899967002,37.393537000195082],[-121.83217800004073,37.393696000151103],[-121.83182200038857,37.393757000336471],[-121.83155000040199,37.393758000222128],[-121.83057999955824,37.393632000254236],[-121.83020100033984,37.393682000312161],[-121.82945599962694,37.39398899985104],[-121.82853199971223,37.394861000119619],[-121.82793400021076,37.395138000246661],[-121.82744899978883,37.395112999993771],[-121.82624700003979,37.394737000323651],[-121.82552800016448,37.395134999931273],[-121.82613499988679,37.396807999680867],[-121.81842300000353,37.393896999895645],[-121.81538900031855,37.393752000194468],[-121.81188100008229,37.394419000208615],[-121.80909599991936,37.396804000301067],[-121.80165199982474,37.396491000351233],[-121.79745099965245,37.397450999982212],[-121.7973059998875,37.399166000158587],[-121.79543899979147,37.400929000262536],[-121.7934269999305,37.404049000014737],[-121.79327600031779,37.40407700009861],[-121.79315199957091,37.404054999931667],[-121.79303500029334,37.4040049996579],[-121.79289100035331,37.403934000325044],[-121.79281799966004,37.403889999900677],[-121.79197499993616,37.403516000245617],[-121.79178199959233,37.403958999776215],[-121.79180900025483,37.404450000064962],[-121.79166399959153,37.404889000120285],[-121.7909270001729,37.405234999703801],[-121.7902519997802,37.405318000290208],[-121.78911899962809,37.405223999791119],[-121.78901400004612,37.405353999888362],[-121.78714000027742,37.404876999705969],[-121.78673900041942,37.404690000077458],[-121.78643599957242,37.404212000203287],[-121.78508800023344,37.403728999944121],[-121.78188399977084,37.404648000291317],[-121.78252599965326,37.40501000032544],[-121.79017499978733,37.413823999917085],[-121.79145600007742,37.415282999721342],[-121.80614400025014,37.432003000321551],[-121.80877999955186,37.434180000239643],[-121.8130400001737,37.4333799997463],[-121.81711999997215,37.434029999728516],[-121.81990000011223,37.435479999923537],[-121.82108000011999,37.435100000079807],[-121.82457599976233,37.432529000114826],[-121.82347299974747,37.431894999952746],[-121.8256570000359,37.431591999889307],[-121.82799199993708,37.432108999646985],[-121.83089299955266,37.431817000025426],[-121.83255999963215,37.430107999691401],[-121.83291799983243,37.429163000250263],[-121.8306569995511,37.426437999715546],[-121.83023700032484,37.425212999870126],[-121.83115899969147,37.423153000311132],[-121.83211699994135,37.423064999897463],[-121.8326890004019,37.423157999918033],[-121.8339289997858,37.42287800001268],[-121.83422500006179,37.422653000119858],[-121.83536800025963,37.42229000022774],[-121.83614700040941,37.421784000057897],[-121.83738699979331,37.421580999751995],[-121.83780000024518,37.421338999884277],[-121.83893099984914,37.421338999884277],[-121.84171900038513,37.420947999854526],[-121.84327299958841,37.419493999675204],[-121.84503699975227,37.419452000340804],[-121.84702199984908,37.418540000117474],[-121.84827999967463,37.419926999967444],[-121.84973699969183,37.42034199978113],[-121.85057799976589,37.421571999841674],[-121.85119799990699,37.421989999767085],[-121.85252799970255,37.421845999718322],[-121.85299600040604,37.421900999903379],[-121.85361599964881,37.421384000278536],[-121.85445000005019,37.42096100007079],[-121.85447000014166,37.420262999699851],[-121.85493100027412,37.41959799979427],[-121.85498300015266,37.419180000072146]]]},"properties":{"GEOID":"06085504308","STATE":"06","COUNTY":"085","TRACT":"504308","BASENAME":"5043.08","NAME":"Census Tract 5043.08"}},{"type":"Feature","geometry":{"type":"Polygon","coordinates":[[[-121.81686899990197,37.392025999895374],[-121.81741899972289,37.38919000027667],[-121.81501600004964,37.388525999994108],[-121.81439300043382,37.387087999651087],[-121.8141259995718,37.386672999769857],[-121.81527100031778,37.385239000285807],[-121.81680600015277,37.382801000314636],[-121.81541600008273,37.38125100001929],[-121.81659899956522,37.380563000049015],[-121.81476099978153,37.377874000323388],[-121.81247000026129,37.37633199979139],[-121.81247100008618,37.375807000236833],[-121.80860200017496,37.374120000207547],[-121.80561600017055,37.371014000261198],[-121.80462799978338,37.369845000167693],[-121.8047130001722,37.369799000026632],[-121.80685899992751,37.368588000275878],[-121.80542600019972,37.367812999695836],[-121.80474800033232,37.367561999684874],[-121.80630699955844,37.364934999717775],[-121.81104000000826,37.363481000044736],[-121.81204199974081,37.362426999666916],[-121.81218599968088,37.361481000128876],[-121.81217499981021,37.360885000052356],[-121.80855699996911,37.357614000068345],[-121.8050780000452,37.356006999836133],[-121.80402799973378,37.355428000165197],[-121.80160400014415,37.355527000099897],[-121.79833699993233,37.355630999731979],[-121.79546499973073,37.354360000184016],[-121.79504299995637,37.354251000299485],[-121.79191999968458,37.354510000264163],[-121.78994800000656,37.353766000093231],[-121.78623599955584,37.354164000074974],[-121.78148999958556,37.352748999963097],[-121.77737200015225,37.353814999892684],[-121.77798700027051,37.357943999966537],[-121.77798300007254,37.358035000113858],[-121.77917499977586,37.359306999897051],[-121.77793299984383,37.360377999739214],[-121.77895999969071,37.361120000131422],[-121.779177000324,37.362580000237244],[-121.78138500000355,37.365557999686956],[-121.77930199999747,37.367531000248171],[-121.774925999923,37.36687800006343],[-121.77357199983798,37.365810000234703],[-121.77219000016385,37.365749000159937],[-121.77323000042954,37.366453000078209],[-121.77457399957049,37.368543999807819],[-121.77509300032759,37.370677000085209],[-121.77395900035059,37.371944999757737],[-121.77444899989705,37.374272999778213],[-121.77524499976526,37.375388000219587],[-121.77735799990855,37.376594000274949],[-121.77870100012294,37.376338999903389],[-121.78107700003197,37.377428999889247],[-121.78381199996622,37.377816999743082],[-121.78092200022131,37.378453000269069],[-121.77719700025008,37.378097999692066],[-121.77311699955331,37.376258999706167],[-121.77347399992871,37.375381000018827],[-121.77162600009923,37.37422600006466],[-121.77211800019384,37.373311000000854],[-121.77138199970176,37.372188000138813],[-121.77001500009625,37.372045000209653],[-121.76899300027225,37.370346999780459],[-121.76755600034654,37.369354000232271],[-121.76748100000346,37.36818099978106],[-121.76528900021742,37.366777999863515],[-121.76305700024845,37.364220000332352],[-121.76063600013353,37.363290000224431],[-121.75815599956908,37.363088999828712],[-121.75394600007431,37.363750999862248],[-121.75410300043313,37.365454000245443],[-121.75612600016478,37.366153000235137],[-121.76013700036626,37.370000999784182],[-121.76182299981399,37.370035000234189],[-121.76261299983442,37.372226999747667],[-121.76480799999349,37.373596000316432],[-121.76536899968507,37.374939000194523],[-121.76653100014947,37.375225000168264],[-121.7682020004269,37.377752999853932],[-121.77158099989342,37.381835999858382],[-121.77195199961417,37.382989999655372],[-121.77451900021723,37.383968999764598],[-121.77506300019034,37.384880999700378],[-121.77734899968773,37.385173000306374],[-121.77925599996671,37.3844320001188],[-121.78304899970999,37.387075999955044],[-121.78282100010436,37.388047999800492],[-121.78377000013343,37.391524999700749],[-121.78367999972174,37.392037000317934],[-121.78353599978171,37.392372000345802],[-121.78355599987319,37.392530999918179],[-121.78364100026201,37.392668999825823],[-121.78397599999776,37.393136000271319],[-121.78404499959474,37.393290000191392],[-121.78406499968622,37.393400000348478],[-121.78402399967834,37.393795000263069],[-121.78405800001353,37.395432999745815],[-121.78476699984309,37.395822999648161],[-121.78647999995334,37.398822999837428],[-121.7865550002964,37.401058999961599],[-121.78951700001136,37.401471999847764],[-121.79197499993616,37.403516000245617],[-121.79281799966004,37.403889999900677],[-121.79289100035331,37.403934000325044],[-121.79303500029334,37.4040049996579],[-121.79315199957091,37.404054999931667],[-121.79327600031779,37.40407700009861],[-121.7934269999305,37.404049000014737],[-121.79543899979147,37.400929000262536],[-121.7973059998875,37.399166000158587],[-121.79745099965245,37.397450999982212],[-121.80165199982474,37.396491000351233],[-121.80909599991936,37.396804000301067],[-121.81188100008229,37.394419000208615],[-121.81226299967372,37.393545999905342],[-121.81686899990197,37.392025999895374]]]},"properties":{"GEOID":"06085504202","STATE":"06","COUNTY":"085","TRACT":"504202","BASENAME":"5042.02","NAME":"Census Tract 5042.02"}},{"type":"Feature","geometry":{"type":"Polygon","coordinates":[[[-121.83422500006179,37.392588999920676],[-121.83305500009979,37.391086999787511],[-121.83210199987275,37.389741000206122],[-121.83224099978992,37.389681000261348],[-121.83059799999987,37.387284000124055],[-121.83038399973962,37.386967999749487],[-121.82634800032211,37.381071999699678],[-121.8267690002716,37.380965000181924],[-121.82687800005155,37.380925000062838],[-121.82702199999159,37.380863000085895],[-121.82719000022107,37.380773999902758],[-121.82741600017691,37.38062500027398],[-121.8280449996405,37.38020199978186],[-121.82609600042704,37.378349000143366],[-121.8250439995675,37.37738900002568],[-121.82356700035713,37.37680599998545],[-121.8211439996941,37.375854999798023],[-121.82125400019727,37.375660999687227],[-121.81823600040579,37.374445000332059],[-121.81636900030976,37.373709999996699],[-121.81554699960398,37.373384000099719],[-121.81447299990144,37.372922000232251],[-121.81088199982455,37.371362000237475],[-121.80968699974814,37.370753999947425],[-121.80839399976249,37.369749999953996],[-121.8077829998422,37.369186000281374],[-121.80737799978625,37.368874000190289],[-121.80685899992751,37.368588000275878],[-121.8047130001722,37.369799000026632],[-121.80462799978338,37.369845000167693],[-121.80561600017055,37.371014000261198],[-121.80860200017496,37.374120000207547],[-121.81247100008618,37.375807000236833],[-121.81247000026129,37.37633199979139],[-121.81476099978153,37.377874000323388],[-121.81659899956522,37.380563000049015],[-121.81541600008273,37.38125100001929],[-121.81680600015277,37.382801000314636],[-121.81527100031778,37.385239000285807],[-121.8141259995718,37.386672999769857],[-121.81439300043382,37.387087999651087],[-121.81501600004964,37.388525999994108],[-121.81741899972289,37.38919000027667],[-121.81686899990197,37.392025999895374],[-121.81226299967372,37.393545999905342],[-121.81188100008229,37.394419000208615],[-121.81538900031855,37.393752000194468],[-121.81842300000353,37.393896999895645],[-121.82613499988679,37.396807999680867],[-121.82552800016448,37.395134999931273],[-121.82624700003979,37.394737000323651],[-121.82744899978883,37.395112999993771],[-121.82793400021076,37.395138000246661],[-121.82853199971223,37.394861000119619],[-121.82945599962694,37.39398899985104],[-121.83020100033984,37.393682000312161],[-121.83057999955824,37.393632000254236],[-121.83155000040199,37.393758000222128],[-121.83182200038857,37.393757000336471],[-121.83217800004073,37.393696000151103],[-121.83252899967002,37.393537000195082],[-121.83422500006179,37.392588999920676]]]},"properties":{"GEOID":"06085504201","STATE":"06","COUNTY":"085","TRACT":"504201","BASENAME":"5042.01","NAME":"Census Tract 5042.01"}},{"type":"Feature","geometry":{"type":"Polygon","coordinates":[[[-121.96409699998721,37.304400000052496],[-121.96428500030818,37.301175999784519],[-121.95908200040337,37.301518999914421],[-121.95860799985213,37.301527999942579],[-121.95555999992344,37.301552000250638],[-121.95446799977923,37.301545000310462],[-121.94994799976473,37.301555000020691],[-121.95002099955965,37.305734999674357],[-121.95005400006993,37.309042000210958],[-121.94997600025214,37.309078999873378],[-121.95008099983411,37.313128000036315],[-121.95011900036727,37.31668300007545],[-121.95230199993246,37.316723000143291],[-121.95470200013095,37.316547000114156],[-121.95722399962987,37.316315999941693],[-121.96066900011691,37.316314000249477],[-121.96398800020725,37.316381999757226],[-121.96296300001018,37.311524999851557],[-121.96362499998411,37.308744999808248],[-121.96409699998721,37.304400000052496]]]},"properties":{"GEOID":"06085506302","STATE":"06","COUNTY":"085","TRACT":"506302","BASENAME":"5063.02","NAME":"Census Tract 5063.02"}},{"type":"Feature","geometry":{"type":"Polygon","coordinates":[[[-122.16237800040062,37.453883999937418],[-122.16058999994728,37.453100000194823],[-122.15929000028892,37.452309999749829],[-122.15678999963301,37.450709999880367],[-122.15553000015763,37.449919999866687],[-122.1542899998754,37.449140000090324],[-122.15302000035427,37.448370000151286],[-122.15054999983558,37.44677999978812],[-122.14932999964485,37.446020000246229],[-122.14321000039635,37.442149999894077],[-122.13974999984067,37.443140000278298],[-122.13972999974921,37.448740000286854],[-122.13972999974921,37.448810000068121],[-122.13968000041881,37.449599999680551],[-122.13775999972101,37.452599999654815],[-122.13670799975978,37.454337000348616],[-122.13877400004739,37.454801999702269],[-122.14190700036494,37.457830999663862],[-122.14303399977092,37.458113000211803],[-122.144932999654,37.458200000325498],[-122.14676100029027,37.456585000272305],[-122.14873799999116,37.457090999789635],[-122.15351300027379,37.456677000244717],[-122.15592799964257,37.455418000232577],[-122.15570800043284,37.454175999742226],[-122.15768599995864,37.453494999784269],[-122.1595189997195,37.454721000050377],[-122.16237800040062,37.453883999937418]]]},"properties":{"GEOID":"06085511200","STATE":"06","COUNTY":"085","TRACT":"511200","BASENAME":"5112","NAME":"Census Tract 5112"}},{"type":"Feature","geometry":{"type":"Polygon","coordinates":[[[-121.84585100006214,37.328533999824202],[-121.8481159996431,37.327047000286605],[-121.84574700030505,37.324602999820378],[-121.84492200012455,37.323801000221344],[-121.84223099967291,37.321031999936366],[-121.84187599984567,37.320665000320346],[-121.83957899957935,37.31831199989081],[-121.83650899990933,37.315172000123283],[-121.83176299993903,37.318456999661372],[-121.83414100039622,37.320915999973096],[-121.83628299995353,37.323114000128044],[-121.83676099980443,37.323582000049988],[-121.84018299982694,37.32724900009346],[-121.8417729999135,37.328955000069989],[-121.84202800018163,37.328796000033812],[-121.84326900028874,37.32797099979436],[-121.84349199987152,37.329578000073852],[-121.84585100006214,37.328533999824202]]]},"properties":{"GEOID":"06085503111","STATE":"06","COUNTY":"085","TRACT":"503111","BASENAME":"5031.11","NAME":"Census Tract 5031.11"}},{"type":"Feature","geometry":{"type":"Polygon","coordinates":[[[-121.8802889998471,37.322706000126004],[-121.87860699969897,37.321014999688096],[-121.87762199968491,37.320025999680801],[-121.87668500024968,37.319071000191336],[-121.87402200028549,37.316377000173745],[-121.87382499974369,37.316469000172454],[-121.87138799973525,37.317624000157757],[-121.87062299982918,37.317976999942495],[-121.86870200020481,37.31839800003975],[-121.86217000032933,37.321509999879019],[-121.86188400009908,37.321680000354256],[-121.86528100000722,37.325214999973554],[-121.86562599978872,37.325768999955343],[-121.86579099964516,37.32569100029778],[-121.86609899961672,37.326666999906635],[-121.86788899971985,37.32857199993304],[-121.87409900027836,37.325643000083645],[-121.8802889998471,37.322706000126004]]]},"properties":{"GEOID":"06085503112","STATE":"06","COUNTY":"085","TRACT":"503112","BASENAME":"5031.12","NAME":"Census Tract 5031.12"}},{"type":"Feature","geometry":{"type":"Polygon","coordinates":[[[-122.10263200037305,37.393123000221856],[-122.1058250000667,37.388620999980112],[-122.09600199968999,37.388636999958408],[-122.09601000008591,37.388189999949212],[-122.09601000008591,37.386450000302119],[-122.09598300032172,37.384675000016308],[-122.09043999975995,37.384050000318133],[-122.08980799992329,37.38389900002651],[-122.09010500002422,37.38262100009171],[-122.08887399996284,37.381344999892413],[-122.09051900030101,37.381353000301445],[-122.09597999994867,37.381390000040561],[-122.09599099981934,37.37965800022161],[-122.09318999976284,37.37964800019801],[-122.09319999980858,37.376770000238494],[-122.09597499992577,37.376800000028794],[-122.09593999976572,37.373720000098139],[-122.09593999976572,37.373679999684299],[-122.0952500002027,37.373349999739766],[-122.08702000028562,37.373550000333779],[-122.08693200042207,37.376746999796204],[-122.08694999996541,37.3772000001319],[-122.08694999996541,37.37915999971014],[-122.08698000010264,37.380930000346552],[-122.08496999989147,37.384059999754719],[-122.0839699998088,37.385699999949473],[-122.08830999989821,37.387840000323521],[-122.0913300002378,37.389339999960463],[-122.0945170000837,37.391071000332104],[-122.09645299977667,37.392986000332307],[-122.09730999974427,37.393609999875629],[-122.10111599990634,37.395306999738892],[-122.10263200037305,37.393123000221856]]]},"properties":{"GEOID":"06085509801","STATE":"06","COUNTY":"085","TRACT":"509801","BASENAME":"5098.01","NAME":"Census Tract 5098.01"}},{"type":"Feature","geometry":{"type":"Polygon","coordinates":[[[-121.66281000019053,37.060710000268656],[-121.66286999956667,37.059449999791667],[-121.66045000017499,37.054239999837719],[-121.65392999999507,37.047900000243061],[-121.653269999671,37.045420000220929],[-121.64990000042535,37.046190000216228],[-121.64119000010922,37.045824000101099],[-121.6398300001764,37.045269999852891],[-121.63188999978922,37.044440000011306],[-121.63137000010553,37.043410000348572],[-121.63109999976879,37.043269999844576],[-121.62071999989847,37.040229999905321],[-121.61865000031115,37.040820000141501],[-121.61644000008347,37.041050000061027],[-121.61546000009227,37.042739999797625],[-121.61494999955602,37.042840000062633],[-121.60485000006815,37.039840000063869],[-121.59763000027949,37.037720000210385],[-121.59739000008,37.036050000132228],[-121.59740000012572,37.035510000042215],[-121.58925399987422,37.037208000165947],[-121.58752200039572,37.037579999969743],[-121.58454999973669,37.038229999774742],[-121.58618900022708,37.041427000289403],[-121.58608999959458,37.041479999943164],[-121.58604600011196,37.041492000238463],[-121.58591399986747,37.041527999678863],[-121.58587000038487,37.041539999966581],[-121.57809999987698,37.043615000159761],[-121.57736099991017,37.043817000152714],[-121.57529999964541,37.044339999702885],[-121.57531999973689,37.043839999769958],[-121.57629999972812,37.042470000001543],[-121.57634999995683,37.041689999817542],[-121.57428000036953,37.037370000200411],[-121.57167000010875,37.032580000296782],[-121.57082999985964,37.032610000245313],[-121.56804100039702,37.033713000356421],[-121.55811000006524,37.037440000188056],[-121.56138999979753,37.04302000035112],[-121.56041999985207,37.043519999948813],[-121.56228000027539,37.0478899998853],[-121.55893900044373,37.048776000086285],[-121.54795000030295,37.052639999989289],[-121.55611999994559,37.067550000206715],[-121.55293999977242,37.069130000171178],[-121.55362000018796,37.070929999652805],[-121.55287000035054,37.072390000297936],[-121.55088000023088,37.073739999996747],[-121.54746999990391,37.073899999790918],[-121.55548999975873,37.083429999764547],[-121.55582000036992,37.08339999983717],[-121.56338999996296,37.080739999929946],[-121.57726999967359,37.075840000175965],[-121.5900199996052,37.071329999708958],[-121.60015799962621,37.06772199989036],[-121.60422999992703,37.074439999829082],[-121.61669000032872,37.069819999932768],[-121.61687000025378,37.070150000248617],[-121.62271000001813,37.080320000012527],[-121.61351000015554,37.083760000332056],[-121.61061000036489,37.078779999758964],[-121.60751999970505,37.079929999797514],[-121.61040000030258,37.084930000344741],[-121.60942000031135,37.085280000293857],[-121.60744000023745,37.08196000011052],[-121.60518999982678,37.082759999991346],[-121.61160100022674,37.094409000227948],[-121.61418300000012,37.09558800019105],[-121.6161809996174,37.095664999923031],[-121.61675499972773,37.095637000355239],[-121.61645400032718,37.095273000016789],[-121.61480999981393,37.092589999869332],[-121.62765000015717,37.087600000269582],[-121.6294100001231,37.088470000315255],[-121.63039299958903,37.08870900018956],[-121.63382999968019,37.088410000138559],[-121.63509000005388,37.088480000340141],[-121.63756999972001,37.089360000225241],[-121.63940099983101,37.091255999922865],[-121.64015400004151,37.091290000185225],[-121.64394000011211,37.091076000134528],[-121.64432199970352,37.090866999692601],[-121.64463899989592,37.0905859998186],[-121.64488699959301,37.090482000236037],[-121.64507900011198,37.090371999929665],[-121.64540399980197,37.090131000322415],[-121.64867400038682,37.087884999790639],[-121.65154200039048,37.084831000061811],[-121.65339199986974,37.084996999673869],[-121.65325999962528,37.08324000002392],[-121.65586999988602,37.078659999784342],[-121.66056999982558,37.066979999875706],[-121.66258000003675,37.062050000059777],[-121.66281000019053,37.060710000268656]]]},"properties":{"GEOID":"06085512401","STATE":"06","COUNTY":"085","TRACT":"512401","BASENAME":"5124.01","NAME":"Census Tract 5124.01"}},{"type":"Feature","geometry":{"type":"Polygon","coordinates":[[[-121.87482400000147,37.2426040000366],[-121.87492600010872,37.242606000257858],[-121.87476200007717,37.241267000096052],[-121.87312199976186,37.236300000139522],[-121.87180899968475,37.233377000320701],[-121.87037000010919,37.229293999936104],[-121.86938900029307,37.22927399991103],[-121.86694499971365,37.228968000010397],[-121.86191199968816,37.228128000056913],[-121.85919400037066,37.226757999940176],[-121.85979000022232,37.223430000261544],[-121.85813800021145,37.223483999923879],[-121.84536300016551,37.22001300002875],[-121.84499300026965,37.219798999902196],[-121.84208699973287,37.2163899998042],[-121.83789800015445,37.214364999800203],[-121.83470899976049,37.212091000311339],[-121.83317700029853,37.212238999893579],[-121.83115000036894,37.212671000107477],[-121.82559699976143,37.208622000294447],[-121.82412700022377,37.206848999714417],[-121.82681299975422,37.205156999918181],[-121.82864700023828,37.201601999834807],[-121.82892599989754,37.201435999771022],[-121.82563399957135,37.199357999748692],[-121.82483500022843,37.198297000135327],[-121.82491999971893,37.196616000089023],[-121.8230729997144,37.194291000274575],[-121.82456099969372,37.192718999929227],[-121.81864800013444,37.188634999645522],[-121.81616799957,37.183475999838492],[-121.81619500023251,37.180502999913116],[-121.81705300002498,37.179678000253482],[-121.82067599988893,37.178261000213247],[-121.82439900021032,37.174501000269672],[-121.82523199988846,37.170846000305126],[-121.82852000001667,37.168548000039522],[-121.82946300019798,37.165184000260723],[-121.83078600032086,37.163500000245598],[-121.8340629996801,37.163748000292856],[-121.83701799972236,37.162601999704059],[-121.83136299990593,37.162444999994882],[-121.83113500030031,37.162013000160812],[-121.83025599969311,37.161149999645588],[-121.82906800018776,37.158244000024027],[-121.82667200018722,37.156611999935429],[-121.82104900015784,37.150106999883306],[-121.82288199991868,37.147051999777922],[-121.82352700017415,37.146569000042668],[-121.82333499965522,37.145602000304692],[-121.82076700012556,37.143976000085736],[-121.8237709996733,37.138550000065685],[-121.81720500036094,37.142666999852288],[-121.81681600019853,37.143991000229029],[-121.81557699974122,37.146450000350299],[-121.81577099990997,37.148874000268904],[-121.81449700019088,37.1502019997221],[-121.81476599980438,37.151767000351668],[-121.81341400026749,37.152338000350547],[-121.81284900037798,37.153932999656838],[-121.81123500000193,37.152877000265462],[-121.80961800015119,37.153138000112094],[-121.80792099993448,37.152672000179408],[-121.80499900040247,37.153080000064925],[-121.8028660001677,37.154458999855365],[-121.8019530001236,37.156389000301381],[-121.79934700006081,37.155431999899861],[-121.7997499995686,37.156409999774873],[-121.79872500026987,37.157052999956029],[-121.80091500040605,37.160216000197892],[-121.80199900015434,37.16428200009728],[-121.8030079995596,37.165005000178851],[-121.80264699988457,37.166432000183278],[-121.7997770002311,37.168191999685405],[-121.79862700036057,37.171047999826641],[-121.79664300008869,37.172134000075083],[-121.79625099955321,37.172357999754631],[-121.79538600008802,37.172088999921932],[-121.79482299984832,37.171869000060084],[-121.79111499959555,37.172604000152269],[-121.78777899978678,37.172158000098065],[-121.78740800006601,37.172652999856481],[-121.78724999988226,37.172712999845416],[-121.78658299988551,37.173257000291052],[-121.78639799993755,37.173553999651148],[-121.78593799963004,37.17394899989781],[-121.78553299957406,37.174064000188601],[-121.78548400006858,37.17434500016887],[-121.7851690004243,37.174680000048248],[-121.78477699988882,37.174812000285002],[-121.78469499987308,37.175180000117912],[-121.78496900040776,37.175218000348664],[-121.78525700028786,37.175608000143008],[-121.7851200000205,37.176382999843028],[-121.78544899990848,37.177158000181961],[-121.78531199964112,37.177591999848005],[-121.78566200034381,37.178025999883765],[-121.78575100003226,37.178322999821944],[-121.78533900030362,37.178838999670809],[-121.78494699976815,37.178998000153953],[-121.78182299967148,37.178580000301004],[-121.77981800038151,37.179161999693925],[-121.78244700001052,37.179535999765776],[-121.78266600029364,37.181206000223575],[-121.78430099968776,37.180772999705681],[-121.78204100012968,37.182656000319298],[-121.77837999973256,37.183326000033141],[-121.77621800008374,37.18252800024046],[-121.77673199991968,37.183891000348027],[-121.77449400010286,37.182977999938693],[-121.77309300016218,37.183246999648517],[-121.77298400038222,37.181901000265547],[-121.77340299978357,37.181752999883209],[-121.77376699983165,37.181407000111349],[-121.77325899984353,37.181346000020376],[-121.77278500019061,37.181120999939189],[-121.7722629999588,37.181136999722163],[-121.77162500027434,37.18036800001282],[-121.77082900040612,37.180212999723736],[-121.7708980000031,37.179679999996338],[-121.7703420003344,37.179564999665324],[-121.77008399969323,37.179818999888923],[-121.76815800004597,37.179092000309176],[-121.76781900011227,37.178731000110609],[-121.76741700042938,37.178196000164782],[-121.76696799999247,37.178354999854093],[-121.76686000003744,37.179277999799524],[-121.76615700005564,37.179648999681632],[-121.76592600007697,37.179646000066072],[-121.76491799959837,37.178381999714055],[-121.76447900010552,37.178057000148762],[-121.76404599956217,37.177534999854359],[-121.76384700026885,37.177506999791483],[-121.76543800018035,37.180331999950944],[-121.76162699999543,37.180840999967799],[-121.7611819997565,37.181659000176467],[-121.75930600033796,37.185205000072571],[-121.76182199998907,37.188032000262758],[-121.76345800010643,37.188508000150847],[-121.76296400036202,37.190830999690832],[-121.76456100012129,37.190187000204261],[-121.76712500035133,37.192067000280176],[-121.76866100001122,37.19214500031957],[-121.76966299974374,37.191876000100422],[-121.77447300018649,37.193175000034508],[-121.77533199980387,37.194084999777608],[-121.77923800042336,37.1956959999115],[-121.77966900041858,37.19642800034817],[-121.77699499968539,37.197511999957449],[-121.77706199963255,37.198650000008428],[-121.77820900002834,37.201086000241943],[-121.77857399990131,37.202815000095036],[-121.77976099958177,37.205144000249895],[-121.77956099956523,37.20724399969037],[-121.77822499992187,37.208188000089883],[-121.77566200041508,37.212242999800928],[-121.77276199972607,37.213141999886972],[-121.7709339999881,37.216330000177464],[-121.7708620000181,37.217376999727733],[-121.77133400002118,37.218341000042905],[-121.77129499966313,37.220166000061241],[-121.77133999986897,37.221113999893973],[-121.77444200022433,37.222701999979641],[-121.77898700035321,37.22458499990887],[-121.78258799957756,37.220769000281223],[-121.78270300010357,37.220626999816325],[-121.78291399999077,37.220364999858866],[-121.78222699990251,37.218612999874416],[-121.78242400044431,37.218171000007821],[-121.78324000040402,37.219649000013156],[-121.78631799957162,37.220880999965665],[-121.78625499982243,37.221598000309072],[-121.78677799987918,37.22179799993431],[-121.78890199989313,37.222766000325443],[-121.79186100013337,37.224915000135773],[-121.79167500036053,37.225941999784631],[-121.79416900027033,37.226151999763808],[-121.80108799976011,37.225718000259086],[-121.80366200003589,37.224639000174861],[-121.80545100031409,37.224098000068416],[-121.80644999967356,37.225185999881681],[-121.80829800040135,37.225071000195513],[-121.80897500044385,37.226752000160616],[-121.81332499968075,37.226642999790101],[-121.81724600036883,37.228013999796843],[-121.81784600041847,37.22765400029099],[-121.82126800044095,37.229493999895027],[-121.82158899993303,37.228162000327004],[-121.82607100031269,37.228671999677587],[-121.82793800040871,37.227732999982024],[-121.82734099983382,37.225867000263435],[-121.82972000011591,37.226234000223656],[-121.83534599962,37.226734000103747],[-121.83516599969496,37.228191000145571],[-121.83871400011415,37.229559000125107],[-121.84124200035914,37.230554000119312],[-121.84102399990097,37.231207999675931],[-121.84285300036215,37.231587000327885],[-121.84475399989503,37.232339000157559],[-121.84485600000231,37.232380999784205],[-121.8487209997156,37.23379599989542],[-121.85057000026825,37.235589999751845],[-121.85112799958677,37.237301000227376],[-121.85288900027589,37.23692099986372],[-121.85387199974186,37.237160999789303],[-121.85978699984926,37.238528000272076],[-121.86272299962498,37.240048999810639],[-121.86239700011006,37.241656000041708],[-121.8634640001399,37.241686000156356],[-121.86737800025701,37.242606000257858],[-121.87081399962491,37.243308000259184],[-121.87482400000147,37.2426040000366]]]},"properties":{"GEOID":"06085511911","STATE":"06","COUNTY":"085","TRACT":"511911","BASENAME":"5119.11","NAME":"Census Tract 5119.11"}},{"type":"Feature","geometry":{"type":"Polygon","coordinates":[[[-121.96883799993464,37.238214999915996],[-121.97067099969546,37.234545000284001],[-121.96808999974701,37.23542999988954],[-121.96427000023957,37.233240000094547],[-121.96312000036903,37.235690000029685],[-121.95725700014016,37.234857000288144],[-121.95273799995057,37.234850999722568],[-121.95115000041211,37.234849999866682],[-121.94902800004796,37.235480999998742],[-121.94828800025624,37.235732999779401],[-121.9478699997815,37.235869999766479],[-121.94639400039605,37.236313000160827],[-121.94561000022341,37.236500000109324],[-121.94428200007764,37.236492000006265],[-121.94461000014071,37.237880000171927],[-121.9461650000672,37.243564000009933],[-121.94623000036454,37.24358800021016],[-121.94689999983603,37.243720000102094],[-121.94914000020097,37.243350000210917],[-121.95003399997844,37.246504999896906],[-121.95094399964947,37.249808999666165],[-121.95192299981578,37.252978999883581],[-121.95247000016197,37.253210000071718],[-121.95196800002162,37.253841999833007],[-121.95150000021648,37.254410000127116],[-121.95130000019994,37.254660000354512],[-121.95246299959095,37.254890000088459],[-121.95461000006944,37.255429999874927],[-121.95567999957402,37.255799999797802],[-121.95670999979396,37.254385999798501],[-121.95792199958879,37.25218199971534],[-121.95936799973533,37.249518000097851],[-121.96061399986533,37.247015999997458],[-121.96163200038968,37.24563899972248],[-121.96697400021168,37.240725999861816],[-121.96883799993464,37.238214999915996]]]},"properties":{"GEOID":"06085506801","STATE":"06","COUNTY":"085","TRACT":"506801","BASENAME":"5068.01","NAME":"Census Tract 5068.01"}},{"type":"Feature","geometry":{"type":"Polygon","coordinates":[[[-122.08347199986642,37.261942999788303],[-122.08377200034039,37.258642999792102],[-122.08197200019151,37.2583429998379],[-122.0775719998276,37.260342999842443],[-122.07527200008653,37.261043000024124],[-122.07216499970831,37.258904000181737],[-122.06938100026858,37.258651999943858],[-122.06726399992729,37.256915000063863],[-122.06593699960642,37.255152000198187],[-122.06485100020832,37.252608000070929],[-122.06397800034721,37.252008999865176],[-122.06014000039811,37.252479999935233],[-122.05927000001174,37.252089999745301],[-122.05822999974608,37.252419999707399],[-122.05288299990121,37.251220999771014],[-122.05095200023109,37.252070000047837],[-122.05030199995277,37.252037999805751],[-122.04535099994304,37.252248999653936],[-122.04273800020752,37.253101000058784],[-122.0390759999855,37.254951000083494],[-122.03821099962201,37.256295000205547],[-122.0336970003536,37.259196999741548],[-122.03198699971811,37.260127000037734],[-122.03199000009117,37.264779999945944],[-122.03208999965025,37.271660000235855],[-122.0323099997583,37.279389999853763],[-122.03244000035296,37.281779999822277],[-122.03242000026145,37.283420000186894],[-122.03241299969046,37.283785000215225],[-122.03247999963762,37.288359999899605],[-122.03717000042973,37.290800000154327],[-122.04002800038765,37.293778000222432],[-122.04072999964617,37.293799999853846],[-122.043820000306,37.293739999674429],[-122.04492999999356,37.291239999687342],[-122.04742999975119,37.289220000079702],[-122.04817999958861,37.287549999907561],[-122.04819999968008,37.286250000240408],[-122.04888000009566,37.285300000080227],[-122.0547120003624,37.286392000001406],[-122.05492400007449,37.286418999794776],[-122.05798200004895,37.286478000209527],[-122.06403500024864,37.28607700002857],[-122.06575000000868,37.286310999848439],[-122.06597199976653,37.286341999934905],[-122.06647200025705,37.289342000148466],[-122.06856899960852,37.289158000121269],[-122.0781009997321,37.286130999831677],[-122.07734300039705,37.284447000227843],[-122.07528100030737,37.283823000073312],[-122.07435200036979,37.281084999928012],[-122.07327000027131,37.281199999916581],[-122.07179800018548,37.277462000049631],[-122.07031000020615,37.277670000147907],[-122.06855699991294,37.275112000256073],[-122.06784600043355,37.275141999915753],[-122.0678620003271,37.271972000267482],[-122.06791000000766,37.265862000007573],[-122.0679130003807,37.2654010001893],[-122.07911800043158,37.265445999759265],[-122.08197200019151,37.263543000061091],[-122.08347199986642,37.261942999788303]]]},"properties":{"GEOID":"06085507600","STATE":"06","COUNTY":"085","TRACT":"507600","BASENAME":"5076","NAME":"Census Tract 5076"}},{"type":"Feature","geometry":{"type":"Polygon","coordinates":[[[-121.8752130001639,37.250819000196167],[-121.87531500027113,37.250817000192889],[-121.87476700010004,37.24614200018064],[-121.87472500026728,37.245553999772639],[-121.87466900019076,37.24471299967874],[-121.87492600010872,37.242606000257858],[-121.87482400000147,37.2426040000366],[-121.87081399962491,37.243308000259184],[-121.86737800025701,37.242606000257858],[-121.8634640001399,37.241686000156356],[-121.86239700011006,37.241656000041708],[-121.8602670002483,37.242261000284302],[-121.85794099966965,37.240472000046154],[-121.85589100017383,37.246193999898587],[-121.85556099956264,37.247120000336572],[-121.85442599976074,37.250314999844178],[-121.85887600035336,37.25035799983123],[-121.86654999970344,37.250410000215197],[-121.87450699980907,37.250839000225703],[-121.8752130001639,37.250819000196167]]]},"properties":{"GEOID":"06085512052","STATE":"06","COUNTY":"085","TRACT":"512052","BASENAME":"5120.52","NAME":"Census Tract 5120.52"}},{"type":"Feature","geometry":{"type":"Polygon","coordinates":[[[-121.85704400041743,37.381369999740123],[-121.85834499990068,37.380359000052273],[-121.85475700019684,37.376782000156034],[-121.85191500013245,37.378752000094778],[-121.84734300023941,37.380422999859071],[-121.84514800008036,37.381863000344772],[-121.84225300031251,37.383828000205035],[-121.84381699956153,37.386390999848629],[-121.84210500017453,37.389238999782869],[-121.84233299978017,37.390448000280806],[-121.84386799961516,37.389779000027389],[-121.84846299997272,37.388637999912348],[-121.84974599991264,37.388438000297846],[-121.85006899995284,37.388261999881671],[-121.85301399994938,37.385517000275129],[-121.85663199979045,37.383045999844398],[-121.85578599969352,37.382241999748423],[-121.85704400041743,37.381369999740123]]]},"properties":{"GEOID":"06085503803","STATE":"06","COUNTY":"085","TRACT":"503803","BASENAME":"5038.03","NAME":"Census Tract 5038.03"}},{"type":"Feature","geometry":{"type":"Polygon","coordinates":[[[-121.94694300039204,37.272136000049755],[-121.94723999959464,37.270760000076628],[-121.9461580003945,37.269971000158868],[-121.94623000036454,37.272273000335019],[-121.94509999968717,37.272499999684989],[-121.94512999982439,37.27513999984351],[-121.93864999982743,37.278839999730081],[-121.93604999961241,37.279039999720183],[-121.93570599965582,37.279217000311775],[-121.93518599997213,37.27789199966675],[-121.93316499989035,37.279820999867233],[-121.93164199975089,37.280181000350076],[-121.93165699981954,37.282009999643989],[-121.93167899956082,37.282400000003832],[-121.93173999966019,37.283489999986806],[-121.93174999970593,37.286859999813224],[-121.93174999970593,37.286970000158973],[-121.93176999979741,37.290048999745125],[-121.93168600013185,37.294396999675563],[-121.93582000035694,37.294359999935644],[-121.93758699999555,37.294359999935644],[-121.93832000011457,37.294389000003783],[-121.93751000000267,37.292839999816067],[-121.93626399987265,37.289570000039596],[-121.93676099999011,37.287010000309849],[-121.93752599989617,37.285708000098637],[-121.9430810001535,37.281164000075798],[-121.94480799960913,37.279276999921152],[-121.94543699997107,37.278106999983798],[-121.94675000004821,37.272949999645014],[-121.94690999988177,37.272323999814013],[-121.94694300039204,37.272136000049755]]]},"properties":{"GEOID":"06085502604","STATE":"06","COUNTY":"085","TRACT":"502604","BASENAME":"5026.04","NAME":"Census Tract 5026.04"}},{"type":"Feature","geometry":{"type":"Polygon","coordinates":[[[-121.89703800028461,37.350590999833081],[-121.89384499969265,37.346307000031146],[-121.89700599959924,37.344802999650867],[-121.89495299973038,37.34204599970321],[-121.89290800025745,37.343140000184157],[-121.89234500001771,37.344295999977632],[-121.89006899966782,37.345169999912528],[-121.88587599989145,37.347191000191806],[-121.89066100021984,37.353616999661241],[-121.89291400010524,37.35255000005526],[-121.89703800028461,37.350590999833081]]]},"properties":{"GEOID":"06085501101","STATE":"06","COUNTY":"085","TRACT":"501101","BASENAME":"5011.01","NAME":"Census Tract 5011.01"}},{"type":"Feature","geometry":{"type":"Polygon","coordinates":[[[-121.87382499974369,37.316469000172454],[-121.87402200028549,37.316377000173745],[-121.87066700021013,37.312961000252237],[-121.86856300028762,37.310811999679146],[-121.86128700042248,37.303522000195727],[-121.85838799955843,37.300657000163646],[-121.85767100023122,37.301117999868332],[-121.8542409998128,37.303426999663344],[-121.85277700012291,37.304511999767406],[-121.8502680001445,37.306170999811705],[-121.84765399968575,37.307958999649486],[-121.84398300014119,37.310359999784524],[-121.84086300024249,37.312371000251886],[-121.84020499956823,37.312786999774474],[-121.84330400044888,37.315906999976576],[-121.84532399980745,37.317909999916509],[-121.84939399956014,37.322038999711879],[-121.85180399980436,37.320616000321671],[-121.85442599976074,37.317331000125705],[-121.85490100013688,37.317320000180274],[-121.85656400001839,37.316212999648343],[-121.86188400009908,37.321680000354256],[-121.86217000032933,37.321509999879019],[-121.86870200020481,37.31839800003975],[-121.87062299982918,37.317976999942495],[-121.87138799973525,37.317624000157757],[-121.87382499974369,37.316469000172454]]]},"properties":{"GEOID":"06085503122","STATE":"06","COUNTY":"085","TRACT":"503122","BASENAME":"5031.22","NAME":"Census Tract 5031.22"}},{"type":"Feature","geometry":{"type":"Polygon","coordinates":[[[-121.88323200019379,37.310155999738789],[-121.88315299965276,37.310053000293451],[-121.87861199972187,37.30434199976461],[-121.87670000031834,37.30187399965358],[-121.87472899956691,37.299142999820177],[-121.87286400001904,37.294714999876796],[-121.87207399999861,37.295706999849202],[-121.87114400023609,37.296703000030767],[-121.87026800000196,37.297485999997804],[-121.86128700042248,37.303522000195727],[-121.86856300028762,37.310811999679146],[-121.87066700021013,37.312961000252237],[-121.87402200028549,37.316377000173745],[-121.87802500009104,37.313555000154679],[-121.87816300018329,37.313457999669765],[-121.88162399966556,37.311024999694411],[-121.88323200019379,37.310155999738789]]]},"properties":{"GEOID":"06085503121","STATE":"06","COUNTY":"085","TRACT":"503121","BASENAME":"5031.21","NAME":"Census Tract 5031.21"}},{"type":"Feature","geometry":{"type":"Polygon","coordinates":[[[-121.9136029997008,37.30224199993711],[-121.91361000027179,37.300931000265173],[-121.91357000008882,37.298112999658272],[-121.91354699962429,37.295447000314603],[-121.91354599979937,37.294872000282695],[-121.91353599975363,37.294440999999303],[-121.90992899978319,37.294418999840651],[-121.90935600039606,37.294232000019029],[-121.9086700001327,37.293808000302967],[-121.9050869995534,37.294479000193199],[-121.90567499990748,37.301032999651646],[-121.90219199978561,37.301343000020267],[-121.89731199992097,37.30361600023582],[-121.89894499966528,37.305466999869317],[-121.9010779999001,37.308468000102636],[-121.90384799999443,37.307203000302444],[-121.90476100003849,37.306786999892132],[-121.91045299966483,37.304209000007212],[-121.91098099974444,37.303973000100456],[-121.91360199987588,37.303882999838009],[-121.9136029997008,37.30224199993711]]]},"properties":{"GEOID":"06085502301","STATE":"06","COUNTY":"085","TRACT":"502301","BASENAME":"5023.01","NAME":"Census Tract 5023.01"}},{"type":"Feature","geometry":{"type":"Polygon","coordinates":[[[-121.84574700030505,37.324602999820378],[-121.84939399956014,37.322038999711879],[-121.84532399980745,37.317909999916509],[-121.84330400044888,37.315906999976576],[-121.84020499956823,37.312786999774474],[-121.83650899990933,37.315172000123283],[-121.83957899957935,37.31831199989081],[-121.84187599984567,37.320665000320346],[-121.84223099967291,37.321031999936366],[-121.84492200012455,37.323801000221344],[-121.84574700030505,37.324602999820378]]]},"properties":{"GEOID":"06085503118","STATE":"06","COUNTY":"085","TRACT":"503118","BASENAME":"5031.18","NAME":"Census Tract 5031.18"}},{"type":"Feature","geometry":{"type":"Polygon","coordinates":[[[-121.95094399964947,37.249808999666165],[-121.95003399997844,37.246504999896906],[-121.94914000020097,37.243350000210917],[-121.94689999983603,37.243720000102094],[-121.94623000036454,37.24358800021016],[-121.9461650000672,37.243564000009933],[-121.94543000029836,37.243372000278406],[-121.94106699974438,37.243339999918049],[-121.94033199997553,37.243395000082089],[-121.93755100001054,37.243403999910043],[-121.93638299969835,37.243401999710017],[-121.93380699977277,37.243417000136454],[-121.93331399985325,37.243419000336132],[-121.9332100000962,37.24016999968083],[-121.93113999961058,37.24022999965085],[-121.93124099989292,37.243419000336132],[-121.92762399987674,37.243450999947811],[-121.92567300011513,37.243465999649416],[-121.92516099992906,37.243473999727392],[-121.92265399960043,37.243487999683047],[-121.92267600024006,37.247086999728815],[-121.92221400028271,37.250601000244849],[-121.92675199984055,37.250621000332252],[-121.92857999957852,37.250688999874697],[-121.93113999961058,37.251031999880539],[-121.93127900042606,37.251051999853537],[-121.93131500041106,37.250544000324126],[-121.93224400034867,37.250664999790843],[-121.94050000020505,37.250621000332252],[-121.94311799996342,37.250613999944719],[-121.94337499988136,37.250658999768646],[-121.9435690000501,37.250733999653839],[-121.94410999965021,37.251043000223838],[-121.94449200013995,37.251099000126722],[-121.94821399973809,37.251095000135045],[-121.94862100034219,37.250422000298691],[-121.95094399964947,37.249808999666165]]]},"properties":{"GEOID":"06085506802","STATE":"06","COUNTY":"085","TRACT":"506802","BASENAME":"5068.02","NAME":"Census Tract 5068.02"}},{"type":"Feature","geometry":{"type":"Polygon","coordinates":[[[-121.90262500032897,37.321360000317028],[-121.90325899981546,37.319777999670727],[-121.90243700000798,37.318863999700447],[-121.90223299979347,37.31870400028675],[-121.89777999972611,37.322459999915843],[-121.89518600025718,37.323147999671008],[-121.89232400010135,37.323740000299679],[-121.89217000011554,37.323753000228614],[-121.8920479999168,37.323770999961575],[-121.89043199989095,37.324074000177319],[-121.89083600012201,37.327119999667666],[-121.89266499968487,37.328750999773789],[-121.88832600031866,37.33079700001695],[-121.88598399984649,37.330022999975071],[-121.88812399975396,37.332891000154994],[-121.89056599978525,37.336167999897739],[-121.89382799997419,37.340547999681775],[-121.89824000003367,37.338462000139018],[-121.89921099980405,37.339887999759497],[-121.90221799972485,37.338353999938334],[-121.89899300024418,37.333863999895009],[-121.89950500043024,37.329468999928935],[-121.89923000007065,37.328314999874912],[-121.90019400016831,37.326610999785949],[-121.90088299990639,37.325601000317569],[-121.90117900018241,37.325287999705779],[-121.90142600005464,37.324941999876685],[-121.90190100043078,37.324387000130997],[-121.90203000030222,37.324135999927066],[-121.90247999966569,37.323480999928776],[-121.90262500032897,37.321360000317028]]]},"properties":{"GEOID":"06085500800","STATE":"06","COUNTY":"085","TRACT":"500800","BASENAME":"5008","NAME":"Census Tract 5008"}},{"type":"Feature","geometry":{"type":"Polygon","coordinates":[[[-121.91385600031907,37.310788000183024],[-121.91365700012746,37.310090000172863],[-121.91362899964004,37.307859000285454],[-121.91362899964004,37.30715900029918],[-121.91362799981513,37.307067000339082],[-121.91360199987588,37.303882999838009],[-121.91098099974444,37.303973000100456],[-121.91045299966483,37.304209000007212],[-121.90476100003849,37.306786999892132],[-121.90384799999443,37.307203000302444],[-121.9010779999001,37.308468000102636],[-121.90165100018552,37.309265999935825],[-121.90362500041167,37.31199500029669],[-121.90392300033751,37.312416000318194],[-121.90414400027042,37.312624000242707],[-121.90692000021257,37.311061999809958],[-121.91293800025214,37.310998999718187],[-121.91385600031907,37.310788000183024]]]},"properties":{"GEOID":"06085502302","STATE":"06","COUNTY":"085","TRACT":"502302","BASENAME":"5023.02","NAME":"Census Tract 5023.02"}},{"type":"Feature","geometry":{"type":"Polygon","coordinates":[[[-121.88774600036051,37.35500499968736],[-121.89066100021984,37.353616999661241],[-121.88587599989145,37.347191000191806],[-121.88295699983419,37.348575999736447],[-121.88108899991326,37.349463000319467],[-121.87829100022982,37.350792000138107],[-121.87549000017333,37.352123000162742],[-121.87417700009618,37.352766000171179],[-121.8736230000773,37.358425000311385],[-121.87380399982726,37.35970400014719],[-121.87590100007706,37.360611000036684],[-121.87744900033087,37.361080000139538],[-121.87949200015396,37.358928999915769],[-121.8840129999934,37.356774000076818],[-121.88774600036051,37.35500499968736]]]},"properties":{"GEOID":"06085501102","STATE":"06","COUNTY":"085","TRACT":"501102","BASENAME":"5011.02","NAME":"Census Tract 5011.02"}},{"type":"Feature","geometry":{"type":"Polygon","coordinates":[[[-121.95534400001338,37.256263999899893],[-121.95567999957402,37.255799999797802],[-121.95461000006944,37.255429999874927],[-121.95246299959095,37.254890000088459],[-121.95130000019994,37.254660000354512],[-121.95005400006993,37.256119000353785],[-121.94860999957322,37.257860000346916],[-121.94399800039551,37.256372000056054],[-121.9430190002292,37.258199999810991],[-121.94045300034935,37.258215000151537],[-121.94048400031149,37.260222999709647],[-121.93760799991193,37.260237999647316],[-121.93551200038539,37.260249000076406],[-121.93531900004153,37.262209999999591],[-121.93648200033086,37.262746000128899],[-121.93762700017852,37.263502000117001],[-121.9410180002389,37.266155999821315],[-121.94209000029161,37.26700200005984],[-121.9461580003945,37.269971000158868],[-121.94723999959464,37.270760000076628],[-121.94784300001734,37.268307999811114],[-121.94902100037527,37.26519200034064],[-121.95030000011724,37.262990000103329],[-121.95384400033846,37.25820900001569],[-121.95534400001338,37.256263999899893]]]},"properties":{"GEOID":"06085502703","STATE":"06","COUNTY":"085","TRACT":"502703","BASENAME":"5027.03","NAME":"Census Tract 5027.03"}},{"type":"Feature","geometry":{"type":"Polygon","coordinates":[[[-121.85955099984773,37.204347999728022],[-121.86035699976168,37.203196999715956],[-121.85868499965932,37.200376000341613],[-121.85795699956319,37.196581999911722],[-121.85780699977536,37.196581999911722],[-121.84870300017225,37.196581999911722],[-121.84867200021012,37.193091000033746],[-121.84307299957186,37.193140000045574],[-121.84304300033294,37.192366999935572],[-121.84243300023758,37.191794999934501],[-121.84149300042935,37.191301999807138],[-121.8403150000714,37.191130999963299],[-121.83942499959355,37.191283000161661],[-121.8397800003191,37.193170000139339],[-121.83975799967949,37.195063000339573],[-121.83660000014594,37.194799999957283],[-121.83316499970464,37.198040000202887],[-121.83838900042416,37.201562000120063],[-121.84040899978275,37.203444999674751],[-121.8402170001621,37.204303999709595],[-121.84275999957742,37.205486999994292],[-121.84629700012597,37.209383999959599],[-121.84815099980318,37.208689999803596],[-121.85282200032876,37.208203999861482],[-121.85380099959674,37.210865999676251],[-121.85779799955453,37.210287999961551],[-121.85890200029262,37.207938999763847],[-121.85879000013961,37.204447999934658],[-121.85955099984773,37.204347999728022]]]},"properties":{"GEOID":"06085511917","STATE":"06","COUNTY":"085","TRACT":"511917","BASENAME":"5119.17","NAME":"Census Tract 5119.17"}},{"type":"Feature","geometry":{"type":"Polygon","coordinates":[[[-121.9124419999596,37.216900000070275],[-121.91299299960541,37.21561899978682],[-121.91242799971589,37.213566999687345],[-121.90942800036609,37.212653000267167],[-121.90696000039554,37.210609999791856],[-121.90552000009679,37.211010000258007],[-121.89985000021174,37.206750000055699],[-121.8991489998798,37.20676399967568],[-121.89703800028461,37.206555000326482],[-121.89599999966875,37.205030000310906],[-121.89339500032916,37.204004000266153],[-121.88909399969945,37.203259000318667],[-121.88383999974104,37.201822999969508],[-121.8800839998077,37.198476000050235],[-121.87827899963592,37.198593999785999],[-121.87296000027848,37.19511399983697],[-121.87327400009785,37.192889999754769],[-121.8713059997195,37.184526999961577],[-121.8721080003338,37.183026000244482],[-121.8732339999149,37.182411000280588],[-121.87352400034311,37.181133000313494],[-121.87270599983529,37.181994999671126],[-121.86960000018027,37.182709999817838],[-121.86665000016085,37.181849999716796],[-121.86519999981634,37.180069999659779],[-121.86354000030791,37.179409999875723],[-121.86612999957886,37.177999999790202],[-121.8646809999576,37.17791000000291],[-121.86332600004765,37.176123000007848],[-121.86362700034654,37.175295999895951],[-121.8604709995645,37.169275000150009],[-121.85892800023188,37.168394999879673],[-121.85842600009155,37.167316999864305],[-121.8543029997371,37.165312999720882],[-121.85215000030912,37.165503999782494],[-121.84531799995966,37.162314999833896],[-121.84460199955907,37.161687000235723],[-121.84275200007981,37.160870000116425],[-121.83996699991684,37.162842999890721],[-121.83701799972236,37.162601999704059],[-121.8340629996801,37.163748000292856],[-121.83078600032086,37.163500000245598],[-121.82946300019798,37.165184000260723],[-121.82852000001667,37.168548000039522],[-121.82523199988846,37.170846000305126],[-121.82439900021032,37.174501000269672],[-121.82067599988893,37.178261000213247],[-121.81705300002498,37.179678000253482],[-121.81619500023251,37.180502999913116],[-121.81616799957,37.183475999838492],[-121.81864800013444,37.188634999645522],[-121.82456099969372,37.192718999929227],[-121.83036500037139,37.196496000110528],[-121.83316499970464,37.198040000202887],[-121.83660000014594,37.194799999957283],[-121.83975799967949,37.195063000339573],[-121.8397800003191,37.193170000139339],[-121.83942499959355,37.191283000161661],[-121.8403150000714,37.191130999963299],[-121.84149300042935,37.191301999807138],[-121.84243300023758,37.191794999934501],[-121.84304300033294,37.192366999935572],[-121.84307299957186,37.193140000045574],[-121.84867200021012,37.193091000033746],[-121.84870300017225,37.196581999911722],[-121.85780699977536,37.196581999911722],[-121.85795699956319,37.196581999911722],[-121.85868499965932,37.200376000341613],[-121.86035699976168,37.203196999715956],[-121.85955099984773,37.204347999728022],[-121.86317200006185,37.204353000313887],[-121.86788399969699,37.20491699973703],[-121.86998799961948,37.20429399996199],[-121.87387800034543,37.205857999904943],[-121.87162000043715,37.207438999785623],[-121.87371599996372,37.208492000178502],[-121.87404700039983,37.209928000270757],[-121.87573299984756,37.211380000035426],[-121.87554299987679,37.214671000288661],[-121.87747400044522,37.215873999737703],[-121.87788000032609,37.217795000134899],[-121.88125999961748,37.220046000328516],[-121.88207399992734,37.221706000072416],[-121.88634100022186,37.219988000138876],[-121.88764400025327,37.220200999679086],[-121.88981400029797,37.221176000082167],[-121.89309099965722,37.221433999948779],[-121.89480600031558,37.221887000315959],[-121.90022500013048,37.223830999997695],[-121.90347100042587,37.225808000282527],[-121.9037319996435,37.226181000355304],[-121.90574699987748,37.225355999842904],[-121.90554199983811,37.224377999842446],[-121.90666999996732,37.222188000217706],[-121.90698200013684,37.221924999932547],[-121.9091990000372,37.22017799995244],[-121.90893899974624,37.218166999699434],[-121.9124419999596,37.216900000070275]]]},"properties":{"GEOID":"06085511918","STATE":"06","COUNTY":"085","TRACT":"511918","BASENAME":"5119.18","NAME":"Census Tract 5119.18"}},{"type":"Feature","geometry":{"type":"Polygon","coordinates":[[[-122.06776100004474,37.378132000041305],[-122.06797000028213,37.374430000324367],[-122.06593999997948,37.370220999735487],[-122.06377800033067,37.366687000322521],[-122.06255999978976,37.368659999752921],[-122.06210000038057,37.368611999871234],[-122.06167000021023,37.368399999848066],[-122.05765999983366,37.37429000010787],[-122.05846300027288,37.374599000094854],[-122.06032899964568,37.37535400005418],[-122.06211000042629,37.376029999945857],[-122.0635599998725,37.376569999663872],[-122.06776100004474,37.378132000041305]]]},"properties":{"GEOID":"06085509110","STATE":"06","COUNTY":"085","TRACT":"509110","BASENAME":"5091.10","NAME":"Census Tract 5091.10"}},{"type":"Feature","geometry":{"type":"Polygon","coordinates":[[[-122.02316699979713,37.316035000154251],[-122.02318000021594,37.309869999772395],[-122.02110999973031,37.309540000108136],[-122.01987000034642,37.309919999919963],[-122.01774999963207,37.310090000172863],[-122.0156099997246,37.310230000092552],[-122.01348999990857,37.310410000320729],[-122.01346999981708,37.310529999757073],[-122.0132799998463,37.316170000122213],[-122.01312000001273,37.317860000082149],[-122.01404999977522,37.32004999979965],[-122.01410000000394,37.322870000056938],[-122.01425999983753,37.322870000056938],[-122.02318000021594,37.322849999875395],[-122.02316000012443,37.32004999979965],[-122.02317900039102,37.318649000119429],[-122.02316699979713,37.316035000154251]]]},"properties":{"GEOID":"06085508006","STATE":"06","COUNTY":"085","TRACT":"508006","BASENAME":"5080.06","NAME":"Census Tract 5080.06"}},{"type":"Feature","geometry":{"type":"Polygon","coordinates":[[[-121.95446799977923,37.301545000310462],[-121.95446100010653,37.298795000249804],[-121.95444799968774,37.2968440003254],[-121.9499169998026,37.296865999774788],[-121.94992000017562,37.298396999868025],[-121.9499240003736,37.298821000158334],[-121.94994799976473,37.301555000020691],[-121.95446799977923,37.301545000310462]]]},"properties":{"GEOID":"06085506504","STATE":"06","COUNTY":"085","TRACT":"506504","BASENAME":"5065.04","NAME":"Census Tract 5065.04"}},{"type":"Feature","geometry":{"type":"Polygon","coordinates":[[[-121.58660000013082,37.003309999946843],[-121.58786999965196,37.000890000006557],[-121.58457999987394,36.999410000155166],[-121.58404000009877,36.999969999725259],[-121.581910000237,37.000290000087567],[-121.58184999996256,37.002980000284246],[-121.57229000024985,37.005749999956116],[-121.57374999974178,37.008930000044153],[-121.57591399993875,37.013612000129072],[-121.57711999988578,37.013309999844275],[-121.58167000003751,37.013439999757701],[-121.58667399975066,37.013504999989699],[-121.5870400003469,37.008670000347756],[-121.58686999956926,37.008130000012748],[-121.58660000013082,37.003309999946843]]]},"properties":{"GEOID":"06085512511","STATE":"06","COUNTY":"085","TRACT":"512511","BASENAME":"5125.11","NAME":"Census Tract 5125.11"}},{"type":"Feature","geometry":{"type":"Polygon","coordinates":[[[-121.96641000014704,37.406390000100117],[-121.96330299976881,37.401615999818929],[-121.96294499956852,37.401091000314054],[-121.96070199972888,37.397666000173089],[-121.95792800033487,37.398990999768522],[-121.95548999960324,37.4000499999038],[-121.95311299986928,37.401361000335328],[-121.95262999999551,37.401870000084649],[-121.9498349997868,37.401075999927549],[-121.94936000030899,37.400814000066276],[-121.94719000026424,37.399510000145995],[-121.94681000032266,37.399860000234462],[-121.94456800030792,37.401018000069854],[-121.94778100009304,37.401722999836309],[-121.95214299992379,37.404870999854857],[-121.95503900041484,37.407872000023822],[-121.96008099976287,37.409855999732258],[-121.96145999996223,37.408320000085197],[-121.96641000014704,37.406390000100117]]]},"properties":{"GEOID":"06085505011","STATE":"06","COUNTY":"085","TRACT":"505011","BASENAME":"5050.11","NAME":"Census Tract 5050.11"}},{"type":"Feature","geometry":{"type":"Polygon","coordinates":[[[-122.02160000017507,37.3716999996578],[-122.02304999962128,37.36732999978981],[-122.01971999966027,37.366859999951593],[-122.0195809997431,37.36684499985509],[-122.01726000008564,37.366669999697784],[-122.01499999962921,37.366600000234534],[-122.01374000015383,37.36666000008448],[-122.01360999955916,37.37052000025102],[-122.01369699959783,37.371859000233414],[-122.01376000024533,37.37344000032293],[-122.01732600020786,37.374253999867172],[-122.02047000039603,37.375269999705409],[-122.02095999994246,37.373959999991435],[-122.02106000039991,37.37344000032293],[-122.02160000017507,37.3716999996578]]]},"properties":{"GEOID":"06085508705","STATE":"06","COUNTY":"085","TRACT":"508705","BASENAME":"5087.05","NAME":"Census Tract 5087.05"}},{"type":"Feature","geometry":{"type":"Polygon","coordinates":[[[-121.65658999958626,37.034510000332496],[-121.65737999960666,37.032250000080616],[-121.65617000035999,37.029959999718059],[-121.65266999962139,37.030129999875406],[-121.65076999991339,37.029749999673299],[-121.64506999989113,37.029659999988638],[-121.6441099999914,37.027950000060692],[-121.63759999985724,37.027970000290743],[-121.6373439997642,37.027090999983507],[-121.6373599996577,37.021730000076587],[-121.63010999973183,37.018899999728291],[-121.62841000004039,37.017270000044903],[-121.62803000009882,37.019970000143601],[-121.62429300043203,37.020735000205008],[-121.62320399976254,37.020540999786832],[-121.62176000016414,37.022319999886641],[-121.61751999963381,37.02188000032892],[-121.61356000038425,37.019770000212226],[-121.60885000039899,37.020470000179081],[-121.60971999988703,37.022500000047017],[-121.60930999980819,37.028180000236787],[-121.60502999999322,37.02844999992903],[-121.60004999967117,37.027640000124542],[-121.59807999964298,37.028010000017879],[-121.59801000022109,37.028858999746319],[-121.59761000018801,37.033039999878788],[-121.59740000012572,37.035510000042215],[-121.59739000008,37.036050000132228],[-121.59763000027949,37.037720000210385],[-121.60485000006815,37.039840000063869],[-121.61494999955602,37.042840000062633],[-121.61546000009227,37.042739999797625],[-121.61644000008347,37.041050000061027],[-121.61865000031115,37.040820000141501],[-121.62071999989847,37.040229999905321],[-121.63109999976879,37.043269999844576],[-121.63137000010553,37.043410000348572],[-121.63188999978922,37.044440000011306],[-121.6398300001764,37.045269999852891],[-121.64119000010922,37.045824000101099],[-121.64990000042535,37.046190000216228],[-121.653269999671,37.045420000220929],[-121.65487999984906,37.042220000024656],[-121.65611000008555,37.037950000198983],[-121.65658999958626,37.034510000332496]]]},"properties":{"GEOID":"06085512515","STATE":"06","COUNTY":"085","TRACT":"512515","BASENAME":"5125.15","NAME":"Census Tract 5125.15"}},{"type":"Feature","geometry":{"type":"Polygon","coordinates":[[[-122.03222000024492,37.367580000342187],[-122.03210999974175,37.367500000084711],[-122.02493000013607,37.361640000227581],[-122.02427999985774,37.363539999958213],[-122.02134300025712,37.362892000083562],[-122.02119900031707,37.362859000264145],[-122.01903000009727,37.362389999855502],[-122.01816999975665,37.362319999969401],[-122.01731899963686,37.364205999987782],[-122.01726000008564,37.366669999697784],[-122.0195809997431,37.36684499985509],[-122.01971999966027,37.366859999951593],[-122.02304999962128,37.36732999978981],[-122.02596000035601,37.367659999800459],[-122.03181299964083,37.368246999721883],[-122.03222000024492,37.367580000342187]]]},"properties":{"GEOID":"06085508509","STATE":"06","COUNTY":"085","TRACT":"508509","BASENAME":"5085.09","NAME":"Census Tract 5085.09"}},{"type":"Feature","geometry":{"type":"Polygon","coordinates":[[[-122.03237000003274,37.322799999755595],[-122.03234999994127,37.315860000152419],[-122.03233999989551,37.31556000032414],[-122.03226899975041,37.312229000231369],[-122.03156999996661,37.312298999661202],[-122.0288800002382,37.311519999945041],[-122.02318000021594,37.309869999772395],[-122.02316699979713,37.316035000154251],[-122.02317900039102,37.318649000119429],[-122.02316000012443,37.32004999979965],[-122.02318000021594,37.322849999875395],[-122.02755000044257,37.32284000013987],[-122.03237000003274,37.322799999755595]]]},"properties":{"GEOID":"06085508005","STATE":"06","COUNTY":"085","TRACT":"508005","BASENAME":"5080.05","NAME":"Census Tract 5080.05"}},{"type":"Feature","geometry":{"type":"Polygon","coordinates":[[[-121.91638299984086,37.425772000259826],[-121.91292599965827,37.415551999662554],[-121.91081199969004,37.415801999980445],[-121.90506900001007,37.415586999743034],[-121.90569699964877,37.418327999992272],[-121.90658899977646,37.421804000276161],[-121.90900800024154,37.430319999992278],[-121.91064799965849,37.427542000210664],[-121.91638299984086,37.425772000259826]]]},"properties":{"GEOID":"06085504508","STATE":"06","COUNTY":"085","TRACT":"504508","BASENAME":"5045.08","NAME":"Census Tract 5045.08"}},{"type":"Feature","geometry":{"type":"Polygon","coordinates":[[[-121.84189699976207,37.276928000333868],[-121.84009900016136,37.275037000339772],[-121.83954199976942,37.274495000219872],[-121.83754199960401,37.273173000278952],[-121.83630800006787,37.273662999886945],[-121.83108599989652,37.273820999952946],[-121.83117299993515,37.273888999996899],[-121.83382800040177,37.276491000086494],[-121.83524000021313,37.277822999664252],[-121.83735400018134,37.279890000182533],[-121.84189699976207,37.276928000333868]]]},"properties":{"GEOID":"06085512054","STATE":"06","COUNTY":"085","TRACT":"512054","BASENAME":"5120.54","NAME":"Census Tract 5120.54"}},{"type":"Feature","geometry":{"type":"Polygon","coordinates":[[[-121.94485000034021,37.409220000164417],[-121.94314700027574,37.406916999717566],[-121.94253899983019,37.406078999669816],[-121.93950900034315,37.402026999939118],[-121.93496400021429,37.404422000120476],[-121.93423199992019,37.404635000097876],[-121.93439799960154,37.405247000060776],[-121.93521500028447,37.407189999985903],[-121.93659199993571,37.410953999882842],[-121.93715799965014,37.412508999961517],[-121.93808599976285,37.412296999889193],[-121.94119700033902,37.410993999676819],[-121.94485000034021,37.409220000164417]]]},"properties":{"GEOID":"06085505013","STATE":"06","COUNTY":"085","TRACT":"505013","BASENAME":"5050.13","NAME":"Census Tract 5050.13"}},{"type":"Feature","geometry":{"type":"Polygon","coordinates":[[[-121.96070199972888,37.397666000173089],[-121.95865999973066,37.394839999972945],[-121.95504000023976,37.389419999764257],[-121.95032000020873,37.39146000017513],[-121.94960999965592,37.391829999686614],[-121.94702000038494,37.393130000193871],[-121.95253000043643,37.396379999884026],[-121.9515999997756,37.398399999961526],[-121.94936000030899,37.400814000066276],[-121.9498349997868,37.401075999927549],[-121.95262999999551,37.401870000084649],[-121.95311299986928,37.401361000335328],[-121.95548999960324,37.4000499999038],[-121.95792800033487,37.398990999768522],[-121.96070199972888,37.397666000173089]]]},"properties":{"GEOID":"06085504902","STATE":"06","COUNTY":"085","TRACT":"504902","BASENAME":"5049.02","NAME":"Census Tract 5049.02"}},{"type":"Feature","geometry":{"type":"Polygon","coordinates":[[[-122.03213999987899,37.384190000160785],[-122.03360000026923,37.37957000011091],[-122.02841999993063,37.377859999671401],[-122.02047000039603,37.375269999705409],[-122.01732600020786,37.374253999867172],[-122.01392199972871,37.383649000326457],[-122.01559999967884,37.384649999842914],[-122.01569000009056,37.386309999682808],[-122.01710000025206,37.385310000198785],[-122.0187499997148,37.380419999668547],[-122.02109800003474,37.381788999887405],[-122.02668000005625,37.383039999673201],[-122.03213999987899,37.384190000160785]]]},"properties":{"GEOID":"06085508707","STATE":"06","COUNTY":"085","TRACT":"508707","BASENAME":"5087.07","NAME":"Census Tract 5087.07"}},{"type":"Feature","geometry":{"type":"Polygon","coordinates":[[[-122.01376000024533,37.37344000032293],[-122.01369699959783,37.371859000233414],[-122.01360999955916,37.37052000025102],[-122.01374000015383,37.36666000008448],[-122.00824000014812,37.366750000126338],[-122.00606500008051,37.366762000218948],[-122.00365999985915,37.366789999951649],[-122.00271800040109,37.366803000282957],[-122.00123000042176,37.366829999755637],[-121.99815999985343,37.366890000135562],[-121.99601599974798,37.36688799964768],[-121.99631100019906,37.369476000181834],[-121.99629000028267,37.370220000249887],[-121.99630000032843,37.370539999875326],[-122.00095000003927,37.370860000277524],[-122.01126200013755,37.372927000335686],[-122.01376000024533,37.37344000032293]]]},"properties":{"GEOID":"06085508706","STATE":"06","COUNTY":"085","TRACT":"508706","BASENAME":"5087.06","NAME":"Census Tract 5087.06"}},{"type":"Feature","geometry":{"type":"Polygon","coordinates":[[[-121.96987999985014,37.323260000031802],[-121.97001000044477,37.323109999676525],[-121.96605000029693,37.323140000200183],[-121.96416999978214,37.323140000200183],[-121.95978000036229,37.323179999689089],[-121.95749999981439,37.323190000093746],[-121.95017999956833,37.323219999871085],[-121.95017999956833,37.323399999712287],[-121.95022399994926,37.325402999981655],[-121.95019600036015,37.326968999812664],[-121.95543000022711,37.326994999979661],[-121.95548999960324,37.329900000161622],[-121.95528000043926,37.329909999671948],[-121.9552899995867,37.3320300001009],[-121.95784999961879,37.333830000201019],[-121.96006999989221,37.335010000075101],[-121.96433999966145,37.329889999935659],[-121.9664000001013,37.327430000339653],[-121.96987999985014,37.323260000031802]]]},"properties":{"GEOID":"06085505901","STATE":"06","COUNTY":"085","TRACT":"505901","BASENAME":"5059.01","NAME":"Census Tract 5059.01"}},{"type":"Feature","geometry":{"type":"Polygon","coordinates":[[[-121.85767100023122,37.301117999868332],[-121.85838799955843,37.300657000163646],[-121.85660800039935,37.298844000179884],[-121.85434799994292,37.296534999745234],[-121.85254500031934,37.294624999969713],[-121.85132000010573,37.295478000210082],[-121.84530500043918,37.299550999804069],[-121.84187800039382,37.301953000126417],[-121.84552200017414,37.305753000149572],[-121.84765399968575,37.307958999649486],[-121.8502680001445,37.306170999811705],[-121.85277700012291,37.304511999767406],[-121.8542409998128,37.303426999663344],[-121.85767100023122,37.301117999868332]]]},"properties":{"GEOID":"06085503221","STATE":"06","COUNTY":"085","TRACT":"503221","BASENAME":"5032.21","NAME":"Census Tract 5032.21"}},{"type":"Feature","geometry":{"type":"Polygon","coordinates":[[[-121.84526600008112,37.287454000055803],[-121.84359900000163,37.285925000030574],[-121.84344599984075,37.285784999892527],[-121.84162399995057,37.284096000107489],[-121.83740299968682,37.279948999997927],[-121.83735400018134,37.279890000182533],[-121.83714800031703,37.280023000052353],[-121.83494399993711,37.281676000163166],[-121.83413800002316,37.283925999705126],[-121.83417800020614,37.286936999857751],[-121.83422500006179,37.288670000324693],[-121.83408600014462,37.292181999985893],[-121.83321400010843,37.293420999846361],[-121.8350279996027,37.295133999916395],[-121.83921100023163,37.292369999707859],[-121.84005899997835,37.291095000312303],[-121.84526600008112,37.287454000055803]]]},"properties":{"GEOID":"06085503220","STATE":"06","COUNTY":"085","TRACT":"503220","BASENAME":"5032.20","NAME":"Census Tract 5032.20"}},{"type":"Feature","geometry":{"type":"Polygon","coordinates":[[[-122.00259100017946,37.294844000175132],[-122.00343300007845,37.293081000057107],[-121.99752600036695,37.292409999846562],[-121.9938909999091,37.291997999757477],[-121.99214699983671,37.291634999894278],[-121.98933200043487,37.294067999785298],[-121.98407000008051,37.298656999924987],[-121.98290799961609,37.299671999844925],[-121.98173400035442,37.300876999651308],[-121.98121700014549,37.301381999987619],[-121.98005300003125,37.302847000128381],[-121.97953900019535,37.303583000090669],[-121.97859500018915,37.305292999911082],[-121.97766600025155,37.308129999647022],[-121.98227400012959,37.308603000084034],[-121.98494799996448,37.308589999678262],[-121.98590100019149,37.308589999678262],[-121.99248900014346,37.308562999982534],[-121.99281499965841,37.308624999666407],[-121.9934130000582,37.30950400025197],[-121.99594999962575,37.309572999782453],[-121.99632500044278,37.309616999802095],[-121.99674899986699,37.307029000074181],[-121.99644099989541,37.30565299999536],[-121.99623199965804,37.304270999708464],[-121.99645000011625,37.302743999960079],[-121.99703400027235,37.30149100013746],[-121.99761800042845,37.301066999892726],[-121.99809100025645,37.29823199969551],[-121.99805600009634,37.297769999716508],[-121.99981600006227,37.296966999925594],[-122.00109700035236,37.296491999684143],[-122.0017910001133,37.295564000037743],[-122.00259100017946,37.294844000175132]]]},"properties":{"GEOID":"06085506202","STATE":"06","COUNTY":"085","TRACT":"506202","BASENAME":"5062.02","NAME":"Census Tract 5062.02"}},{"type":"Feature","geometry":{"type":"Polygon","coordinates":[[[-121.88787600005683,37.406952000264994],[-121.89143600017162,37.40337300011501],[-121.88700599967051,37.403023000021278],[-121.88629299964296,37.401703999744385],[-121.88536299988047,37.400002999932767],[-121.88471299960212,37.398664000052776],[-121.88434899955404,37.397497000290649],[-121.88392500012984,37.396316999989402],[-121.88146399983198,37.388614000300798],[-121.87916099971787,37.390981000209315],[-121.87753399982135,37.392667000025469],[-121.87713299996337,37.392966000270178],[-121.87380800002524,37.395274999771367],[-121.87482599965128,37.397165999691346],[-121.87555899977031,37.399239999878432],[-121.87750100020938,37.405583999727391],[-121.88211699958505,37.403320000112053],[-121.88787600005683,37.406952000264994]]]},"properties":{"GEOID":"06085504323","STATE":"06","COUNTY":"085","TRACT":"504323","BASENAME":"5043.23","NAME":"Census Tract 5043.23"}},{"type":"Feature","geometry":{"type":"Polygon","coordinates":[[[-121.89197299957374,37.245518999765437],[-121.89072999981678,37.24385699987544],[-121.88952399986975,37.243179000312288],[-121.88854399987855,37.2426040000366],[-121.88774399981239,37.240879000064069],[-121.886845000012,37.238735000113422],[-121.88670400044502,37.238168000188992],[-121.88664900019343,37.23788899994328],[-121.88087499965302,37.240796000020936],[-121.87863299963827,37.242358000310013],[-121.87492600010872,37.242606000257858],[-121.87466900019076,37.24471299967874],[-121.87472500026728,37.245553999772639],[-121.87476700010004,37.24614200018064],[-121.87531500027113,37.250817000192889],[-121.87744599995781,37.250589000189862],[-121.88049600043465,37.249359000146477],[-121.8824239997317,37.248420999649454],[-121.88457700005799,37.24726700013796],[-121.88709299970913,37.245813000321917],[-121.88769699995672,37.24591900030935],[-121.8885260003352,37.246059000212611],[-121.88999599987287,37.246263999984869],[-121.89197299957374,37.245518999765437]]]},"properties":{"GEOID":"06085511915","STATE":"06","COUNTY":"085","TRACT":"511915","BASENAME":"5119.15","NAME":"Census Tract 5119.15"}},{"type":"Feature","geometry":{"type":"Polygon","coordinates":[[[-121.90286299998036,37.404406999687168],[-121.90278699981235,37.400280000323804],[-121.90152700033697,37.393693999664492],[-121.90068299988988,37.389622000209314],[-121.89790699994775,37.385785000028548],[-121.89585999992669,37.382744999942631],[-121.89367599963823,37.382886000111078],[-121.89219799970463,37.383632999997502],[-121.89027600025535,37.384800000044592],[-121.88605400016668,37.387353000299782],[-121.88275099996986,37.387908999987488],[-121.88146399983198,37.388614000300798],[-121.88392500012984,37.396316999989402],[-121.88434899955404,37.397497000290649],[-121.88471299960212,37.398664000052776],[-121.88536299988047,37.400002999932767],[-121.88629299964296,37.401703999744385],[-121.88700599967051,37.403023000021278],[-121.89143600017162,37.40337300011501],[-121.89225999962892,37.403411000161356],[-121.8958209995686,37.403740999828692],[-121.89781800025928,37.404271000188508],[-121.90286299998036,37.404406999687168]]]},"properties":{"GEOID":"06085504322","STATE":"06","COUNTY":"085","TRACT":"504322","BASENAME":"5043.22","NAME":"Census Tract 5043.22"}},{"type":"Feature","geometry":{"type":"Polygon","coordinates":[[[-121.77799099957014,37.240984999839782],[-121.77769099999449,37.240808000205178],[-121.77307200024579,37.238032999714548],[-121.76888199994416,37.235536000175998],[-121.76870600021707,37.235438000105304],[-121.75114900021579,37.226433999715155],[-121.75080299971106,37.22668599969257],[-121.75026999960859,37.227037999852293],[-121.74906200001175,37.227872000097662],[-121.74839699966478,37.228449000334059],[-121.74747799977291,37.229525999696165],[-121.76493500021509,37.239372000115189],[-121.76676700015103,37.240367000046881],[-121.76955899998669,37.242066999858409],[-121.77071600042822,37.242042000128428],[-121.77799099957014,37.240984999839782]]]},"properties":{"GEOID":"06085512038","STATE":"06","COUNTY":"085","TRACT":"512038","BASENAME":"5120.38","NAME":"Census Tract 5120.38"}},{"type":"Feature","geometry":{"type":"Polygon","coordinates":[[[-121.94172500041863,37.376648000015663],[-121.94163599983186,37.376633999848679],[-121.93301699975234,37.374873999853691],[-121.93172499959159,37.374560000291432],[-121.92801800006202,37.373679999684299],[-121.92783599958884,37.373627000102601],[-121.92739200007314,37.373542999961487],[-121.92542100022006,37.373041000318715],[-121.91945500005902,37.372029999722031],[-121.9172020001736,37.371740999878853],[-121.91687599976035,37.371660000308495],[-121.91117699956301,37.369860999868692],[-121.90958900002455,37.369069999721681],[-121.90476600006136,37.365267000083847],[-121.90416400036192,37.364940999909436],[-121.90235900019019,37.364214999648588],[-121.90178000005696,37.364029000251101],[-121.90166500042923,37.364245000176126],[-121.90113800017451,37.365904000182653],[-121.90101400032599,37.367245999737051],[-121.90103000021951,37.367954000093121],[-121.90650699976067,37.391399000261679],[-121.9089010001114,37.401725000108677],[-121.91104000019398,37.410113000322426],[-121.91292599965827,37.415551999662554],[-121.91638299984086,37.425772000259826],[-121.92068000027263,37.42420399981134],[-121.92643200017342,37.422761000266959],[-121.93104699972417,37.420094000131179],[-121.93013100020534,37.417758999745061],[-121.92811299959827,37.415538999934299],[-121.92602600029254,37.414615999903297],[-121.92560600016799,37.41313799990305],[-121.92297400016589,37.411034999817993],[-121.92396400020284,37.41104499993606],[-121.93092200005069,37.413261000306427],[-121.93220900018855,37.413434999853443],[-121.93715799965014,37.412508999961517],[-121.93659199993571,37.410953999882842],[-121.93521500028447,37.407189999985903],[-121.93439799960154,37.405247000060776],[-121.93423199992019,37.404635000097876],[-121.93496400021429,37.404422000120476],[-121.93950900034315,37.402026999939118],[-121.93612900015344,37.397375000248488],[-121.94065500001574,37.395672000230469],[-121.93962099959785,37.390611000075999],[-121.93606800005406,37.38706200030731],[-121.93563899970869,37.385479999717262],[-121.93812099992293,37.38171700016327],[-121.93841499965082,37.380202999848301],[-121.94054200003784,37.378549000257081],[-121.94172500041863,37.376648000015663]]]},"properties":{"GEOID":"06085505006","STATE":"06","COUNTY":"085","TRACT":"505006","BASENAME":"5050.06","NAME":"Census Tract 5050.06"}},{"type":"Feature","geometry":{"type":"Polygon","coordinates":[[[-121.93383100006221,37.274666999849735],[-121.93291700019323,37.272550999725077],[-121.93190799988969,37.270216999802543],[-121.93160900013895,37.269474000048056],[-121.93141099977223,37.261741999920538],[-121.9285290004232,37.261740000207254],[-121.92590400009382,37.261743000134622],[-121.92232100041282,37.261748999988946],[-121.92232200023774,37.267000999915609],[-121.92222400032843,37.267402000214702],[-121.92213700028981,37.267601999852815],[-121.92084299958093,37.270304000007251],[-121.92084299958093,37.271510999968484],[-121.92089600018267,37.273384000254559],[-121.92148399963843,37.274366000060887],[-121.92311300008306,37.276803000111634],[-121.9235010004206,37.278353000204937],[-121.92245500030712,37.282627000265109],[-121.92354400007828,37.281418999887386],[-121.92416000002143,37.280544999683201],[-121.92704999976638,37.281481999741359],[-121.93003400012097,37.280246999715729],[-121.93164199975089,37.280181000350076],[-121.93231299994564,37.277243000001988],[-121.93383100006221,37.274666999849735]]]},"properties":{"GEOID":"06085502901","STATE":"06","COUNTY":"085","TRACT":"502901","BASENAME":"5029.01","NAME":"Census Tract 5029.01"}},{"type":"Feature","geometry":{"type":"Polygon","coordinates":[[[-121.85080100024693,37.238782000202086],[-121.85112799958677,37.237301000227376],[-121.85057000026825,37.235589999751845],[-121.8487209997156,37.23379599989542],[-121.84485600000231,37.232380999784205],[-121.84475399989503,37.232339000157559],[-121.84285300036215,37.231587000327885],[-121.84102399990097,37.231207999675931],[-121.84088900018176,37.234188999949097],[-121.84037399962264,37.235297999783292],[-121.83961999958721,37.236789000222643],[-121.83970599980093,37.242042000128428],[-121.83971800039483,37.243022000067953],[-121.83978399961876,37.249951999889944],[-121.83974299961086,37.250540999950729],[-121.84180999972342,37.250617000315202],[-121.84675200041063,37.250573000113569],[-121.84677300032705,37.249968000098107],[-121.84916000010675,37.243297999960753],[-121.85080100024693,37.238782000202086]]]},"properties":{"GEOID":"06085512047","STATE":"06","COUNTY":"085","TRACT":"512047","BASENAME":"5120.47","NAME":"Census Tract 5120.47"}},{"type":"Feature","geometry":{"type":"Polygon","coordinates":[[[-121.81677400036574,37.302980999817109],[-121.81295599960977,37.29905199977587],[-121.81099999982531,37.296799999978013],[-121.81015999957617,37.294667999668754],[-121.80317999998704,37.299607999788499],[-121.8026910002655,37.299770999668567],[-121.80717899959464,37.303055000086729],[-121.80790099984299,37.303656999767966],[-121.81083499996888,37.307130000153023],[-121.81108600003903,37.306888000296098],[-121.81677400036574,37.302980999817109]]]},"properties":{"GEOID":"06085503337","STATE":"06","COUNTY":"085","TRACT":"503337","BASENAME":"5033.37","NAME":"Census Tract 5033.37"}},{"type":"Feature","geometry":{"type":"Polygon","coordinates":[[[-121.80998100037435,37.261581999813039],[-121.81029900039165,37.260201999791853],[-121.80574300039214,37.257491000087853],[-121.80249000042403,37.255624999799899],[-121.79984699965297,37.257063000336522],[-121.79648099970696,37.257159000338625],[-121.7992919998092,37.260122999810413],[-121.80031399963322,37.26189599984594],[-121.80178700044225,37.266028999986666],[-121.80582899970754,37.265838999912916],[-121.80597500019573,37.266383999893307],[-121.80767999991005,37.267162000090813],[-121.80833299966312,37.269089999897879],[-121.80987500006913,37.26850400012021],[-121.80998100037435,37.261581999813039]]]},"properties":{"GEOID":"06085512043","STATE":"06","COUNTY":"085","TRACT":"512043","BASENAME":"5120.43","NAME":"Census Tract 5120.43"}},{"type":"Feature","geometry":{"type":"Polygon","coordinates":[[[-121.84610399978212,37.368074999949364],[-121.84492700014742,37.366462000183489],[-121.84299300010424,37.363115999923814],[-121.84090800044834,37.359656000248364],[-121.83519199963423,37.362333999951844],[-121.83595999991334,37.362974999716656],[-121.83868800017488,37.365776000011891],[-121.83977399957301,37.366794999749828],[-121.84301300019573,37.37007700013887],[-121.84610399978212,37.368074999949364]]]},"properties":{"GEOID":"06085503713","STATE":"06","COUNTY":"085","TRACT":"503713","BASENAME":"5037.13","NAME":"Census Tract 5037.13"}},{"type":"Feature","geometry":{"type":"Polygon","coordinates":[[[-121.83503000015082,37.375486000106207],[-121.83560900028405,37.375109999800671],[-121.83336200024644,37.37226799968073],[-121.8325279998451,37.371219000161538],[-121.83222300024657,37.370826000201411],[-121.83196799997845,37.370465999668298],[-121.83164099974029,37.370035999722262],[-121.82862499959865,37.36649499984626],[-121.82792800036297,37.365736999905316],[-121.82669399992851,37.366961000285158],[-121.82534599969128,37.369186000281374],[-121.82521099997209,37.369394000097181],[-121.82438599979153,37.370727999937913],[-121.82405199988068,37.371258999745933],[-121.82345000018125,37.372233000070125],[-121.82125400019727,37.375660999687227],[-121.8211439996941,37.375854999798023],[-121.82356700035713,37.37680599998545],[-121.8250439995675,37.37738900002568],[-121.82609600042704,37.378349000143366],[-121.8280449996405,37.38020199978186],[-121.82888400006475,37.379631999729142],[-121.82913199976187,37.379463999954012],[-121.83055399961893,37.378500000189341],[-121.83137399977659,37.37794399997491],[-121.8318459997797,37.37762600001254],[-121.83198499969687,37.377530999658944],[-121.83329199992626,37.376650000243245],[-121.83457200039143,37.375783000087743],[-121.83503000015082,37.375486000106207]]]},"properties":{"GEOID":"06085503902","STATE":"06","COUNTY":"085","TRACT":"503902","BASENAME":"5039.02","NAME":"Census Tract 5039.02"}},{"type":"Feature","geometry":{"type":"Polygon","coordinates":[[[-121.85548199991993,37.331503999892725],[-121.8574589996208,37.330169000026522],[-121.850833000034,37.323469000060982],[-121.84939399956014,37.322038999711879],[-121.84574700030505,37.324602999820378],[-121.8481159996431,37.327047000286605],[-121.85363800028844,37.332735999816741],[-121.85548199991993,37.331503999892725]]]},"properties":{"GEOID":"06085503117","STATE":"06","COUNTY":"085","TRACT":"503117","BASENAME":"5031.17","NAME":"Census Tract 5031.17"}},{"type":"Feature","geometry":{"type":"Polygon","coordinates":[[[-121.67978100038587,37.158593999798072],[-121.67714099998787,37.156035999789516],[-121.67707900006357,37.155974999978248],[-121.66718000041719,37.146280000260433],[-121.66332999987418,37.143450000007164],[-121.6626899996416,37.141480000121895],[-121.65268999971288,37.131730000103182],[-121.65141000014599,37.132689999692175],[-121.64338000024543,37.139040000163689],[-121.64232800028419,37.13989700001855],[-121.64106999956032,37.140949999769468],[-121.6411680003679,37.141048999751199],[-121.64531500011353,37.145323999698007],[-121.65257000006225,37.152810000123843],[-121.6567620000137,37.157111999989361],[-121.65850500026117,37.158789000247687],[-121.66325299988131,37.162396000114647],[-121.66749000003858,37.167032000079168],[-121.66860899994698,37.166321999971991],[-121.67198300028892,37.164062999777194],[-121.67978100038587,37.158593999798072]]]},"properties":{"GEOID":"06085512311","STATE":"06","COUNTY":"085","TRACT":"512311","BASENAME":"5123.11","NAME":"Census Tract 5123.11"}},{"type":"Feature","geometry":{"type":"Polygon","coordinates":[[[-122.16890299970507,37.447414000086866],[-122.17030299982085,37.447185000228728],[-122.16799700023201,37.445655999645687],[-122.16683999979047,37.444853000118954],[-122.1642580000171,37.443199000265821],[-122.16168700011436,37.44160300008302],[-122.15789000017315,37.445509999659549],[-122.1542899998754,37.449140000090324],[-122.15553000015763,37.449919999866687],[-122.15678999963301,37.450709999880367],[-122.15929000028892,37.452309999749829],[-122.16058999994728,37.453100000194823],[-122.16237800040062,37.453883999937418],[-122.16269499969469,37.453844000236771],[-122.16530199958241,37.452843000246297],[-122.16581999961626,37.450926000356318],[-122.16724599967132,37.450970000244716],[-122.16890299970507,37.447414000086866]]]},"properties":{"GEOID":"06085511302","STATE":"06","COUNTY":"085","TRACT":"511302","BASENAME":"5113.02","NAME":"Census Tract 5113.02"}},{"type":"Feature","geometry":{"type":"Polygon","coordinates":[[[-121.84102399990097,37.231207999675931],[-121.84124200035914,37.230554000119312],[-121.83871400011415,37.229559000125107],[-121.83516599969496,37.228191000145571],[-121.83534599962,37.226734000103747],[-121.82972000011591,37.226234000223656],[-121.83048199964892,37.228137000277151],[-121.83055100014421,37.233209000316826],[-121.83060700022071,37.236873000216058],[-121.83068800041157,37.242074000324763],[-121.83072100002352,37.244219999871568],[-121.83072299967336,37.244970000099485],[-121.82998799990452,37.247493000090479],[-121.83650999973425,37.250722999980439],[-121.83974299961086,37.250540999950729],[-121.83978399961876,37.249951999889944],[-121.83971800039483,37.243022000067953],[-121.83970599980093,37.242042000128428],[-121.83961999958721,37.236789000222643],[-121.84037399962264,37.235297999783292],[-121.84088900018176,37.234188999949097],[-121.84102399990097,37.231207999675931]]]},"properties":{"GEOID":"06085512045","STATE":"06","COUNTY":"085","TRACT":"512045","BASENAME":"5120.45","NAME":"Census Tract 5120.45"}},{"type":"Feature","geometry":{"type":"Polygon","coordinates":[[[-121.83072299967336,37.244970000099485],[-121.83072100002352,37.244219999871568],[-121.83068800041157,37.242074000324763],[-121.83060700022071,37.236873000216058],[-121.82591499977877,37.237456999694096],[-121.822101999944,37.237570999980434],[-121.82017499957354,37.237535999841853],[-121.81685600038148,37.236975999705571],[-121.81681700002342,37.239550999848511],[-121.81727999980569,37.241072999972147],[-121.81754299957144,37.242114000014759],[-121.81768900005962,37.24341400019442],[-121.82039800005461,37.243575000013244],[-121.82347899959525,37.244396000345461],[-121.82998799990452,37.247493000090479],[-121.83072299967336,37.244970000099485]]]},"properties":{"GEOID":"06085512037","STATE":"06","COUNTY":"085","TRACT":"512037","BASENAME":"5120.37","NAME":"Census Tract 5120.37"}},{"type":"Feature","geometry":{"type":"Polygon","coordinates":[[[-121.81768900005962,37.24341400019442],[-121.81754299957144,37.242114000014759],[-121.81727999980569,37.241072999972147],[-121.81681700002342,37.239550999848511],[-121.81685600038148,37.236975999705571],[-121.81581000026803,37.236910000319625],[-121.80979200022844,37.23694199983408],[-121.80384000031113,37.236990000153014],[-121.80383600011317,37.23937800032089],[-121.80405600022118,37.243019999857779],[-121.80544000044344,37.243205999870412],[-121.81768900005962,37.24341400019442]]]},"properties":{"GEOID":"06085512036","STATE":"06","COUNTY":"085","TRACT":"512036","BASENAME":"5120.36","NAME":"Census Tract 5120.36"}},{"type":"Feature","geometry":{"type":"Polygon","coordinates":[[[-122.00861000004396,37.365040000147182],[-122.00869000040991,37.363080000032852],[-122.00500999974622,37.363100000212384],[-122.00501999979195,37.361699999759622],[-122.00501999979195,37.359132000010149],[-122.00494000032435,37.352100000019334],[-122.00156099995952,37.352149000192156],[-122.00156699980731,37.352421000235083],[-122.00044500042421,37.354075000348374],[-122.00050999982321,37.358599999704708],[-121.99961600004572,37.36065300021864],[-121.99583900019597,37.360666000185248],[-121.99580999988366,37.361829999652223],[-121.9958340001731,37.364420000277583],[-121.99601599974798,37.36688799964768],[-121.99815999985343,37.366890000135562],[-122.00123000042176,37.366829999755637],[-122.00271800040109,37.366803000282957],[-122.00365999985915,37.366789999951649],[-122.00606500008051,37.366762000218948],[-122.00824000014812,37.366750000126338],[-122.00861000004396,37.365040000147182]]]},"properties":{"GEOID":"06085508508","STATE":"06","COUNTY":"085","TRACT":"508508","BASENAME":"5085.08","NAME":"Census Tract 5085.08"}},{"type":"Feature","geometry":{"type":"Polygon","coordinates":[[[-122.00156699980731,37.352421000235083],[-122.00156099995952,37.352149000192156],[-122.00031900002749,37.352173000046562],[-121.99927000043931,37.352180000270444],[-121.99632999956732,37.352180000270444],[-121.99593999957999,37.358429999952897],[-121.99583900019597,37.360666000185248],[-121.99961600004572,37.36065300021864],[-122.00050999982321,37.358599999704708],[-122.00044500042421,37.354075000348374],[-122.00156699980731,37.352421000235083]]]},"properties":{"GEOID":"06085508507","STATE":"06","COUNTY":"085","TRACT":"508507","BASENAME":"5085.07","NAME":"Census Tract 5085.07"}},{"type":"Feature","geometry":{"type":"Polygon","coordinates":[[[-122.01410000000394,37.322870000056938],[-122.01404999977522,37.32004999979965],[-122.01312000001273,37.317860000082149],[-122.0132799998463,37.316170000122213],[-122.01346999981708,37.310529999757073],[-122.01348999990857,37.310410000320729],[-122.01349999995432,37.310319999903264],[-122.00771000041868,37.310680000212145],[-122.00770000037295,37.310770000198659],[-122.0075000003564,37.315310000147981],[-122.00738999985323,37.31592999977341],[-122.00687000016954,37.316530000280281],[-122.00648000018222,37.317179999889966],[-122.00649000022796,37.322950000015275],[-122.01410000000394,37.322870000056938]]]},"properties":{"GEOID":"06085508003","STATE":"06","COUNTY":"085","TRACT":"508003","BASENAME":"5080.03","NAME":"Census Tract 5080.03"}},{"type":"Feature","geometry":{"type":"Polygon","coordinates":[[[-121.66104000017887,37.112529999683609],[-121.66196999994139,37.10482999994575],[-121.65773000030937,37.106009999783673],[-121.64913899981893,37.110712000353061],[-121.64806099991843,37.111305999969851],[-121.64574299973569,37.11252800031356],[-121.64084000030485,37.113770000101518],[-121.64384999970039,37.118990000230383],[-121.64609000006534,37.121780000317031],[-121.64846000012659,37.125950000178435],[-121.65176999999612,37.124719999666617],[-121.65889000022564,37.122559999871491],[-121.66167000036575,37.121700000147008],[-121.66193999980415,37.120979999826552],[-121.6616899995589,37.117099999681066],[-121.66129000042413,37.113019999918322],[-121.66104000017887,37.112529999683609]]]},"properties":{"GEOID":"06085512313","STATE":"06","COUNTY":"085","TRACT":"512313","BASENAME":"5123.13","NAME":"Census Tract 5123.13"}},{"type":"Feature","geometry":{"type":"Polygon","coordinates":[[[-121.6732700004268,37.122239999832779],[-121.67326299985579,37.117263000288688],[-121.67222799961299,37.117333000336465],[-121.66977399988615,37.117133999806015],[-121.66829299957949,37.116442000239424],[-121.66707900013485,37.116544000022259],[-121.66594199978481,37.116659000237661],[-121.66393800031975,37.116775000265484],[-121.66182099997846,37.117077000072463],[-121.6616899995589,37.117099999681066],[-121.66193999980415,37.120979999826552],[-121.66167000036575,37.121700000147008],[-121.65889000022564,37.122559999871491],[-121.65176999999612,37.124719999666617],[-121.64846000012659,37.125950000178435],[-121.64724999998161,37.126410000137298],[-121.65268999971288,37.131730000103182],[-121.6626899996416,37.141480000121895],[-121.66715000027996,37.13894999981364],[-121.67281799961687,37.135140999685198],[-121.6730100001358,37.135016000008854],[-121.67133300001058,37.132378999689337],[-121.67294999986133,37.125031000346468],[-121.6732700004268,37.122239999832779]]]},"properties":{"GEOID":"06085512314","STATE":"06","COUNTY":"085","TRACT":"512314","BASENAME":"5123.14","NAME":"Census Tract 5123.14"}},{"type":"Feature","geometry":{"type":"Polygon","coordinates":[[[-121.58008999999666,37.029529999857452],[-121.5748200001447,37.01934999986203],[-121.57240999990047,37.014629999886616],[-121.57591399993875,37.013612000129072],[-121.57374999974178,37.008930000044153],[-121.57018999962705,37.009989999920769],[-121.57003999983921,37.009619999782274],[-121.56274999973037,37.011609999986405],[-121.5623439998495,37.008808000120773],[-121.55958999964867,37.009819999886922],[-121.56644999958722,37.022400000249625],[-121.57181700042185,37.032289000037458],[-121.58008999999666,37.029529999857452]]]},"properties":{"GEOID":"06085512604","STATE":"06","COUNTY":"085","TRACT":"512604","BASENAME":"5126.04","NAME":"Census Tract 5126.04"}},{"type":"Feature","geometry":{"type":"Polygon","coordinates":[[[-121.93176999979741,37.290048999745125],[-121.93174999970593,37.286970000158973],[-121.93174999970593,37.286859999813224],[-121.93173999966019,37.283489999986806],[-121.93167899956082,37.282400000003832],[-121.93165699981954,37.282009999643989],[-121.93164199975089,37.280181000350076],[-121.93003400012097,37.280246999715729],[-121.92704999976638,37.281481999741359],[-121.92416000002143,37.280544999683201],[-121.92354400007828,37.281418999887386],[-121.92245500030712,37.282627000265109],[-121.92255700041437,37.28625600028608],[-121.92255400004134,37.28673899989041],[-121.92259699969902,37.289861999781309],[-121.92261599996561,37.290286000296533],[-121.92265299977554,37.291955999774295],[-121.92265600014856,37.294372999942908],[-121.92415699964837,37.294408999896341],[-121.93168600013185,37.294396999675563],[-121.93176999979741,37.290048999745125]]]},"properties":{"GEOID":"06085502603","STATE":"06","COUNTY":"085","TRACT":"502603","BASENAME":"5026.03","NAME":"Census Tract 5026.03"}},{"type":"Feature","geometry":{"type":"Polygon","coordinates":[[[-121.88605400016668,37.387353000299782],[-121.88446400008009,37.385530000216022],[-121.88403200025995,37.385038000167562],[-121.87850999961461,37.37988400011394],[-121.87533399963942,37.376336000263414],[-121.87306200038573,37.373791000208982],[-121.86899000008491,37.378029000279703],[-121.87105299999951,37.378965000212851],[-121.87179899963898,37.381275999898328],[-121.87034900019282,37.382698999860658],[-121.87325300018146,37.385435999878879],[-121.87916099971787,37.390981000209315],[-121.88146399983198,37.388614000300798],[-121.88275099996986,37.387908999987488],[-121.88605400016668,37.387353000299782]]]},"properties":{"GEOID":"06085504317","STATE":"06","COUNTY":"085","TRACT":"504317","BASENAME":"5043.17","NAME":"Census Tract 5043.17"}},{"type":"Feature","geometry":{"type":"Polygon","coordinates":[[[-121.87901900032595,37.369655999827067],[-121.88069800010101,37.368007000113188],[-121.87841300042854,37.36683100000031],[-121.87799300030399,37.366506999979713],[-121.87722800039793,37.365870000002424],[-121.87465300029724,37.363319999693857],[-121.86936500000363,37.366808000080276],[-121.86519599961842,37.369633000059061],[-121.86325099970458,37.37093999980781],[-121.8603939995716,37.372864000007688],[-121.85872800021535,37.373994000074831],[-121.85475700019684,37.376782000156034],[-121.85834499990068,37.380359000052273],[-121.86286400009028,37.384669999982265],[-121.86495999961686,37.382444000260215],[-121.8673570003406,37.37976799967943],[-121.86899000008491,37.378029000279703],[-121.87306200038573,37.373791000208982],[-121.87901900032595,37.369655999827067]]]},"properties":{"GEOID":"06085504319","STATE":"06","COUNTY":"085","TRACT":"504319","BASENAME":"5043.19","NAME":"Census Tract 5043.19"}},{"type":"Feature","geometry":{"type":"Polygon","coordinates":[[[-121.87750100020938,37.405583999727391],[-121.87555899977031,37.399239999878432],[-121.87172500001915,37.396704000035072],[-121.86777800029009,37.399258999881496],[-121.86436100029044,37.401055999883248],[-121.86638400002209,37.403803999904888],[-121.86676300013877,37.40432400023235],[-121.86946700011089,37.408031999945564],[-121.87026700017702,37.409124000204905],[-121.87412400039273,37.407238999855615],[-121.87750100020938,37.405583999727391]]]},"properties":{"GEOID":"06085504320","STATE":"06","COUNTY":"085","TRACT":"504320","BASENAME":"5043.20","NAME":"Census Tract 5043.20"}},{"type":"Feature","geometry":{"type":"Polygon","coordinates":[[[-121.79830099994733,37.328667000121129],[-121.79695699990805,37.324917999891376],[-121.79588900005326,37.324761000066374],[-121.78704599966778,37.324838999974986],[-121.78214099968879,37.324966999942532],[-121.78219000009258,37.327404000323241],[-121.78223500029846,37.329626999943329],[-121.78284700004363,37.331729999819636],[-121.78936300002557,37.330419000062484],[-121.79023900025972,37.330270999747377],[-121.79830099994733,37.328667000121129]]]},"properties":{"GEOID":"06085503324","STATE":"06","COUNTY":"085","TRACT":"503324","BASENAME":"5033.24","NAME":"Census Tract 5033.24"}},{"type":"Feature","geometry":{"type":"Polygon","coordinates":[[[-121.81162900018725,37.347888999822239],[-121.81113200006978,37.347342999894579],[-121.80886300029087,37.344739999991795],[-121.80858499955819,37.344549000328385],[-121.8048749996556,37.346419000145787],[-121.80240199966218,37.34769299995714],[-121.79825400009165,37.344870999801621],[-121.79752099997265,37.344380000007966],[-121.79609099971962,37.343429000193964],[-121.79063599991974,37.346218000273652],[-121.79332999984612,37.348078999778707],[-121.79418900036183,37.348606999861929],[-121.79485600035861,37.349100999880328],[-121.79702999970297,37.350593999788273],[-121.79990600010252,37.352573000060794],[-121.8014109998003,37.353547999869001],[-121.80160400014415,37.355527000099897],[-121.80402799973378,37.355428000165197],[-121.80398199970301,37.354659000351745],[-121.80589800020286,37.351775999951236],[-121.81162900018725,37.347888999822239]]]},"properties":{"GEOID":"06085503509","STATE":"06","COUNTY":"085","TRACT":"503509","BASENAME":"5035.09","NAME":"Census Tract 5035.09"}},{"type":"Feature","geometry":{"type":"Polygon","coordinates":[[[-121.82700600009805,37.350832999643991],[-121.82488899975679,37.347653999737133],[-121.82284799958349,37.344718000268458],[-121.8219670002248,37.343462999827949],[-121.81939899979679,37.344759000234589],[-121.81800299987898,37.343546000235058],[-121.81618299963861,37.3442770003318],[-121.81655400025771,37.345628999813002],[-121.81281099984481,37.347474000162094],[-121.81113200006978,37.347342999894579],[-121.81162900018725,37.347888999822239],[-121.81429799999924,37.35081799991444],[-121.81506600027835,37.351666999885076],[-121.81914699990172,37.356142000101464],[-121.82700600009805,37.350832999643991]]]},"properties":{"GEOID":"06085503510","STATE":"06","COUNTY":"085","TRACT":"503510","BASENAME":"5035.10","NAME":"Census Tract 5035.10"}},{"type":"Feature","geometry":{"type":"Polygon","coordinates":[[[-121.87753399982135,37.392667000025469],[-121.87916099971787,37.390981000209315],[-121.87325300018146,37.385435999878879],[-121.87034900019282,37.382698999860658],[-121.87179899963898,37.381275999898328],[-121.87105299999951,37.378965000212851],[-121.86899000008491,37.378029000279703],[-121.8673570003406,37.37976799967943],[-121.86495999961686,37.382444000260215],[-121.86286400009028,37.384669999982265],[-121.87202999961765,37.393107999667933],[-121.87380800002524,37.395274999771367],[-121.87713299996337,37.392966000270178],[-121.87753399982135,37.392667000025469]]]},"properties":{"GEOID":"06085504316","STATE":"06","COUNTY":"085","TRACT":"504316","BASENAME":"5043.16","NAME":"Census Tract 5043.16"}},{"type":"Feature","geometry":{"type":"Polygon","coordinates":[[[-121.86936500000363,37.366808000080276],[-121.86882699987829,37.366161999662424],[-121.86334199994118,37.360670000064644],[-121.86069800024354,37.357988000224132],[-121.85770200019337,37.360126000227375],[-121.85542900021647,37.361665999816474],[-121.85480700042555,37.362090000189824],[-121.85762600002538,37.364945999830823],[-121.85878900031472,37.366821999939347],[-121.86325099970458,37.37093999980781],[-121.86519599961842,37.369633000059061],[-121.86936500000363,37.366808000080276]]]},"properties":{"GEOID":"06085503709","STATE":"06","COUNTY":"085","TRACT":"503709","BASENAME":"5037.09","NAME":"Census Tract 5037.09"}},{"type":"Feature","geometry":{"type":"Polygon","coordinates":[[[-121.85191500013245,37.378752000094778],[-121.85475700019684,37.376782000156034],[-121.85184099961431,37.373810000237356],[-121.85180499962929,37.373773000328015],[-121.84610399978212,37.368074999949364],[-121.84301300019573,37.37007700013887],[-121.83560900028405,37.375109999800671],[-121.83614499986128,37.375802999736592],[-121.83706299992821,37.376978999837199],[-121.83716000001259,37.377126000070241],[-121.83870599971823,37.379171999959119],[-121.83910599975134,37.379695000083174],[-121.84049099979849,37.381514999834529],[-121.84105400003818,37.382243999826805],[-121.84132400037494,37.382603000188453],[-121.84225300031251,37.383828000205035],[-121.84514800008036,37.381863000344772],[-121.84734300023941,37.380422999859071],[-121.85191500013245,37.378752000094778]]]},"properties":{"GEOID":"06085503804","STATE":"06","COUNTY":"085","TRACT":"503804","BASENAME":"5038.04","NAME":"Census Tract 5038.04"}},{"type":"Feature","geometry":{"type":"Polygon","coordinates":[[[-121.84398300014119,37.310359999784524],[-121.8423639997423,37.309082000057636],[-121.83893099984914,37.307968000335961],[-121.83879899960465,37.304231999810156],[-121.83707200014904,37.301940999680056],[-121.83310299978037,37.300913999758535],[-121.82888700043777,37.299183999647092],[-121.82457800031048,37.298469000193656],[-121.82378499991701,37.298796999693387],[-121.82239200037222,37.299485999932052],[-121.82091600008846,37.300394999758801],[-121.81677400036574,37.302980999817109],[-121.8198199997463,37.306083000000697],[-121.82469200011329,37.311163999744593],[-121.82540400031588,37.309776999981118],[-121.82914799965538,37.307553999796241],[-121.83250399955567,37.305351000180082],[-121.8350429996713,37.30796199987843],[-121.83896199981127,37.310250000059789],[-121.84086300024249,37.312371000251886],[-121.84398300014119,37.310359999784524]]]},"properties":{"GEOID":"06085503212","STATE":"06","COUNTY":"085","TRACT":"503212","BASENAME":"5032.12","NAME":"Census Tract 5032.12"}},{"type":"Feature","geometry":{"type":"Polygon","coordinates":[[[-121.84765399968575,37.307958999649486],[-121.84552200017414,37.305753000149572],[-121.84187800039382,37.301953000126417],[-121.84032599994205,37.300329999901656],[-121.84014799966683,37.300129000339666],[-121.83925999973711,37.299202000261218],[-121.83762600016792,37.297714000219216],[-121.8350279996027,37.295133999916395],[-121.83321400010843,37.293420999846361],[-121.82893599994328,37.296345999958085],[-121.82732699959011,37.297318000031808],[-121.82457800031048,37.298469000193656],[-121.82888700043777,37.299183999647092],[-121.83310299978037,37.300913999758535],[-121.83707200014904,37.301940999680056],[-121.83879899960465,37.304231999810156],[-121.83893099984914,37.307968000335961],[-121.8423639997423,37.309082000057636],[-121.84398300014119,37.310359999784524],[-121.84765399968575,37.307958999649486]]]},"properties":{"GEOID":"06085503213","STATE":"06","COUNTY":"085","TRACT":"503213","BASENAME":"5032.13","NAME":"Census Tract 5032.13"}},{"type":"Feature","geometry":{"type":"Polygon","coordinates":[[[-121.81708999983492,37.357535999919357],[-121.81914699990172,37.356142000101464],[-121.81506600027835,37.351666999885076],[-121.81429799999924,37.35081799991444],[-121.81162900018725,37.347888999822239],[-121.80589800020286,37.351775999951236],[-121.80398199970301,37.354659000351745],[-121.80402799973378,37.355428000165197],[-121.8050780000452,37.356006999836133],[-121.80855699996911,37.357614000068345],[-121.81217499981021,37.360885000052356],[-121.81445899965772,37.359310000217945],[-121.8156539997341,37.358509999884099],[-121.81605700014023,37.358237000124973],[-121.81708999983492,37.357535999919357]]]},"properties":{"GEOID":"06085503508","STATE":"06","COUNTY":"085","TRACT":"503508","BASENAME":"5035.08","NAME":"Census Tract 5035.08"}},{"type":"Feature","geometry":{"type":"Polygon","coordinates":[[[-121.8603939995716,37.372864000007688],[-121.86325099970458,37.37093999980781],[-121.85878900031472,37.366821999939347],[-121.85762600002538,37.364945999830823],[-121.85480700042555,37.362090000189824],[-121.85282800017652,37.363432999705722],[-121.85012000000648,37.365259000100913],[-121.84610399978212,37.368074999949364],[-121.85180499962929,37.373773000328015],[-121.85184099961431,37.373810000237356],[-121.85475700019684,37.376782000156034],[-121.85872800021535,37.373994000074831],[-121.8603939995716,37.372864000007688]]]},"properties":{"GEOID":"06085503708","STATE":"06","COUNTY":"085","TRACT":"503708","BASENAME":"5037.08","NAME":"Census Tract 5037.08"}},{"type":"Feature","geometry":{"type":"Polygon","coordinates":[[[-121.80858499955819,37.344549000328385],[-121.80796299976727,37.343794000354208],[-121.80751400022869,37.34328899998458],[-121.8064639999173,37.342135000120493],[-121.80591300027145,37.341518999773371],[-121.80061800030516,37.335547000155003],[-121.79411599966858,37.336823999933813],[-121.79168000038341,37.337489999884305],[-121.78561600031307,37.338678000074538],[-121.78520200003628,37.338684000222578],[-121.78999599968715,37.342069000069898],[-121.79079900012637,37.343673999753761],[-121.79063599991974,37.346218000273652],[-121.79609099971962,37.343429000193964],[-121.79752099997265,37.344380000007966],[-121.79825400009165,37.344870999801621],[-121.80240199966218,37.34769299995714],[-121.8048749996556,37.346419000145787],[-121.80858499955819,37.344549000328385]]]},"properties":{"GEOID":"06085503322","STATE":"06","COUNTY":"085","TRACT":"503322","BASENAME":"5033.22","NAME":"Census Tract 5033.22"}},{"type":"Feature","geometry":{"type":"Polygon","coordinates":[[[-121.84018299982694,37.32724900009346],[-121.83676099980443,37.323582000049988],[-121.83628299995353,37.323114000128044],[-121.83414100039622,37.320915999973096],[-121.83176299993903,37.318456999661372],[-121.82589300003745,37.322370999760508],[-121.8289369997682,37.325449000185579],[-121.82924300008993,37.325758999893836],[-121.83008900018686,37.326609999719636],[-121.8303050000969,37.326829000352525],[-121.83175600026632,37.328287000076763],[-121.8338590003639,37.326883000185425],[-121.83670499972793,37.329635000152201],[-121.84018299982694,37.32724900009346]]]},"properties":{"GEOID":"06085503402","STATE":"06","COUNTY":"085","TRACT":"503402","BASENAME":"5034.02","NAME":"Census Tract 5034.02"}},{"type":"Feature","geometry":{"type":"Polygon","coordinates":[[[-121.834836999807,37.345500000241152],[-121.83756400024362,37.343654999950601],[-121.83297399990894,37.338932999873357],[-121.82903800005052,37.334878000249702],[-121.82810300026514,37.335508000055043],[-121.82632300020775,37.336711999793238],[-121.83015899960874,37.340670999915581],[-121.834836999807,37.345500000241152]]]},"properties":{"GEOID":"06085503507","STATE":"06","COUNTY":"085","TRACT":"503507","BASENAME":"5035.07","NAME":"Census Tract 5035.07"}},{"type":"Feature","geometry":{"type":"Polygon","coordinates":[[[-122.00770000037295,37.310770000198659],[-122.00771000041868,37.310680000212145],[-122.0075000003564,37.310680000212145],[-122.00296000025041,37.310230000092552],[-121.99741099984091,37.309660000218557],[-121.99632500044278,37.309616999802095],[-121.99594999962575,37.309572999782453],[-121.99569000023304,37.310724999861641],[-121.99547500014792,37.315830000294937],[-121.99548500019364,37.32065199985729],[-121.99555899981351,37.322469000294888],[-121.99569100005796,37.322940000293009],[-121.99986000044319,37.322940000293009],[-122.00093900016861,37.322929999855077],[-122.00337000032924,37.322929999855077],[-122.00649000022796,37.322950000015275],[-122.00648000018222,37.317179999889966],[-122.00687000016954,37.316530000280281],[-122.00738999985323,37.31592999977341],[-122.0075000003564,37.315310000147981],[-122.00770000037295,37.310770000198659]]]},"properties":{"GEOID":"06085508004","STATE":"06","COUNTY":"085","TRACT":"508004","BASENAME":"5080.04","NAME":"Census Tract 5080.04"}},{"type":"Feature","geometry":{"type":"Polygon","coordinates":[[[-121.84859100001927,37.335812000023409],[-121.84666700002184,37.333875000275903],[-121.84278300004195,37.330006000332247],[-121.8417729999135,37.328955000069989],[-121.84018299982694,37.32724900009346],[-121.83670499972793,37.329635000152201],[-121.8338590003639,37.326883000185425],[-121.83175600026632,37.328287000076763],[-121.8344789996067,37.33103900004744],[-121.83697300041484,37.333597000350416],[-121.83741100008274,37.334045999886051],[-121.83960899971656,37.336302000187835],[-121.84310899955686,37.339904000133536],[-121.84591399981133,37.338042000232093],[-121.84859100001927,37.335812000023409]]]},"properties":{"GEOID":"06085503401","STATE":"06","COUNTY":"085","TRACT":"503401","BASENAME":"5034.01","NAME":"Census Tract 5034.01"}},{"type":"Feature","geometry":{"type":"Polygon","coordinates":[[[-121.8750449999344,37.416007000146386],[-121.87443300018923,37.414369999777179],[-121.87026700017702,37.409124000204905],[-121.86250800043814,37.412922000237288],[-121.85882199992666,37.414726000150708],[-121.85637999989538,37.415922000093509],[-121.85414499955333,37.417012999917226],[-121.85552200010289,37.418884999886302],[-121.85701099990715,37.420883999689863],[-121.8581830004173,37.421481999965508],[-121.86003299989657,37.422487000171408],[-121.86108800023086,37.42202000000993],[-121.86765600009136,37.419126000289452],[-121.87403700035409,37.416366000052875],[-121.8750449999344,37.416007000146386]]]},"properties":{"GEOID":"06085504411","STATE":"06","COUNTY":"085","TRACT":"504411","BASENAME":"5044.11","NAME":"Census Tract 5044.11"}},{"type":"Feature","geometry":{"type":"Polygon","coordinates":[[[-121.87555899977031,37.399239999878432],[-121.87482599965128,37.397165999691346],[-121.87380800002524,37.395274999771367],[-121.87202999961765,37.393107999667933],[-121.86286400009028,37.384669999982265],[-121.86177799979386,37.385789999988191],[-121.86056099997616,37.38655799982628],[-121.85844199998506,37.388593999785982],[-121.85620699964304,37.389684000081289],[-121.85941299975548,37.394098999695991],[-121.86436100029044,37.401055999883248],[-121.86777800029009,37.399258999881496],[-121.87172500001915,37.396704000035072],[-121.87555899977031,37.399239999878432]]]},"properties":{"GEOID":"06085504321","STATE":"06","COUNTY":"085","TRACT":"504321","BASENAME":"5043.21","NAME":"Census Tract 5043.21"}},{"type":"Feature","geometry":{"type":"Polygon","coordinates":[[[-121.88886299972079,37.407575000137456],[-121.88787600005683,37.406952000264994],[-121.88211699958505,37.403320000112053],[-121.87750100020938,37.405583999727391],[-121.87412400039273,37.407238999855615],[-121.87026700017702,37.409124000204905],[-121.87443300018923,37.414369999777179],[-121.8750449999344,37.416007000146386],[-121.88026100025799,37.414515999862466],[-121.8800429997998,37.413840000223111],[-121.88130300017352,37.413151999674902],[-121.882056000384,37.413151999674902],[-121.88081100007891,37.411522000092425],[-121.88414900043583,37.409406000226447],[-121.88886299972079,37.407575000137456]]]},"properties":{"GEOID":"06085504410","STATE":"06","COUNTY":"085","TRACT":"504410","BASENAME":"5044.10","NAME":"Census Tract 5044.10"}},{"type":"Feature","geometry":{"type":"Polygon","coordinates":[[[-122.02306999971275,37.218587000164383],[-122.0246699998451,37.215844000082797],[-122.01976099966814,37.214694999671359],[-122.01736999969049,37.21479300023092],[-122.01232800034249,37.214362000132908],[-122.00719800023262,37.212018999655527],[-122.00566800042048,37.209397999806342],[-122.00536899977143,37.208104000338906],[-122.00273799959427,37.206370999800754],[-122.00076900028928,37.204350999793363],[-121.9974679997423,37.202737000346836],[-121.99485699965662,37.201951999833227],[-121.99196000023896,37.203511999999868],[-121.99297799986503,37.197990000164424],[-121.99144700022796,37.198176000340133],[-121.99171900021457,37.200118000015514],[-121.98901500024245,37.20149399991238],[-121.98692200019062,37.202469999800428],[-121.98655300011967,37.20532899972163],[-121.98690399974893,37.205920999992081],[-121.98704699986409,37.206474999686385],[-121.98609500036027,37.208005999676608],[-121.98658900010467,37.208246000050686],[-121.98666500027268,37.208556999906769],[-121.986434000294,37.208917999899072],[-121.98644699981445,37.209613999770077],[-121.98687799980969,37.209954000103302],[-121.98746199996579,37.210070000127388],[-121.98682400028132,37.210967000003784],[-121.98620900016309,37.211352999811368],[-121.98608100011658,37.21193999995981],[-121.9858879997727,37.21231299993358],[-121.98541599976961,37.212671000107477],[-121.98508299968367,37.213118000010311],[-121.98422499989118,37.213764000168183],[-121.98379800009394,37.213651999932495],[-121.98258999959877,37.214029999972134],[-121.98111000001535,37.214070000232653],[-121.97912999994143,37.213709999985866],[-121.97932999995795,37.21309000026379],[-121.97804000034536,37.212440000161671],[-121.97909999980421,37.211760000335197],[-121.97987999977889,37.210609999791856],[-121.98082499961001,37.210129000256224],[-121.97964899980022,37.20863399987563],[-121.97791099957558,37.208568000009343],[-121.97670499962858,37.208118999918021],[-121.9741499996194,37.21021999974613],[-121.9731229997725,37.209515000161566],[-121.9723200002316,37.210356000115745],[-121.97276700012034,37.212826999735825],[-121.97240300007229,37.21589100013302],[-121.97373200004297,37.21771299979951],[-121.97422999998533,37.216762999954582],[-121.97659599984863,37.215394000250541],[-121.97658199960495,37.217888999921165],[-121.97411799983234,37.219871000286645],[-121.98095000018178,37.22040999985898],[-121.9818099996241,37.221526000142454],[-121.98332699991575,37.220375999670651],[-121.9875120001945,37.217933999967642],[-121.9843300003715,37.221739999661239],[-121.9875630002481,37.223021999734961],[-121.98658099970875,37.223733999737881],[-121.99039400044184,37.224424000303699],[-121.99084999965308,37.225330000311239],[-121.99293000018447,37.225330000311239],[-121.99222999967739,37.228330000132203],[-121.98926999961226,37.228989999983867],[-121.98763000019527,37.23069000030835],[-121.9859990001008,37.229725999755004],[-121.98497499972865,37.230813999909294],[-121.98458100044165,37.2312910002628],[-121.98958900035281,37.234165000332133],[-121.99051200044261,37.23474999990497],[-121.99452899959354,37.238084000208254],[-121.9951799996968,37.238610000145911],[-121.9964380004207,37.239588999861077],[-121.99701400018085,37.23994199964536],[-121.99880000008604,37.240709999836746],[-122.00089899998564,37.241189000054632],[-122.00212699967399,37.241441000062515],[-122.00238299976701,37.241491999680619],[-122.00407599978575,37.240573000064103],[-122.00517499960266,37.240452000125678],[-122.00592600016334,37.240254000197581],[-122.00502599963976,37.23772099998164],[-122.00535100022806,37.235940999985488],[-122.00707799968369,37.23348100016954],[-122.01086999960205,37.231460000149895],[-122.0113929996588,37.228558000239872],[-122.01161799978968,37.226032000256048],[-122.01305600043862,37.22415399996332],[-122.01877300017934,37.222650999810448],[-122.02149399986988,37.220115000323354],[-122.02298500022226,37.220676999879579],[-122.02306999971275,37.218587000164383]]]},"properties":{"GEOID":"06085507003","STATE":"06","COUNTY":"085","TRACT":"507003","BASENAME":"5070.03","NAME":"Census Tract 5070.03"}},{"type":"Feature","geometry":{"type":"Polygon","coordinates":[[[-121.99222999967739,37.228330000132203],[-121.99293000018447,37.225330000311239],[-121.99084999965308,37.225330000311239],[-121.99039400044184,37.224424000303699],[-121.98658099970875,37.223733999737881],[-121.9875630002481,37.223021999734961],[-121.9843300003715,37.221739999661239],[-121.9875120001945,37.217933999967642],[-121.98332699991575,37.220375999670651],[-121.9818099996241,37.221526000142454],[-121.98095000018178,37.22040999985898],[-121.97411799983234,37.219871000286645],[-121.97658199960495,37.217888999921165],[-121.97659599984863,37.215394000250541],[-121.97422999998533,37.216762999954582],[-121.97373200004297,37.21771299979951],[-121.97240300007229,37.21589100013302],[-121.97276700012034,37.212826999735825],[-121.97187300034285,37.212658999737478],[-121.97169400024272,37.212861999897022],[-121.97157899971666,37.213367999841537],[-121.97137299985235,37.213918000131322],[-121.97119700012526,37.214206000101434],[-121.97030199962454,37.216296999682811],[-121.9701519998367,37.217238000299417],[-121.97370500027878,37.220056000134704],[-121.9714900000282,37.222850000205128],[-121.96964999969639,37.225179999977044],[-121.96788999973046,37.227359999717656],[-121.96430000037678,37.226590000209193],[-121.96213000033207,37.229330000253931],[-121.96077000039926,37.232269999902691],[-121.96427000023957,37.233240000094547],[-121.96808999974701,37.23542999988954],[-121.97067099969546,37.234545000284001],[-121.97399599963359,37.227747000000129],[-121.97499900008935,37.226525000281022],[-121.97912999994143,37.227859999999971],[-121.98422300024139,37.231077999857064],[-121.98434000041725,37.231145999867273],[-121.98458100044165,37.2312910002628],[-121.98497499972865,37.230813999909294],[-121.9859990001008,37.229725999755004],[-121.98763000019527,37.23069000030835],[-121.98926999961226,37.228989999983867],[-121.99222999967739,37.228330000132203]]]},"properties":{"GEOID":"06085507004","STATE":"06","COUNTY":"085","TRACT":"507004","BASENAME":"5070.04","NAME":"Census Tract 5070.04"}},{"type":"Feature","geometry":{"type":"Polygon","coordinates":[[[-121.93167400043627,37.298029999797031],[-121.93166900041341,37.297221999780696],[-121.93011899961147,37.297394000352156],[-121.92548700034229,37.299418999862283],[-121.92268899976054,37.299831000039617],[-121.92285799981494,37.301429000287975],[-121.92283799972347,37.303331000064077],[-121.92252700027713,37.303849999810062],[-121.92148899966129,37.30590199978964],[-121.92197300025828,37.306912999936472],[-121.92801100038935,37.301427999886592],[-121.93167400043627,37.298029999797031]]]},"properties":{"GEOID":"06085502204","STATE":"06","COUNTY":"085","TRACT":"502204","BASENAME":"5022.04","NAME":"Census Tract 5022.04"}},{"type":"Feature","geometry":{"type":"Polygon","coordinates":[[[-121.92283799972347,37.303331000064077],[-121.92285799981494,37.301429000287975],[-121.92268899976054,37.299831000039617],[-121.9212920000178,37.300822999713212],[-121.91891699993366,37.301251999779431],[-121.91502100025821,37.304979000117456],[-121.91362799981513,37.307067000339082],[-121.91362899964004,37.30715900029918],[-121.91362899964004,37.307859000285454],[-121.91365700012746,37.310090000172863],[-121.91385600031907,37.310788000183024],[-121.91490800028033,37.313337999905713],[-121.92197300025828,37.306912999936472],[-121.92148899966129,37.30590199978964],[-121.92252700027713,37.303849999810062],[-121.92283799972347,37.303331000064077]]]},"properties":{"GEOID":"06085502203","STATE":"06","COUNTY":"085","TRACT":"502203","BASENAME":"5022.03","NAME":"Census Tract 5022.03"}},{"type":"Feature","geometry":{"type":"Polygon","coordinates":[[[-121.91500100016674,37.315221000098923],[-121.91513400023614,37.314350999833465],[-121.91490800028033,37.313337999905713],[-121.91385600031907,37.310788000183024],[-121.91293800025214,37.310998999718187],[-121.90692000021257,37.311061999809958],[-121.90414400027042,37.312624000242707],[-121.90394300042898,37.31429499982292],[-121.90181500021704,37.318079999961846],[-121.90223299979347,37.31870400028675],[-121.90243700000798,37.318863999700447],[-121.90325899981546,37.319777999670727],[-121.90262500032897,37.321360000317028],[-121.91373300029544,37.320753000208633],[-121.91376799955722,37.317896000223421],[-121.91442500040657,37.316491999797272],[-121.91492599982368,37.315440000343379],[-121.91500100016674,37.315221000098923]]]},"properties":{"GEOID":"06085501902","STATE":"06","COUNTY":"085","TRACT":"501902","BASENAME":"5019.02","NAME":"Census Tract 5019.02"}},{"type":"Feature","geometry":{"type":"Polygon","coordinates":[[[-121.93178999988891,37.310734000216996],[-121.93177900001828,37.309327999754522],[-121.93175100042917,37.306162000339206],[-121.93174100038341,37.305198999823638],[-121.93167400043627,37.298029999797031],[-121.92801100038935,37.301427999886592],[-121.92197300025828,37.306912999936472],[-121.92225299974243,37.308643999755198],[-121.92327999958931,37.310696999939978],[-121.92764800016619,37.310691999978395],[-121.93178999988891,37.310734000216996]]]},"properties":{"GEOID":"06085502104","STATE":"06","COUNTY":"085","TRACT":"502104","BASENAME":"5021.04","NAME":"Census Tract 5021.04"}},{"type":"Feature","geometry":{"type":"Polygon","coordinates":[[[-121.93184099994255,37.316949000233961],[-121.9318379995695,37.316523000305608],[-121.93183699974458,37.316177000129819],[-121.93178999988891,37.310734000216996],[-121.92764800016619,37.310691999978395],[-121.92327999958931,37.310696999939978],[-121.92225299974243,37.308643999755198],[-121.92197300025828,37.306912999936472],[-121.91490800028033,37.313337999905713],[-121.91513400023614,37.314350999833465],[-121.91500100016674,37.315221000098923],[-121.91844999995344,37.316501000176636],[-121.91914200006454,37.316623999775757],[-121.92001300027584,37.316716000186531],[-121.92164799966996,37.316771000339507],[-121.92542500041803,37.316717999868054],[-121.92886499998386,37.316687000154644],[-121.93184099994255,37.316949000233961]]]},"properties":{"GEOID":"06085502103","STATE":"06","COUNTY":"085","TRACT":"502103","BASENAME":"5021.03","NAME":"Census Tract 5021.03"}},{"type":"Feature","geometry":{"type":"Polygon","coordinates":[[[-121.9039169995914,37.464540000017053],[-121.90108299992296,37.461002000047593],[-121.89729900040052,37.456786000259306],[-121.89233800034503,37.450883000278267],[-121.89107899979625,37.447149000056484],[-121.88984299971199,37.44118299989514],[-121.88632199995529,37.441894000083927],[-121.87961799965234,37.443341000020979],[-121.8784529997132,37.443594000072046],[-121.87613700007861,37.444095000112704],[-121.87536100030189,37.442739999776521],[-121.87273599997252,37.438216000189023],[-121.86981600009034,37.435727999967355],[-121.86720500000465,37.434787000351314],[-121.86600999992827,37.434360000028278],[-121.86575600038336,37.434258999902973],[-121.86463499992685,37.433499000154136],[-121.86403800025026,37.431655000081172],[-121.86290300044836,37.427704999928061],[-121.86214299966683,37.423805999800869],[-121.86213599999415,37.423754999669917],[-121.86108800023086,37.42202000000993],[-121.86003299989657,37.422487000171408],[-121.8581830004173,37.421481999965508],[-121.85701099990715,37.420883999689863],[-121.85552200010289,37.418884999886302],[-121.85498300015266,37.419180000072146],[-121.85493100027412,37.41959799979427],[-121.85447000014166,37.420262999699851],[-121.85445000005019,37.42096100007079],[-121.85361599964881,37.421384000278536],[-121.85299600040604,37.421900999903379],[-121.85252799970255,37.421845999718322],[-121.85119799990699,37.421989999767085],[-121.85057799976589,37.421571999841674],[-121.84973699969183,37.42034199978113],[-121.84827999967463,37.419926999967444],[-121.84702199984908,37.418540000117474],[-121.84503699975227,37.419452000340804],[-121.84327299958841,37.419493999675204],[-121.84171900038513,37.420947999854526],[-121.83893099984914,37.421338999884277],[-121.83780000024518,37.421338999884277],[-121.83738699979331,37.421580999751995],[-121.83614700040941,37.421784000057897],[-121.83536800025963,37.42229000022774],[-121.83422500006179,37.422653000119858],[-121.8339289997858,37.42287800001268],[-121.8326890004019,37.423157999918033],[-121.83211699994135,37.423064999897463],[-121.83115899969147,37.423153000311132],[-121.83023700032484,37.425212999870126],[-121.8306569995511,37.426437999715546],[-121.83291799983243,37.429163000250263],[-121.83255999963215,37.430107999691401],[-121.83089299955266,37.431817000025426],[-121.82799199993708,37.432108999646985],[-121.8256570000359,37.431591999889307],[-121.82347299974747,37.431894999952746],[-121.82457599976233,37.432529000114826],[-121.82108000011999,37.435100000079807],[-121.81990000011223,37.435479999923537],[-121.81902999972587,37.437129999843386],[-121.81944999985043,37.437990000021976],[-121.82115000044018,37.438850000303511],[-121.82593999989311,37.439960000230656],[-121.82898000032421,37.439719999829478],[-121.83247000011878,37.438340000060172],[-121.83532999972651,37.438769999781925],[-121.83521000007589,37.440169999771996],[-121.83603000023354,37.442110000338097],[-121.83744000039508,37.443140000278298],[-121.84061999966993,37.44439000009924],[-121.83915000013226,37.447640000318515],[-121.84040999960764,37.448019999957793],[-121.84212000024313,37.450110000198656],[-121.84044999979062,37.450540000031296],[-121.83986999983247,37.451750000194167],[-121.841059999886,37.452269999920581],[-121.84137999955311,37.45415000014777],[-121.84076000031033,37.454830000063346],[-121.84339999981002,37.456919999712802],[-121.84222999984802,37.458439999917751],[-121.84221999980225,37.460079999810048],[-121.84328000015941,37.460309999832262],[-121.84351000031319,37.461870000005398],[-121.84493999966789,37.462499999885914],[-121.844910000429,37.465559999887148],[-121.84660000007467,37.4663000000862],[-121.84683000022845,37.468490000086327],[-121.84805999956659,37.471449999911833],[-121.85107999990618,37.47651999988436],[-121.85209000003465,37.48048000004497],[-121.85529000029931,37.483070000256554],[-121.85576200030242,37.48453700032934],[-121.86342200030711,37.48461699965862],[-121.86526699976351,37.484637000190375],[-121.86993400009111,37.481679999813878],[-121.87011499984106,37.480729000039986],[-121.87104700015172,37.479241000049555],[-121.8740089998667,37.477407000168938],[-121.87461200028937,37.47576699966212],[-121.87723599989553,37.475226999878558],[-121.88025100021225,37.471548000343361],[-121.88260299983185,37.470553999786638],[-121.88596600030313,37.471374999982253],[-121.88935200034064,37.470102000231208],[-121.89075900012912,37.468038000171134],[-121.89138599994291,37.46784999968564],[-121.89499200008844,37.467544000220464],[-121.89830600015588,37.466660999742111],[-121.89884199973311,37.465954000340226],[-121.9039169995914,37.464540000017053]]]},"properties":{"GEOID":"06085504424","STATE":"06","COUNTY":"085","TRACT":"504424","BASENAME":"5044.24","NAME":"Census Tract 5044.24"}},{"type":"Feature","geometry":{"type":"Polygon","coordinates":[[[-121.95939200002479,37.419324999797951],[-121.95721199993432,37.41720200003801],[-121.9559449998879,37.416335000100972],[-121.95380199960738,37.41502399982776],[-121.94936100013388,37.412316000149026],[-121.94541799970449,37.409866000007717],[-121.94485000034021,37.409220000164417],[-121.94119700033902,37.410993999676819],[-121.93808599976285,37.412296999889193],[-121.93715799965014,37.412508999961517],[-121.93220900018855,37.413434999853443],[-121.93092200005069,37.413261000306427],[-121.92396400020284,37.41104499993606],[-121.92297400016589,37.411034999817993],[-121.92560600016799,37.41313799990305],[-121.92602600029254,37.414615999903297],[-121.92811299959827,37.415538999934299],[-121.93013100020534,37.417758999745061],[-121.93104699972417,37.420094000131179],[-121.92643200017342,37.422761000266959],[-121.93073700010275,37.422366999876338],[-121.94373499973146,37.419471999754997],[-121.95704500042804,37.419448000029263],[-121.95939200002479,37.419324999797951]]]},"properties":{"GEOID":"06085505015","STATE":"06","COUNTY":"085","TRACT":"505015","BASENAME":"5050.15","NAME":"Census Tract 5050.15"}},{"type":"Feature","geometry":{"type":"Polygon","coordinates":[[[-121.9572470000944,37.411430999905143],[-121.96008099976287,37.409855999732258],[-121.95503900041484,37.407872000023822],[-121.95214299992379,37.404870999854857],[-121.94778100009304,37.401722999836309],[-121.94456800030792,37.401018000069854],[-121.94287799976391,37.400913000053436],[-121.94210199998719,37.400552999797561],[-121.94167900038789,37.397793000327979],[-121.94065500001574,37.395672000230469],[-121.93612900015344,37.397375000248488],[-121.93950900034315,37.402026999939118],[-121.94253899983019,37.406078999669816],[-121.94314700027574,37.406916999717566],[-121.94485000034021,37.409220000164417],[-121.94874000016786,37.407827999771399],[-121.95089199977093,37.408325999660107],[-121.95483900039832,37.410730999873145],[-121.9572470000944,37.411430999905143]]]},"properties":{"GEOID":"06085505012","STATE":"06","COUNTY":"085","TRACT":"505012","BASENAME":"5050.12","NAME":"Census Tract 5050.12"}},{"type":"Feature","geometry":{"type":"Polygon","coordinates":[[[-121.96792499989057,37.418998999907203],[-121.96802299979984,37.419005000053744],[-121.96755800036777,37.417807000271452],[-121.96448199995169,37.414303000151037],[-121.96214200002763,37.411633000249601],[-121.96060100034485,37.410128999994051],[-121.96008099976287,37.409855999732258],[-121.9572470000944,37.411430999905143],[-121.95483900039832,37.410730999873145],[-121.95089199977093,37.408325999660107],[-121.94874000016786,37.407827999771399],[-121.94485000034021,37.409220000164417],[-121.94541799970449,37.409866000007717],[-121.94936100013388,37.412316000149026],[-121.95380199960738,37.41502399982776],[-121.9559449998879,37.416335000100972],[-121.95721199993432,37.41720200003801],[-121.95939200002479,37.419324999797951],[-121.96792499989057,37.418998999907203]]]},"properties":{"GEOID":"06085505014","STATE":"06","COUNTY":"085","TRACT":"505014","BASENAME":"5050.14","NAME":"Census Tract 5050.14"}},{"type":"Feature","geometry":{"type":"Polygon","coordinates":[[[-121.98711700018428,37.402817000237604],[-121.98707700000131,37.40007400013576],[-121.98702299957465,37.39597300033293],[-121.9870069996811,37.393350000102458],[-121.98697599971896,37.388447999862997],[-121.97699000003394,37.385597999870186],[-121.9640479995834,37.381894000283182],[-121.96238999972475,37.385120000280885],[-121.96126999999146,37.386450000302119],[-121.96019999958854,37.387079999853945],[-121.95504000023976,37.389419999764257],[-121.95865999973066,37.394839999972945],[-121.96070199972888,37.397666000173089],[-121.96294499956852,37.401091000314054],[-121.96330299976881,37.401615999818929],[-121.96641000014704,37.406390000100117],[-121.96145999996223,37.408320000085197],[-121.96008099976287,37.409855999732258],[-121.96060100034485,37.410128999994051],[-121.96214200002763,37.411633000249601],[-121.96448199995169,37.414303000151037],[-121.96755800036777,37.417807000271452],[-121.96802299979984,37.419005000053744],[-121.97064999977908,37.41867300002427],[-121.98631999959287,37.41223100018842],[-121.98683799962672,37.412058999981603],[-121.98673999971741,37.404563999934837],[-121.98699099978759,37.403639999788595],[-121.98711700018428,37.402817000237604]]]},"properties":{"GEOID":"06085505010","STATE":"06","COUNTY":"085","TRACT":"505010","BASENAME":"5050.10","NAME":"Census Tract 5050.10"}},{"type":"Feature","geometry":{"type":"Polygon","coordinates":[[[-121.91379100002176,37.325904999659095],[-121.91374699964084,37.323489000077728],[-121.9137380003183,37.321599000339688],[-121.91373300029544,37.320753000208633],[-121.90262500032897,37.321360000317028],[-121.90247999966569,37.323480999928776],[-121.90203000030222,37.324135999927066],[-121.90190100043078,37.324387000130997],[-121.90142600005464,37.324941999876685],[-121.90117900018241,37.325287999705779],[-121.90088299990639,37.325601000317569],[-121.90019400016831,37.326610999785949],[-121.90486399997066,37.3261759996848],[-121.90620499963691,37.326222000129853],[-121.91157999996915,37.326009000316979],[-121.91379100002176,37.325904999659095]]]},"properties":{"GEOID":"06085501901","STATE":"06","COUNTY":"085","TRACT":"501901","BASENAME":"5019.01","NAME":"Census Tract 5019.01"}},{"type":"Feature","geometry":{"type":"Polygon","coordinates":[[[-122.17592000000245,37.419419999982729],[-122.17427999968714,37.417240000204771],[-122.16925000003469,37.413739999859772],[-122.16371999989174,37.412009999696913],[-122.16096999988891,37.41015999966033],[-122.15597000037367,37.406319999890947],[-122.1497129999595,37.413920999891531],[-122.15333800037159,37.415988000109394],[-122.15727000003204,37.418029999905421],[-122.15636000036099,37.419109999685745],[-122.15984000010985,37.421129999823101],[-122.16141000010494,37.422560000185484],[-122.16519799982535,37.422879000223162],[-122.16577000028589,37.422730000108587],[-122.16749000006881,37.421929999958785],[-122.16835999955684,37.421399999682926],[-122.17073999966384,37.419519999896863],[-122.17379000014068,37.419049999710182],[-122.17592000000245,37.419419999982729]]]},"properties":{"GEOID":"06085511502","STATE":"06","COUNTY":"085","TRACT":"511502","BASENAME":"5115.02","NAME":"Census Tract 5115.02"}},{"type":"Feature","geometry":{"type":"Polygon","coordinates":[[[-121.9515999997756,37.398399999961526],[-121.95253000043643,37.396379999884026],[-121.94702000038494,37.393130000193871],[-121.94286000022056,37.394910000201158],[-121.94065500001574,37.395672000230469],[-121.94167900038789,37.397793000327979],[-121.94210199998719,37.400552999797561],[-121.94287799976391,37.400913000053436],[-121.94456800030792,37.401018000069854],[-121.94681000032266,37.399860000234462],[-121.94719000026424,37.399510000145995],[-121.94936000030899,37.400814000066276],[-121.9515999997756,37.398399999961526]]]},"properties":{"GEOID":"06085504903","STATE":"06","COUNTY":"085","TRACT":"504903","BASENAME":"5049.03","NAME":"Census Tract 5049.03"}},{"type":"Feature","geometry":{"type":"Polygon","coordinates":[[[-122.03549099975639,37.400810999978113],[-122.03593699982021,37.400636999655156],[-122.027860000064,37.398860000232681],[-122.02266700020493,37.397718000060216],[-122.02215199964581,37.399296999873194],[-122.02037800033453,37.404439999780159],[-122.02713000031802,37.403130000170421],[-122.0329159996557,37.401676000200979],[-122.03549099975639,37.400810999978113]]]},"properties":{"GEOID":"06085504808","STATE":"06","COUNTY":"085","TRACT":"504808","BASENAME":"5048.08","NAME":"Census Tract 5048.08"}},{"type":"Feature","geometry":{"type":"Polygon","coordinates":[[[-122.15614000025298,37.438259999706666],[-122.16021000000569,37.43729700015281],[-122.15183000030078,37.429940000345617],[-122.14924000013147,37.427689999876961],[-122.15167999961463,37.424789999890869],[-122.1542899998754,37.421609999931334],[-122.15636000036099,37.419109999685745],[-122.15727000003204,37.418029999905421],[-122.15333800037159,37.415988000109394],[-122.14588000003323,37.42499000022444],[-122.14210999985619,37.423019999800005],[-122.14028999961585,37.425219999697859],[-122.14002000017743,37.4281200001492],[-122.14233400016218,37.429579999764492],[-122.14415900042542,37.430731999667437],[-122.14670000019089,37.432335999823934],[-122.15041799959111,37.434682999930736],[-122.15614000025298,37.438259999706666]]]},"properties":{"GEOID":"06085511501","STATE":"06","COUNTY":"085","TRACT":"511501","BASENAME":"5115.01","NAME":"Census Tract 5115.01"}},{"type":"Feature","geometry":{"type":"Polygon","coordinates":[[[-121.83505299971704,37.277976000299276],[-121.83524000021313,37.277822999664252],[-121.83382800040177,37.276491000086494],[-121.83117299993515,37.273888999996899],[-121.83108599989652,37.273820999952946],[-121.82904999974608,37.272402999863878],[-121.82210600014196,37.267429999809991],[-121.81997799993002,37.269292000284288],[-121.81851400024014,37.269695000037771],[-121.81567899984847,37.269194999904521],[-121.81364900044414,37.269185000182532],[-121.81423799972481,37.272045000223372],[-121.81416499992986,37.273380000016623],[-121.81378300033843,37.276370999952455],[-121.81396599973824,37.276869000294887],[-121.81752699967792,37.27636399981364],[-121.82126900026587,37.276931999668506],[-121.82335300009687,37.278883999859268],[-121.82419199962277,37.278173999734342],[-121.82465899960302,37.27811499995714],[-121.82698699983148,37.27811499995714],[-121.8321989999571,37.278108999977199],[-121.83505299971704,37.277976000299276]]]},"properties":{"GEOID":"06085512057","STATE":"06","COUNTY":"085","TRACT":"512057","BASENAME":"5120.57","NAME":"Census Tract 5120.57"}},{"type":"Feature","geometry":{"type":"Polygon","coordinates":[[[-121.80405600022118,37.243137000265321],[-121.80405600022118,37.243019999857779],[-121.80383600011317,37.23937800032089],[-121.80384000031113,37.236990000153014],[-121.8038250002425,37.232908999940854],[-121.80380400032611,37.23120599986747],[-121.80375200044757,37.227863999794337],[-121.80396800035764,37.227354999941269],[-121.80366200003589,37.224639000174861],[-121.80108799976011,37.225718000259086],[-121.79416900027033,37.226151999763808],[-121.79167500036053,37.225941999784631],[-121.79186100013337,37.224915000135773],[-121.78890199989313,37.222766000325443],[-121.78863099973147,37.223401000042756],[-121.78914499956737,37.223547000315648],[-121.79106199989209,37.225168000166285],[-121.79060900015558,37.229824000098063],[-121.78848900033957,37.232181000330641],[-121.78420199995357,37.235574000066933],[-121.78953100025508,37.2387699996953],[-121.78927599998694,37.239292999746127],[-121.79124199981716,37.239811999868465],[-121.79275699956069,37.240138999892196],[-121.79883700042285,37.241747000114252],[-121.79999700033912,37.242185000073754],[-121.80182599990198,37.242788000144422],[-121.80405600022118,37.243137000265321]]]},"properties":{"GEOID":"06085512059","STATE":"06","COUNTY":"085","TRACT":"512059","BASENAME":"5120.59","NAME":"Census Tract 5120.59"}},{"type":"Feature","geometry":{"type":"Polygon","coordinates":[[[-121.78509200043142,37.296070999831777],[-121.78449099965856,37.295539000197692],[-121.78224799981892,37.290073999980223],[-121.77585200038588,37.285283000329258],[-121.7737490002883,37.284105999993102],[-121.76780400004367,37.279624999714343],[-121.76499600031445,37.27652700001795],[-121.76225999965699,37.27570800035631],[-121.75799599973556,37.272918999761046],[-121.75554600020664,37.27046300007224],[-121.75275099999793,37.269937000162336],[-121.75123399970627,37.270307000308293],[-121.74984600018438,37.272254000352106],[-121.74434700000356,37.27298000016625],[-121.74564699966194,37.273505000204139],[-121.74881599996444,37.277093000052105],[-121.75029200024821,37.277851999673047],[-121.75707600001877,37.279899999912182],[-121.75873600042556,37.281247999915742],[-121.75929999959186,37.282552999911964],[-121.75971200021881,37.282939999804718],[-121.76256799962857,37.285198999989831],[-121.76352000003072,37.286729000354732],[-121.76535299979153,37.288745000235664],[-121.76530199973793,37.290989000296598],[-121.76911399974776,37.296378999705574],[-121.77134099969389,37.299343999873386],[-121.77162500027434,37.299159000295617],[-121.77452199969197,37.297584000102404],[-121.78345100029119,37.297177999654423],[-121.78509200043142,37.296070999831777]]]},"properties":{"GEOID":"06085503339","STATE":"06","COUNTY":"085","TRACT":"503339","BASENAME":"5033.39","NAME":"Census Tract 5033.39"}},{"type":"Feature","geometry":{"type":"Polygon","coordinates":[[[-121.81015999957617,37.294667999668754],[-121.81014399968265,37.294512000045081],[-121.80982900003839,37.290313000121962],[-121.80956600027262,37.286032999816221],[-121.80903300017017,37.286050000112496],[-121.7997499995686,37.284063999892943],[-121.79678600020381,37.28224000019236],[-121.79453099977027,37.281475000077869],[-121.78964900025584,37.281689000217732],[-121.7877179996874,37.280320000224634],[-121.78145100012581,37.279620999808003],[-121.78020099979783,37.28027500025221],[-121.77554699988902,37.279148000094352],[-121.77583700031725,37.278565999938756],[-121.77238799963226,37.274962999672447],[-121.7722360001946,37.27126400017589],[-121.76765599990566,37.271722999679675],[-121.76565599974025,37.268791000213952],[-121.76310900012695,37.268719000083998],[-121.76259600011596,37.268344000081221],[-121.74630299978804,37.258519999755187],[-121.73855900011776,37.252842999865592],[-121.73343200038092,37.248829000030511],[-121.73084700023452,37.255124000328188],[-121.72757099980188,37.264056000073232],[-121.73105599957358,37.264874999948844],[-121.73416700014977,37.266964999718326],[-121.73849700019348,37.268702000162378],[-121.74142299992344,37.271300999834622],[-121.74434700000356,37.27298000016625],[-121.74984600018438,37.272254000352106],[-121.75123399970627,37.270307000308293],[-121.75275099999793,37.269937000162336],[-121.75554600020664,37.27046300007224],[-121.75799599973556,37.272918999761046],[-121.76225999965699,37.27570800035631],[-121.76499600031445,37.27652700001795],[-121.76780400004367,37.279624999714343],[-121.7737490002883,37.284105999993102],[-121.77585200038588,37.285283000329258],[-121.78224799981892,37.290073999980223],[-121.78449099965856,37.295539000197692],[-121.78509200043142,37.296070999831777],[-121.78755899967874,37.294854000061619],[-121.79538899956275,37.297801999818908],[-121.79827800038109,37.298138999802561],[-121.8007289997349,37.299698000164902],[-121.8026910002655,37.299770999668567],[-121.80317999998704,37.299607999788499],[-121.81015999957617,37.294667999668754]]]},"properties":{"GEOID":"06085503338","STATE":"06","COUNTY":"085","TRACT":"503338","BASENAME":"5033.38","NAME":"Census Tract 5033.38"}},{"type":"Feature","geometry":{"type":"Polygon","coordinates":[[[-121.81416499992986,37.273380000016623],[-121.81423799972481,37.272045000223372],[-121.81364900044414,37.269185000182532],[-121.81175700023377,37.269194999904521],[-121.80886599976557,37.269383999976313],[-121.80833299966312,37.269089999897879],[-121.80767999991005,37.267162000090813],[-121.80597500019573,37.266383999893307],[-121.80582899970754,37.265838999912916],[-121.80178700044225,37.266028999986666],[-121.80447200014778,37.274225999865443],[-121.80558100001045,37.277078999908106],[-121.80599000026437,37.277213999758622],[-121.80757899962772,37.277673000155403],[-121.81076399982375,37.27708199993922],[-121.81178800019589,37.277792999643452],[-121.81396599973824,37.276869000294887],[-121.81378300033843,37.276370999952455],[-121.81416499992986,37.273380000016623]]]},"properties":{"GEOID":"06085512056","STATE":"06","COUNTY":"085","TRACT":"512056","BASENAME":"5120.56","NAME":"Census Tract 5120.56"}},{"type":"Feature","geometry":{"type":"Polygon","coordinates":[[[-121.84826600032925,37.290365000076157],[-121.84526600008112,37.287454000055803],[-121.84005899997835,37.291095000312303],[-121.83921100023163,37.292369999707859],[-121.8350279996027,37.295133999916395],[-121.83762600016792,37.297714000219216],[-121.8430049997998,37.293994999749245],[-121.84513800003459,37.292512999873644],[-121.84826600032925,37.290365000076157]]]},"properties":{"GEOID":"06085503219","STATE":"06","COUNTY":"085","TRACT":"503219","BASENAME":"5032.19","NAME":"Census Tract 5032.19"}},{"type":"Feature","geometry":{"type":"Polygon","coordinates":[[[-121.85132000010573,37.295478000210082],[-121.85254500031934,37.294624999969713],[-121.84826600032925,37.290365000076157],[-121.84513800003459,37.292512999873644],[-121.8430049997998,37.293994999749245],[-121.83762600016792,37.297714000219216],[-121.83925999973711,37.299202000261218],[-121.84014799966683,37.300129000339666],[-121.84032599994205,37.300329999901656],[-121.84187800039382,37.301953000126417],[-121.84530500043918,37.299550999804069],[-121.85132000010573,37.295478000210082]]]},"properties":{"GEOID":"06085503222","STATE":"06","COUNTY":"085","TRACT":"503222","BASENAME":"5032.22","NAME":"Census Tract 5032.22"}},{"type":"Feature","geometry":{"type":"Polygon","coordinates":[[[-122.06841799999579,37.384223999889407],[-122.06776100004474,37.378132000041305],[-122.0635599998725,37.376569999663872],[-122.06211000042629,37.376029999945857],[-122.06032899964568,37.37535400005418],[-122.05908300041398,37.379113000203489],[-122.05832799965535,37.381413999822996],[-122.05693099991261,37.385451999823097],[-122.05272800009053,37.384556999838388],[-122.05231100033902,37.385744000346712],[-122.05227000033112,37.385969999741533],[-122.05757299979503,37.38770799988945],[-122.05877799991714,37.38688400027516],[-122.06093000041854,37.386089999812889],[-122.06464000032112,37.385799999906524],[-122.06593099975863,37.385482999705296],[-122.06841799999579,37.384223999889407]]]},"properties":{"GEOID":"06085509111","STATE":"06","COUNTY":"085","TRACT":"509111","BASENAME":"5091.11","NAME":"Census Tract 5091.11"}},{"type":"Feature","geometry":{"type":"Polygon","coordinates":[[[-122.09619199966076,37.300927999755693],[-122.09543099995268,37.301027000069844],[-122.09181399993651,37.300868000259783],[-122.09155199999569,37.300857000049291],[-122.09133899956034,37.300824000122638],[-122.09091000011325,37.300659000272319],[-122.08822200003469,37.299570999753371],[-122.08722500032501,37.297287000179985],[-122.08427899960526,37.295375999722026],[-122.08157200015843,37.295341999766833],[-122.07867200036773,37.295841999871556],[-122.07525100017014,37.298375999879177],[-122.07558099988303,37.300403999921521],[-122.07516199958336,37.300838000136615],[-122.07399900019236,37.305845000288329],[-122.07216899990625,37.306100999678122],[-122.07066000001053,37.307491000337556],[-122.06961800009503,37.306060000049392],[-122.06801600031287,37.305970000141102],[-122.0679130003807,37.306931999743398],[-122.06514099973823,37.309025000108853],[-122.06382699983617,37.308327000164908],[-122.06309100024244,37.311206999990759],[-122.06404899959401,37.312955999726746],[-122.06309799991512,37.31550900014139],[-122.06100599968818,37.314816000070088],[-122.06230000039709,37.317547000091757],[-122.0622099999854,37.319415000294818],[-122.06031100010233,37.32121200001756],[-122.06047599995877,37.322179000238265],[-122.06145699977489,37.322880999904427],[-122.06502000026271,37.322020000151035],[-122.06859000042323,37.321939999917014],[-122.06866999989086,37.321939999917014],[-122.07342000005913,37.321920000202354],[-122.07839000033542,37.322169999824489],[-122.07913400032507,37.322379000027574],[-122.08143200041633,37.320475000307546],[-122.0860689997084,37.315354999883859],[-122.08752900009864,37.313573999712048],[-122.09198700018885,37.308102000187979],[-122.09200999975506,37.308074000004041],[-122.09362300030621,37.306094999786147],[-122.09619199966076,37.300927999755693]]]},"properties":{"GEOID":"06085507705","STATE":"06","COUNTY":"085","TRACT":"507705","BASENAME":"5077.05","NAME":"Census Tract 5077.05"}},{"type":"Feature","geometry":{"type":"Polygon","coordinates":[[[-122.07913400032507,37.322379000027574],[-122.07839000033542,37.322169999824489],[-122.07342000005913,37.321920000202354],[-122.06866999989086,37.321939999917014],[-122.06859000042323,37.321939999917014],[-122.06502000026271,37.322020000151035],[-122.06145699977489,37.322880999904427],[-122.06178999986084,37.324833000149738],[-122.05993899965833,37.326711999986188],[-122.06029199983575,37.328539000027568],[-122.05965400015128,37.329346999952726],[-122.06081999991537,37.331095999731659],[-122.06384100007988,37.33323699980712],[-122.06540299967905,37.333606000109739],[-122.06853400034673,37.333575000219881],[-122.06871000007384,37.333570000351635],[-122.07057999964458,37.333160000024442],[-122.07171000032196,37.330905999663784],[-122.07140999984799,37.328190000031952],[-122.07578400027262,37.32330299978797],[-122.07686700019599,37.32298900020519],[-122.07826999978651,37.323058000216882],[-122.07913400032507,37.322379000027574]]]},"properties":{"GEOID":"06085507704","STATE":"06","COUNTY":"085","TRACT":"507704","BASENAME":"5077.04","NAME":"Census Tract 5077.04"}},{"type":"Feature","geometry":{"type":"Polygon","coordinates":[[[-121.80394499989309,37.245843000212027],[-121.80405600022118,37.243137000265321],[-121.80182599990198,37.242788000144422],[-121.79999700033912,37.242185000073754],[-121.79883700042285,37.241747000114252],[-121.79275699956069,37.240138999892196],[-121.79265899965139,37.240452000125678],[-121.79188500042278,37.240854999716348],[-121.78609499998886,37.245853999882748],[-121.79240799958121,37.249630999643529],[-121.80249000042403,37.255624999799899],[-121.80289799995472,37.255330000047621],[-121.80208500036808,37.254839000242221],[-121.80402400043414,37.251476000177163],[-121.8039440000682,37.245964000076782],[-121.80394499989309,37.245843000212027]]]},"properties":{"GEOID":"06085512058","STATE":"06","COUNTY":"085","TRACT":"512058","BASENAME":"5120.58","NAME":"Census Tract 5120.58"}},{"type":"Feature","geometry":{"type":"Polygon","coordinates":[[[-122.02215199964581,37.399296999873194],[-122.02266700020493,37.397718000060216],[-122.01765000007296,37.396600000244952],[-122.01280500036847,37.395557999679312],[-122.00975999991449,37.404360000308088],[-122.00973999982301,37.404450000064962],[-122.0094500002931,37.405739999923789],[-122.0096400002639,37.406889999691813],[-122.02037800033453,37.404439999780159],[-122.02215199964581,37.399296999873194]]]},"properties":{"GEOID":"06085504807","STATE":"06","COUNTY":"085","TRACT":"504807","BASENAME":"5048.07","NAME":"Census Tract 5048.07"}},{"type":"Feature","geometry":{"type":"Polygon","coordinates":[[[-122.01417000032416,37.346759999906162],[-122.01415000023268,37.345439999899718],[-122.0101900000848,37.345620000065956],[-122.00817999987366,37.34531999978725],[-122.00575999958367,37.345430000314245],[-122.00347999993411,37.345330000101477],[-122.00300100025831,37.345311000003171],[-122.00220000036722,37.345270000338374],[-122.00207399997053,37.345261999652223],[-121.99922000021061,37.344359999839192],[-121.99564000000436,37.345470000076425],[-121.99571000032455,37.348339999882228],[-121.99630000032843,37.35157000004034],[-121.99632999956732,37.352180000270444],[-121.99927000043931,37.352180000270444],[-122.00031900002749,37.352173000046562],[-122.00156099995952,37.352149000192156],[-122.00494000032435,37.352100000019334],[-122.00799999994859,37.352110000144634],[-122.01203799991426,37.352308999790715],[-122.01403999972949,37.352950000202902],[-122.01406999986672,37.352089999892634],[-122.01417000032416,37.346759999906162]]]},"properties":{"GEOID":"06085508205","STATE":"06","COUNTY":"085","TRACT":"508205","BASENAME":"5082.05","NAME":"Census Tract 5082.05"}},{"type":"Feature","geometry":{"type":"Polygon","coordinates":[[[-122.02427999985774,37.363539999958213],[-122.02493000013607,37.361640000227581],[-122.02242899965526,37.359541999919237],[-122.02238000014975,37.359499999829538],[-122.01526999996597,37.353679999726623],[-122.01403999972949,37.352950000202902],[-122.01402999968374,37.354847000217497],[-122.01407999991244,37.358969999975571],[-122.01401999963801,37.365059999804366],[-122.01374000015383,37.36666000008448],[-122.01499999962921,37.366600000234534],[-122.01726000008564,37.366669999697784],[-122.01731899963686,37.364205999987782],[-122.01816999975665,37.362319999969401],[-122.01903000009727,37.362389999855502],[-122.02119900031707,37.362859000264145],[-122.02134300025712,37.362892000083562],[-122.02427999985774,37.363539999958213]]]},"properties":{"GEOID":"06085508510","STATE":"06","COUNTY":"085","TRACT":"508510","BASENAME":"5085.10","NAME":"Census Tract 5085.10"}},{"type":"Feature","geometry":{"type":"Polygon","coordinates":[[[-122.01417000032416,37.341399999692108],[-122.01416000027839,37.337739999840551],[-122.00833399985946,37.337690000344402],[-122.00710000032332,37.337770000236503],[-122.00536999959633,37.337770000236503],[-122.00238600014008,37.3378009998236],[-121.99554000044522,37.337869999803189],[-121.99556999968414,37.339600000300109],[-121.9956080002173,37.341463000010684],[-121.99564000000436,37.345470000076425],[-121.99922000021061,37.344359999839192],[-122.00207399997053,37.345261999652223],[-122.00220000036722,37.345270000338374],[-122.00300100025831,37.345311000003171],[-122.00347999993411,37.345330000101477],[-122.00575999958367,37.345430000314245],[-122.00817999987366,37.34531999978725],[-122.0101900000848,37.345620000065956],[-122.01415000023268,37.345439999899718],[-122.01417000032416,37.341399999692108]]]},"properties":{"GEOID":"06085508206","STATE":"06","COUNTY":"085","TRACT":"508206","BASENAME":"5082.06","NAME":"Census Tract 5082.06"}},{"type":"Feature","geometry":{"type":"Polygon","coordinates":[[[-121.58925399987422,37.037208000165947],[-121.58848599959511,37.036985000190526],[-121.5874370000069,37.034722000111692],[-121.58627999956538,37.033233999930381],[-121.58490200008922,37.030555000038291],[-121.58414999970361,37.030780000342858],[-121.58195000042001,37.027970000290743],[-121.58168000008325,37.025160000272159],[-121.5815999997173,37.024409999741806],[-121.57796000013489,37.020929999945018],[-121.57708999974855,37.019260000048483],[-121.58479499995909,37.016880999797209],[-121.58665000035955,37.016890000065139],[-121.58667399975066,37.013504999989699],[-121.58167000003751,37.013439999757701],[-121.57711999988578,37.013309999844275],[-121.57591399993875,37.013612000129072],[-121.57240999990047,37.014629999886616],[-121.5748200001447,37.01934999986203],[-121.58008999999666,37.029529999857452],[-121.58309199989459,37.035370000029459],[-121.58454999973669,37.038229999774742],[-121.58752200039572,37.037579999969743],[-121.58925399987422,37.037208000165947]]]},"properties":{"GEOID":"06085512513","STATE":"06","COUNTY":"085","TRACT":"512513","BASENAME":"5125.13","NAME":"Census Tract 5125.13"}},{"type":"Feature","geometry":{"type":"Polygon","coordinates":[[[-121.58404000009877,36.999969999725259],[-121.58457999987394,36.999410000155166],[-121.58281800025823,36.998131999720904],[-121.5806559997111,36.995766000118472],[-121.57901000044632,36.996420000246296],[-121.56939999960662,36.999249999725443],[-121.56695799957534,36.999967000163892],[-121.56828999991903,37.002889999736347],[-121.56919999959005,37.004850000236544],[-121.57160999983431,37.004129999819597],[-121.57229000024985,37.005749999956116],[-121.58184999996256,37.002980000284246],[-121.581910000237,37.000290000087567],[-121.58404000009877,36.999969999725259]]]},"properties":{"GEOID":"06085512512","STATE":"06","COUNTY":"085","TRACT":"512512","BASENAME":"5125.12","NAME":"Census Tract 5125.12"}},{"type":"Feature","geometry":{"type":"Polygon","coordinates":[[[-121.58747999966462,37.029729999911943],[-121.58672999982717,37.027809999737265],[-121.58668999964419,37.027229999746432],[-121.58665000035955,37.025070000169158],[-121.58665000035955,37.016890000065139],[-121.58479499995909,37.016880999797209],[-121.57708999974855,37.019260000048483],[-121.57796000013489,37.020929999945018],[-121.5815999997173,37.024409999741806],[-121.58168000008325,37.025160000272159],[-121.58195000042001,37.027970000290743],[-121.58414999970361,37.030780000342858],[-121.58490200008922,37.030555000038291],[-121.58747999966462,37.029729999911943]]]},"properties":{"GEOID":"06085512514","STATE":"06","COUNTY":"085","TRACT":"512514","BASENAME":"5125.14","NAME":"Census Tract 5125.14"}},{"type":"Feature","geometry":{"type":"Polygon","coordinates":[[[-121.62841000004039,37.017270000044903],[-121.6282700002983,37.015680000305792],[-121.62694999965015,37.014190000268144],[-121.62659999984578,37.012170000072004],[-121.62628799967626,37.011707999761263],[-121.61094000007775,37.011899999905381],[-121.60793999982964,37.011940000203161],[-121.59962000039918,37.013210000145776],[-121.59892999993788,37.019882999840085],[-121.5988400004245,37.020689999697382],[-121.59864299988267,37.02283800008049],[-121.59807999964298,37.028010000017879],[-121.60004999967117,37.027640000124542],[-121.60502999999322,37.02844999992903],[-121.60930999980819,37.028180000236787],[-121.60971999988703,37.022500000047017],[-121.60885000039899,37.020470000179081],[-121.61356000038425,37.019770000212226],[-121.61751999963381,37.02188000032892],[-121.62176000016414,37.022319999886641],[-121.62320399976254,37.020540999786832],[-121.62429300043203,37.020735000205008],[-121.62803000009882,37.019970000143601],[-121.62841000004039,37.017270000044903]]]},"properties":{"GEOID":"06085512516","STATE":"06","COUNTY":"085","TRACT":"512516","BASENAME":"5125.16","NAME":"Census Tract 5125.16"}},{"type":"Feature","geometry":{"type":"Polygon","coordinates":[[[-122.04151999966662,37.342990000239759],[-122.04151999966662,37.342230000297036],[-122.0414979999253,37.341180000239575],[-122.04150999962089,37.337569999989427],[-122.04030200002403,37.337579999907291],[-122.03975999970071,37.337579999907291],[-122.03673000021369,37.337569999989427],[-122.03239000012425,37.337609999652912],[-122.03239000012425,37.338219999737994],[-122.03239299959895,37.339446000131119],[-122.03240000016999,37.339939999712804],[-122.03355000004052,37.339939999712804],[-122.03364999959963,37.340589999662328],[-122.03501999957817,37.343000000150163],[-122.04151999966662,37.342990000239759]]]},"properties":{"GEOID":"06085508305","STATE":"06","COUNTY":"085","TRACT":"508305","BASENAME":"5083.05","NAME":"Census Tract 5083.05"}},{"type":"Feature","geometry":{"type":"Polygon","coordinates":[[[-121.89958200042314,37.432384000279086],[-121.90316900030209,37.432002000233012],[-121.89709299963785,37.421147999748932],[-121.8915480003246,37.411119999708653],[-121.89341299987251,37.410495000022962],[-121.8940890000901,37.410173999988771],[-121.88886299972079,37.407575000137456],[-121.88414900043583,37.409406000226447],[-121.88081100007891,37.411522000092425],[-121.882056000384,37.413151999674902],[-121.88130300017352,37.413151999674902],[-121.8800429997998,37.413840000223111],[-121.88026100025799,37.414515999862466],[-121.8832880002703,37.424756000016451],[-121.88373599998395,37.425769999916191],[-121.88566500000424,37.429598999919648],[-121.88822900023426,37.434340000310904],[-121.88841199963406,37.434833999897222],[-121.89341500042063,37.433657000121606],[-121.89900599976465,37.432436000321367],[-121.89958200042314,37.432384000279086]]]},"properties":{"GEOID":"06085504509","STATE":"06","COUNTY":"085","TRACT":"504509","BASENAME":"5045.09","NAME":"Census Tract 5045.09"}},{"type":"Feature","geometry":{"type":"Polygon","coordinates":[[[-121.88304899989569,37.326077999698732],[-121.88125200011989,37.323679000328553],[-121.8802889998471,37.322706000126004],[-121.87409900027836,37.325643000083645],[-121.86788899971985,37.32857199993304],[-121.86826100016386,37.329512999731236],[-121.86695599958432,37.331522999912728],[-121.86690100023105,37.332099999660862],[-121.86832100043831,37.337038999652833],[-121.86875800028132,37.336263999703455],[-121.87150499991112,37.334937999744582],[-121.87538100039338,37.333101999783544],[-121.87174699976045,37.328219999956133],[-121.87563900013623,37.327708000227801],[-121.87954999988028,37.327335000016177],[-121.88088300004894,37.326992999857232],[-121.88304899989569,37.326077999698732]]]},"properties":{"GEOID":"06085501601","STATE":"06","COUNTY":"085","TRACT":"501601","BASENAME":"5016.01","NAME":"Census Tract 5016.01"}},{"type":"Feature","geometry":{"type":"Polygon","coordinates":[[[-121.88489099987736,37.328587999860346],[-121.88409400018425,37.327403000267473],[-121.88304899989569,37.326077999698732],[-121.88088300004894,37.326992999857232],[-121.87954999988028,37.327335000016177],[-121.87563900013623,37.327708000227801],[-121.87174699976045,37.328219999956133],[-121.87538100039338,37.333101999783544],[-121.87853800010203,37.33160199994451],[-121.88175599991003,37.330080999735948],[-121.88489099987736,37.328587999860346]]]},"properties":{"GEOID":"06085501602","STATE":"06","COUNTY":"085","TRACT":"501602","BASENAME":"5016.02","NAME":"Census Tract 5016.02"}},{"type":"Feature","geometry":{"type":"Polygon","coordinates":[[[-121.96428500030818,37.301175999784519],[-121.96422099983577,37.300969000038741],[-121.96185199959942,37.297892000212556],[-121.96120800006716,37.296671999925493],[-121.9608299997754,37.294310000161687],[-121.96061999971312,37.294320000119107],[-121.94979999962672,37.294310000161687],[-121.94979999962672,37.295279999850955],[-121.94991900035073,37.295627999961951],[-121.9499169998026,37.296865999774788],[-121.95444799968774,37.2968440003254],[-121.95446100010653,37.298795000249804],[-121.95446799977923,37.301545000310462],[-121.95555999992344,37.301552000250638],[-121.95860799985213,37.301527999942579],[-121.95908200040337,37.301518999914421],[-121.96428500030818,37.301175999784519]]]},"properties":{"GEOID":"06085506505","STATE":"06","COUNTY":"085","TRACT":"506505","BASENAME":"5065.05","NAME":"Census Tract 5065.05"}},{"type":"Feature","geometry":{"type":"Polygon","coordinates":[[[-121.90738600036789,37.431356000148511],[-121.90900800024154,37.430319999992278],[-121.90658899977646,37.421804000276161],[-121.90569699964877,37.418327999992272],[-121.90506900001007,37.415586999743034],[-121.90407599960005,37.415328999785082],[-121.90187700014134,37.414226000059372],[-121.89427800023601,37.410265000275963],[-121.8940890000901,37.410173999988771],[-121.89341299987251,37.410495000022962],[-121.8915480003246,37.411119999708653],[-121.89709299963785,37.421147999748932],[-121.90316900030209,37.432002000233012],[-121.90605800022212,37.431699999981994],[-121.90738600036789,37.431356000148511]]]},"properties":{"GEOID":"06085504510","STATE":"06","COUNTY":"085","TRACT":"504510","BASENAME":"5045.10","NAME":"Census Tract 5045.10"}},{"type":"Feature","geometry":{"type":"Polygon","coordinates":[[[-122.01392199972871,37.383649000326457],[-122.01732600020786,37.374253999867172],[-122.01376000024533,37.37344000032293],[-122.01126200013755,37.372927000335686],[-122.00095000003927,37.370860000277524],[-121.99630000032843,37.370539999875326],[-121.99297000036742,37.370410000080525],[-121.9872960002844,37.370441999952099],[-121.98692600038856,37.37181699989857],[-121.98689600025135,37.374069999953569],[-121.98696900004627,37.377579999645924],[-121.98696999987119,37.377779999668803],[-121.98697599971896,37.388447999862997],[-121.99593000043257,37.39106500008937],[-121.99584000002089,37.388646000256955],[-121.99920000011912,37.388379999938714],[-122.00048899990681,37.388476000065815],[-122.00288999993023,37.388419999649727],[-122.00802000004008,37.388299999738848],[-122.0124709995593,37.388240000068258],[-122.01497000039029,37.388779999657331],[-122.01552000021123,37.387120000258534],[-122.01569000009056,37.386309999682808],[-122.01559999967884,37.384649999842914],[-122.01392199972871,37.383649000326457]]]},"properties":{"GEOID":"06085508708","STATE":"06","COUNTY":"085","TRACT":"508708","BASENAME":"5087.08","NAME":"Census Tract 5087.08"}},{"type":"Feature","geometry":{"type":"Polygon","coordinates":[[[-121.9585199999886,37.336870000287597],[-121.96006999989221,37.335010000075101],[-121.95784999961879,37.333830000201019],[-121.9552899995867,37.3320300001009],[-121.95528000043926,37.329909999671948],[-121.95548999960324,37.329900000161622],[-121.95543000022711,37.326994999979661],[-121.95019600036015,37.326968999812664],[-121.9501999996598,37.327363000169107],[-121.95022599959907,37.328472000131654],[-121.9502499998885,37.329900000161622],[-121.95025999993426,37.330656999832293],[-121.95019100033728,37.334114999743832],[-121.95021999975128,37.337330000132738],[-121.95016000037515,37.338066000310434],[-121.95018999961407,37.339410000315063],[-121.95138999971331,37.341669999665115],[-121.95534999986116,37.340529999682914],[-121.9585199999886,37.336870000287597]]]},"properties":{"GEOID":"06085505902","STATE":"06","COUNTY":"085","TRACT":"505902","BASENAME":"5059.02","NAME":"Census Tract 5059.02"}},{"type":"Feature","geometry":{"type":"Polygon","coordinates":[[[-121.87286400001904,37.294714999876796],[-121.87279100022411,37.294534000176533],[-121.8716299995846,37.291642999858915],[-121.87136099997109,37.290966999843121],[-121.87089499981576,37.289856000023221],[-121.87013599975747,37.288354999882316],[-121.86585000009471,37.282227000232915],[-121.86474899972966,37.279805000282344],[-121.86147599967008,37.28051799992663],[-121.85829399984708,37.280225999663912],[-121.85427299959986,37.280213000071377],[-121.84965200020132,37.280583999711546],[-121.84573100041153,37.280138000234039],[-121.8443620002579,37.279442000208533],[-121.84198100032599,37.277015999942712],[-121.84189699976207,37.276928000333868],[-121.83735400018134,37.279890000182533],[-121.83740299968682,37.279948999997927],[-121.84162399995057,37.284096000107489],[-121.84344599984075,37.285784999892527],[-121.84359900000163,37.285925000030574],[-121.84834699962177,37.287880000295111],[-121.8485030001557,37.287934000233754],[-121.86487900032429,37.293347999897144],[-121.86731899980745,37.294332000352163],[-121.87114400023609,37.296703000030767],[-121.87207399999861,37.295706999849202],[-121.87286400001904,37.294714999876796]]]},"properties":{"GEOID":"06085503127","STATE":"06","COUNTY":"085","TRACT":"503127","BASENAME":"5031.27","NAME":"Census Tract 5031.27"}},{"type":"Feature","geometry":{"type":"Polygon","coordinates":[[[-121.87026800000196,37.297485999997804],[-121.87114400023609,37.296703000030767],[-121.86731899980745,37.294332000352163],[-121.86487900032429,37.293347999897144],[-121.8485030001557,37.287934000233754],[-121.84834699962177,37.287880000295111],[-121.84359900000163,37.285925000030574],[-121.84526600008112,37.287454000055803],[-121.84826600032925,37.290365000076157],[-121.85254500031934,37.294624999969713],[-121.85434799994292,37.296534999745234],[-121.85660800039935,37.298844000179884],[-121.85838799955843,37.300657000163646],[-121.86128700042248,37.303522000195727],[-121.87026800000196,37.297485999997804]]]},"properties":{"GEOID":"06085503126","STATE":"06","COUNTY":"085","TRACT":"503126","BASENAME":"5031.26","NAME":"Census Tract 5031.26"}},{"type":"Feature","geometry":{"type":"Polygon","coordinates":[[[-121.88142500037223,37.290643999656481],[-121.88189400000229,37.288650000335807],[-121.87656600042403,37.287587000137862],[-121.87352000014513,37.284655000320711],[-121.87370300044326,37.284220999653883],[-121.8730949999977,37.281478999885678],[-121.87256100007033,37.28133400028441],[-121.87228300023597,37.280160000279857],[-121.87137900041274,37.27815299981895],[-121.87210599978566,37.277992000272953],[-121.8778459999909,37.278495999847706],[-121.87746500022439,37.276841999934497],[-121.87678900000677,37.275700000127152],[-121.87530199985234,37.275737999778471],[-121.87040100007133,37.275276999665927],[-121.86367699967691,37.274486999861814],[-121.86293900043336,37.274450000339151],[-121.86340300004053,37.27653100008866],[-121.86474899972966,37.279805000282344],[-121.86585000009471,37.282227000232915],[-121.87013599975747,37.288354999882316],[-121.87089499981576,37.289856000023221],[-121.87136099997109,37.290966999843121],[-121.8716299995846,37.291642999858915],[-121.87279100022411,37.294534000176533],[-121.87286400001904,37.294714999876796],[-121.87311599991411,37.294357999659475],[-121.87538999971591,37.292771999741831],[-121.88068899988016,37.292241999978607],[-121.88142500037223,37.290643999656481]]]},"properties":{"GEOID":"06085503124","STATE":"06","COUNTY":"085","TRACT":"503124","BASENAME":"5031.24","NAME":"Census Tract 5031.24"}},{"type":"Feature","geometry":{"type":"Polygon","coordinates":[[[-121.88318199996507,37.285677999647056],[-121.8827119996118,37.284592000263949],[-121.88177299962845,37.283076999725665],[-121.88145999963403,37.282117000101522],[-121.87839400016196,37.279713999719377],[-121.8778459999909,37.278495999847706],[-121.87210599978566,37.277992000272953],[-121.87137900041274,37.27815299981895],[-121.87228300023597,37.280160000279857],[-121.87256100007033,37.28133400028441],[-121.8730949999977,37.281478999885678],[-121.87370300044326,37.284220999653883],[-121.87352000014513,37.284655000320711],[-121.87656600042403,37.287587000137862],[-121.88189400000229,37.288650000335807],[-121.88318199996507,37.285677999647056]]]},"properties":{"GEOID":"06085503125","STATE":"06","COUNTY":"085","TRACT":"503125","BASENAME":"5031.25","NAME":"Census Tract 5031.25"}},{"type":"Feature","geometry":{"type":"Polygon","coordinates":[[[-121.84095299975587,37.269627999889451],[-121.84102899992385,37.265995000354849],[-121.83294200012186,37.266031999743142],[-121.83108699972144,37.265980000133915],[-121.83193199999342,37.268000000132936],[-121.83352200008001,37.269340000013308],[-121.82904999974608,37.272402999863878],[-121.83108599989652,37.273820999952946],[-121.83630800006787,37.273662999886945],[-121.83754199960401,37.273173000278952],[-121.8395130003554,37.273011000025086],[-121.83959100017321,37.272248999979546],[-121.84079600029533,37.26999599991521],[-121.84095299975587,37.269627999889451]]]},"properties":{"GEOID":"06085512055","STATE":"06","COUNTY":"085","TRACT":"512055","BASENAME":"5120.55","NAME":"Census Tract 5120.55"}},{"type":"Feature","geometry":{"type":"Polygon","coordinates":[[[-122.02484999977011,37.390900000006418],[-122.02578999957839,37.388159999719051],[-122.02027600022728,37.386345999846597],[-122.01710000025206,37.385310000198785],[-122.01569000009056,37.386309999682808],[-122.01552000021123,37.387120000258534],[-122.01497000039029,37.388779999657331],[-122.01280500036847,37.395557999679312],[-122.01765000007296,37.396600000244952],[-122.01996999990553,37.389589999955994],[-122.02230999982956,37.39009999964582],[-122.02484999977011,37.390900000006418]]]},"properties":{"GEOID":"06085509002","STATE":"06","COUNTY":"085","TRACT":"509002","BASENAME":"5090.02","NAME":"Census Tract 5090.02"}},{"type":"Feature","geometry":{"type":"Polygon","coordinates":[[[-122.03049000041624,37.390329999910151],[-122.03054999979237,37.389740000266897],[-122.02578999957839,37.388159999719051],[-122.02484999977011,37.390900000006418],[-122.02230999982956,37.39009999964582],[-122.01996999990553,37.389589999955994],[-122.01765000007296,37.396600000244952],[-122.02266700020493,37.397718000060216],[-122.027860000064,37.398860000232681],[-122.03049000041624,37.390329999910151]]]},"properties":{"GEOID":"06085509001","STATE":"06","COUNTY":"085","TRACT":"509001","BASENAME":"5090.01","NAME":"Census Tract 5090.01"}},{"type":"Feature","geometry":{"type":"Polygon","coordinates":[[[-122.0415399997581,37.352070000349421],[-122.04151999966662,37.344789999793527],[-122.04151999966662,37.342990000239759],[-122.03501999957817,37.343000000150163],[-122.03364999959963,37.340589999662328],[-122.03355000004052,37.339939999712804],[-122.03240000016999,37.339939999712804],[-122.03242000026145,37.344784999957696],[-122.03243000030722,37.346639999760839],[-122.03242000026145,37.35203999995354],[-122.03802200037444,37.352089999892634],[-122.0415399997581,37.352070000349421]]]},"properties":{"GEOID":"06085508306","STATE":"06","COUNTY":"085","TRACT":"508306","BASENAME":"5083.06","NAME":"Census Tract 5083.06"}},{"type":"Feature","geometry":{"type":"Polygon","coordinates":[[[-121.95196800002162,37.253841999833007],[-121.95247000016197,37.253210000071718],[-121.95192299981578,37.252978999883581],[-121.95094399964947,37.249808999666165],[-121.94862100034219,37.250422000298691],[-121.94821399973809,37.251095000135045],[-121.94449200013995,37.251099000126722],[-121.94410999965021,37.251043000223838],[-121.9435690000501,37.250733999653839],[-121.94337499988136,37.250658999768646],[-121.94311799996342,37.250613999944719],[-121.94050000020505,37.250621000332252],[-121.93224400034867,37.250664999790843],[-121.93131500041106,37.250544000324126],[-121.93127900042606,37.251051999853537],[-121.93126199980932,37.253620999797484],[-121.93126199980932,37.255787000277728],[-121.93126400035744,37.256126999803463],[-121.93127900042606,37.257973999799916],[-121.93129799979432,37.25840800021539],[-121.93134300000017,37.259294999662075],[-121.93141099977223,37.261741999920538],[-121.93382600003935,37.261837999678839],[-121.93401799965994,37.261871000260115],[-121.93531900004153,37.262209999999591],[-121.93551200038539,37.260249000076406],[-121.93760799991193,37.260237999647316],[-121.94048400031149,37.260222999709647],[-121.94045300034935,37.258215000151537],[-121.9430190002292,37.258199999810991],[-121.94399800039551,37.256372000056054],[-121.94860999957322,37.257860000346916],[-121.95005400006993,37.256119000353785],[-121.95130000019994,37.254660000354512],[-121.95150000021648,37.254410000127116],[-121.95196800002162,37.253841999833007]]]},"properties":{"GEOID":"06085502704","STATE":"06","COUNTY":"085","TRACT":"502704","BASENAME":"5027.04","NAME":"Census Tract 5027.04"}},{"type":"Feature","geometry":{"type":"Polygon","coordinates":[[[-121.79695699990805,37.324917999891376],[-121.79643999969909,37.323395999990367],[-121.79602899979535,37.321943000302383],[-121.79531699959273,37.320066000112803],[-121.79152399984947,37.313965999811629],[-121.7871829999351,37.314619000122825],[-121.7882809999271,37.317329999935893],[-121.78808599993343,37.317705000169951],[-121.78189499964151,37.319093000282436],[-121.7795210002806,37.319892999805944],[-121.77911700004954,37.320142999741357],[-121.7819080000603,37.323091999785227],[-121.78214099968879,37.324966999942532],[-121.78704599966778,37.324838999974986],[-121.79588900005326,37.324761000066374],[-121.79695699990805,37.324917999891376]]]},"properties":{"GEOID":"06085503325","STATE":"06","COUNTY":"085","TRACT":"503325","BASENAME":"5033.25","NAME":"Census Tract 5033.25"}},{"type":"Feature","geometry":{"type":"Polygon","coordinates":[[[-121.8219670002248,37.343462999827949],[-121.82005400009803,37.340737999644645],[-121.81997999957986,37.340597000251968],[-121.81743899981436,37.337818999762277],[-121.81466899972003,37.338710999811568],[-121.80591300027145,37.341518999773371],[-121.8064639999173,37.342135000120493],[-121.80751400022869,37.34328899998458],[-121.80796299976727,37.343794000354208],[-121.80858499955819,37.344549000328385],[-121.80886300029087,37.344739999991795],[-121.81113200006978,37.347342999894579],[-121.81281099984481,37.347474000162094],[-121.81655400025771,37.345628999813002],[-121.81618299963861,37.3442770003318],[-121.81800299987898,37.343546000235058],[-121.81939899979679,37.344759000234589],[-121.8219670002248,37.343462999827949]]]},"properties":{"GEOID":"06085503511","STATE":"06","COUNTY":"085","TRACT":"503511","BASENAME":"5035.11","NAME":"Census Tract 5035.11"}},{"type":"Feature","geometry":{"type":"Polygon","coordinates":[[[-121.87733100033007,37.361214999848137],[-121.87744900033087,37.361080000139538],[-121.87590100007706,37.360611000036684],[-121.87380399982726,37.35970400014719],[-121.87072400011151,37.357913000126572],[-121.86623199968614,37.35406900000195],[-121.86172799956515,37.34976199999717],[-121.8572739996729,37.351969999697126],[-121.85546500020148,37.352735000334938],[-121.8590560002784,37.356314000093093],[-121.86069800024354,37.357988000224132],[-121.86334199994118,37.360670000064644],[-121.86882699987829,37.366161999662424],[-121.86936500000363,37.366808000080276],[-121.87465300029724,37.363319999693857],[-121.87682599981672,37.361814999978186],[-121.87733100033007,37.361214999848137]]]},"properties":{"GEOID":"06085503601","STATE":"06","COUNTY":"085","TRACT":"503601","BASENAME":"5036.01","NAME":"Census Tract 5036.01"}},{"type":"Feature","geometry":{"type":"Polygon","coordinates":[[[-121.86172799956515,37.34976199999717],[-121.85917299955595,37.346812999897431],[-121.85753399996386,37.345066999891706],[-121.85465699973942,37.342196999963647],[-121.85195799979017,37.339492000307452],[-121.85163200027525,37.33904000005483],[-121.84859100001927,37.335812000023409],[-121.84591399981133,37.338042000232093],[-121.84310899955686,37.339904000133536],[-121.84632600043828,37.343204000316774],[-121.84930700041984,37.346311999765675],[-121.85130000001422,37.348338000328134],[-121.85212099999679,37.349297000354525],[-121.85265099972619,37.349850000081517],[-121.85546500020148,37.352735000334938],[-121.8572739996729,37.351969999697126],[-121.86172799956515,37.34976199999717]]]},"properties":{"GEOID":"06085503602","STATE":"06","COUNTY":"085","TRACT":"503602","BASENAME":"5036.02","NAME":"Census Tract 5036.02"}},{"type":"Feature","geometry":{"type":"Polygon","coordinates":[[[-121.84632600043828,37.343204000316774],[-121.84310899955686,37.339904000133536],[-121.84033699981272,37.341766000294491],[-121.83756400024362,37.343654999950601],[-121.834836999807,37.345500000241152],[-121.83264699967079,37.346986000349524],[-121.83436900000186,37.348826999693316],[-121.83678599991877,37.351400999812675],[-121.83779799969703,37.352480999996352],[-121.83853900021198,37.349970999850562],[-121.84136700003263,37.347112999924128],[-121.84632600043828,37.343204000316774]]]},"properties":{"GEOID":"06085503703","STATE":"06","COUNTY":"085","TRACT":"503703","BASENAME":"5037.03","NAME":"Census Tract 5037.03"}},{"type":"Feature","geometry":{"type":"Polygon","coordinates":[[[-121.85012000000648,37.365259000100913],[-121.85282800017652,37.363432999705722],[-121.84921199998529,37.359729000067475],[-121.8482770001999,37.358899999755486],[-121.8468190003578,37.356937000229735],[-121.8451239997909,37.357739999863156],[-121.8434540002367,37.358473000283546],[-121.84090800044834,37.359656000248364],[-121.84299300010424,37.363115999923814],[-121.84492700014742,37.366462000183489],[-121.84610399978212,37.368074999949364],[-121.85012000000648,37.365259000100913]]]},"properties":{"GEOID":"06085503712","STATE":"06","COUNTY":"085","TRACT":"503712","BASENAME":"5037.12","NAME":"Census Tract 5037.12"}},{"type":"Feature","geometry":{"type":"Polygon","coordinates":[[[-121.89585999992669,37.382744999942631],[-121.89544599964989,37.381867999852119],[-121.89559299996299,37.377680999824115],[-121.89536700000717,37.377706000179401],[-121.89249599963047,37.377829000207015],[-121.89100299962826,37.37692200000437],[-121.8894219997625,37.374891000047086],[-121.88905100004175,37.373484000061083],[-121.88828899961042,37.372555000012426],[-121.8879639999204,37.372258000099592],[-121.88712100019652,37.371492999992867],[-121.88457200003512,37.369751000159795],[-121.88069800010101,37.368007000113188],[-121.87901900032595,37.369655999827067],[-121.87306200038573,37.373791000208982],[-121.87533399963942,37.376336000263414],[-121.87850999961461,37.37988400011394],[-121.88403200025995,37.385038000167562],[-121.88446400008009,37.385530000216022],[-121.88605400016668,37.387353000299782],[-121.89027600025535,37.384800000044592],[-121.89219799970463,37.383632999997502],[-121.89367599963823,37.382886000111078],[-121.89585999992669,37.382744999942631]]]},"properties":{"GEOID":"06085504311","STATE":"06","COUNTY":"085","TRACT":"504311","BASENAME":"5043.11","NAME":"Census Tract 5043.11"}},{"type":"Feature","geometry":{"type":"Polygon","coordinates":[[[-121.86120299985861,37.402629999749557],[-121.86436100029044,37.401055999883248],[-121.85941299975548,37.394098999695991],[-121.85700900025732,37.395186000280532],[-121.8469249997647,37.399792999762937],[-121.84918000019823,37.404308999779424],[-121.84975199976043,37.405577000205],[-121.84648799992166,37.407761999701087],[-121.84848100041438,37.409935000088026],[-121.851746999903,37.408600000190212],[-121.85598300023533,37.406908999895954],[-121.85752700029119,37.40619899966066],[-121.86093599989491,37.402784000143384],[-121.86120299985861,37.402629999749557]]]},"properties":{"GEOID":"06085504314","STATE":"06","COUNTY":"085","TRACT":"504314","BASENAME":"5043.14","NAME":"Census Tract 5043.14"}},{"type":"Feature","geometry":{"type":"Polygon","coordinates":[[[-121.87026700017702,37.409124000204905],[-121.86946700011089,37.408031999945564],[-121.86676300013877,37.40432400023235],[-121.86638400002209,37.403803999904888],[-121.86436100029044,37.401055999883248],[-121.86120299985861,37.402629999749557],[-121.86093599989491,37.402784000143384],[-121.85752700029119,37.40619899966066],[-121.85598300023533,37.406908999895954],[-121.851746999903,37.408600000190212],[-121.84848100041438,37.409935000088026],[-121.85149300035808,37.413156000322743],[-121.8524590001056,37.415374000223359],[-121.85316799993515,37.416367000350284],[-121.85414499955333,37.417012999917226],[-121.85637999989538,37.415922000093509],[-121.85882199992666,37.414726000150708],[-121.86250800043814,37.412922000237288],[-121.87026700017702,37.409124000204905]]]},"properties":{"GEOID":"06085504315","STATE":"06","COUNTY":"085","TRACT":"504315","BASENAME":"5043.15","NAME":"Census Tract 5043.15"}},{"type":"Feature","geometry":{"type":"Polygon","coordinates":[[[-121.83422500006179,37.288670000324693],[-121.83417800020614,37.286936999857751],[-121.83413800002316,37.283925999705126],[-121.8328669997788,37.28350199980305],[-121.83158800003685,37.283488000136394],[-121.82785899986767,37.282624999676997],[-121.82687999970136,37.282530999850877],[-121.82347600012054,37.282388000011927],[-121.82368000033503,37.28298299974935],[-121.82494700038141,37.284447000227843],[-121.8270089995728,37.286817999820741],[-121.82769499983615,37.287605999824073],[-121.82954199984067,37.289726999747856],[-121.83321400010843,37.293420999846361],[-121.83408600014462,37.292181999985893],[-121.83422500006179,37.288670000324693]]]},"properties":{"GEOID":"06085503217","STATE":"06","COUNTY":"085","TRACT":"503217","BASENAME":"5032.17","NAME":"Census Tract 5032.17"}},{"type":"Feature","geometry":{"type":"Polygon","coordinates":[[[-121.81466899972003,37.338710999811568],[-121.81743899981436,37.337818999762277],[-121.81410999967831,37.333091000003741],[-121.81398599982971,37.332912999771615],[-121.81275599959324,37.331248999873139],[-121.809591000387,37.326623999932494],[-121.80844099961817,37.3238550000872],[-121.80775899955279,37.324033999735526],[-121.8004740003651,37.32558300030859],[-121.79695699990805,37.324917999891376],[-121.79830099994733,37.328667000121129],[-121.79889400032424,37.330448999810898],[-121.80061800030516,37.335547000155003],[-121.80591300027145,37.341518999773371],[-121.81466899972003,37.338710999811568]]]},"properties":{"GEOID":"06085503321","STATE":"06","COUNTY":"085","TRACT":"503321","BASENAME":"5033.21","NAME":"Census Tract 5033.21"}},{"type":"Feature","geometry":{"type":"Polygon","coordinates":[[[-121.83519199963423,37.362333999951844],[-121.83306299959739,37.359587000295306],[-121.83110799963781,37.356769000324995],[-121.83081599955979,37.355345000039968],[-121.83007999996602,37.354992999856798],[-121.82906700036284,37.35418799999924],[-121.82711800025106,37.351127000164745],[-121.82700600009805,37.350832999643991],[-121.81914699990172,37.356142000101464],[-121.8209760003629,37.358176000320277],[-121.8213410002359,37.358575999763111],[-121.82249500030439,37.359809000042034],[-121.82323199972305,37.360631000160289],[-121.8247270002734,37.36224800012041],[-121.82536499995786,37.362957999678862],[-121.82552999981429,37.363141999715367],[-121.82594200044124,37.363593000240328],[-121.82734500003177,37.365102999905929],[-121.82792800036297,37.365736999905316],[-121.83519199963423,37.362333999951844]]]},"properties":{"GEOID":"06085504001","STATE":"06","COUNTY":"085","TRACT":"504001","BASENAME":"5040.01","NAME":"Census Tract 5040.01"}},{"type":"Feature","geometry":{"type":"Polygon","coordinates":[[[-121.84090800044834,37.359656000248364],[-121.83853099981606,37.355648000001452],[-121.83787800006299,37.354076999749623],[-121.83779799969703,37.352480999996352],[-121.83678599991877,37.351400999812675],[-121.83436900000186,37.348826999693316],[-121.83264699967079,37.346986000349524],[-121.8305989998248,37.348378999745897],[-121.82700600009805,37.350832999643991],[-121.82711800025106,37.351127000164745],[-121.82906700036284,37.35418799999924],[-121.83007999996602,37.354992999856798],[-121.83081599955979,37.355345000039968],[-121.83110799963781,37.356769000324995],[-121.83306299959739,37.359587000295306],[-121.83519199963423,37.362333999951844],[-121.84090800044834,37.359656000248364]]]},"properties":{"GEOID":"06085504002","STATE":"06","COUNTY":"085","TRACT":"504002","BASENAME":"5040.02","NAME":"Census Tract 5040.02"}},{"type":"Feature","geometry":{"type":"Polygon","coordinates":[[[-121.82792800036297,37.365736999905316],[-121.82734500003177,37.365102999905929],[-121.82594200044124,37.363593000240328],[-121.82552999981429,37.363141999715367],[-121.82536499995786,37.362957999678862],[-121.8247270002734,37.36224800012041],[-121.8246850004406,37.362339000046944],[-121.82019999968787,37.365386000175675],[-121.81898500041834,37.366209999683605],[-121.81757899955645,37.367194000133246],[-121.81647499971666,37.367926000080899],[-121.81630400001247,37.368045000239221],[-121.8157729995598,37.368390999975311],[-121.81357300027616,37.369902999870781],[-121.81269700004202,37.370132999975162],[-121.81088199982455,37.371362000237475],[-121.81447299990144,37.372922000232251],[-121.81554699960398,37.373384000099719],[-121.81636900030976,37.373709999996699],[-121.81823600040579,37.374445000332059],[-121.82125400019727,37.375660999687227],[-121.82345000018125,37.372233000070125],[-121.82405199988068,37.371258999745933],[-121.82438599979153,37.370727999937913],[-121.82521099997209,37.369394000097181],[-121.82534599969128,37.369186000281374],[-121.82669399992851,37.366961000285158],[-121.82792800036297,37.365736999905316]]]},"properties":{"GEOID":"06085504101","STATE":"06","COUNTY":"085","TRACT":"504101","BASENAME":"5041.01","NAME":"Census Tract 5041.01"}},{"type":"Feature","geometry":{"type":"Polygon","coordinates":[[[-121.83714800031703,37.280023000052353],[-121.83735400018134,37.279890000182533],[-121.83524000021313,37.277822999664252],[-121.83505299971704,37.277976000299276],[-121.8321989999571,37.278108999977199],[-121.82698699983148,37.27811499995714],[-121.82465899960302,37.27811499995714],[-121.82419199962277,37.278173999734342],[-121.82335300009687,37.278883999859268],[-121.82338999990679,37.279591999766019],[-121.82347600012054,37.282388000011927],[-121.82687999970136,37.282530999850877],[-121.82785899986767,37.282624999676997],[-121.83158800003685,37.283488000136394],[-121.8328669997788,37.28350199980305],[-121.83413800002316,37.283925999705126],[-121.83494399993711,37.281676000163166],[-121.83714800031703,37.280023000052353]]]},"properties":{"GEOID":"06085503218","STATE":"06","COUNTY":"085","TRACT":"503218","BASENAME":"5032.18","NAME":"Census Tract 5032.18"}},{"type":"Feature","geometry":{"type":"Polygon","coordinates":[[[-121.83176299993903,37.318456999661372],[-121.82680699990644,37.313337999905713],[-121.82469200011329,37.311163999744593],[-121.8198199997463,37.306083000000697],[-121.81677400036574,37.302980999817109],[-121.81108600003903,37.306888000296098],[-121.81083499996888,37.307130000153023],[-121.81091899963444,37.307223999970162],[-121.81342799961291,37.310167000018055],[-121.81748800021815,37.31355800016032],[-121.81814199979615,37.314235999792238],[-121.82081999982897,37.317038999859641],[-121.82241900013641,37.318719000000691],[-121.82589300003745,37.322370999760508],[-121.83176299993903,37.318456999661372]]]},"properties":{"GEOID":"06085503304","STATE":"06","COUNTY":"085","TRACT":"503304","BASENAME":"5033.04","NAME":"Census Tract 5033.04"}},{"type":"Feature","geometry":{"type":"Polygon","coordinates":[[[-121.82375200030506,37.323818999942816],[-121.82589300003745,37.322370999760508],[-121.82241900013641,37.318719000000691],[-121.82081999982897,37.317038999859641],[-121.81814199979615,37.314235999792238],[-121.81748800021815,37.31355800016032],[-121.81342799961291,37.310167000018055],[-121.81091899963444,37.307223999970162],[-121.81083499996888,37.307130000153023],[-121.80931500020247,37.308843999834679],[-121.80806900007246,37.311433000232299],[-121.80790000001807,37.312424000216012],[-121.80800100030041,37.317739000016729],[-121.80821700021048,37.322703999889463],[-121.80844099961817,37.3238550000872],[-121.809591000387,37.326623999932494],[-121.81275599959324,37.331248999873139],[-121.81285900042374,37.331179000234549],[-121.82375200030506,37.323818999942816]]]},"properties":{"GEOID":"06085503305","STATE":"06","COUNTY":"085","TRACT":"503305","BASENAME":"5033.05","NAME":"Census Tract 5033.05"}},{"type":"Feature","geometry":{"type":"Polygon","coordinates":[[[-121.83175600026632,37.328287000076763],[-121.8303050000969,37.326829000352525],[-121.83008900018686,37.326609999719636],[-121.82924300008993,37.325758999893836],[-121.8289369997682,37.325449000185579],[-121.82589300003745,37.322370999760508],[-121.82375200030506,37.323818999942816],[-121.81285900042374,37.331179000234549],[-121.81275599959324,37.331248999873139],[-121.81398599982971,37.332912999771615],[-121.81410999967831,37.333091000003741],[-121.81743899981436,37.337818999762277],[-121.81997999957986,37.340597000251968],[-121.82005400009803,37.340737999644645],[-121.82151100011521,37.339951999806765],[-121.82632300020775,37.336711999793238],[-121.82810300026514,37.335508000055043],[-121.82651499982839,37.334019000048656],[-121.82405000023087,37.333508999789636],[-121.8248329996803,37.332979000011214],[-121.82967699955988,37.329697000313665],[-121.83175600026632,37.328287000076763]]]},"properties":{"GEOID":"06085503306","STATE":"06","COUNTY":"085","TRACT":"503306","BASENAME":"5033.06","NAME":"Census Tract 5033.06"}},{"type":"Feature","geometry":{"type":"Polygon","coordinates":[[[-121.8246850004406,37.362339000046944],[-121.8247270002734,37.36224800012041],[-121.82323199972305,37.360631000160289],[-121.82249500030439,37.359809000042034],[-121.8213410002359,37.358575999763111],[-121.8209760003629,37.358176000320277],[-121.81914699990172,37.356142000101464],[-121.81708999983492,37.357535999919357],[-121.81605700014023,37.358237000124973],[-121.8156539997341,37.358509999884099],[-121.81445899965772,37.359310000217945],[-121.81217499981021,37.360885000052356],[-121.81218599968088,37.361481000128876],[-121.81204199974081,37.362426999666916],[-121.81104000000826,37.363481000044736],[-121.80630699955844,37.364934999717775],[-121.80474800033232,37.367561999684874],[-121.80542600019972,37.367812999695836],[-121.80685899992751,37.368588000275878],[-121.80737799978625,37.368874000190289],[-121.8077829998422,37.369186000281374],[-121.80839399976249,37.369749999953996],[-121.80968699974814,37.370753999947425],[-121.81088199982455,37.371362000237475],[-121.81269700004202,37.370132999975162],[-121.81357300027616,37.369902999870781],[-121.8157729995598,37.368390999975311],[-121.81630400001247,37.368045000239221],[-121.81647499971666,37.367926000080899],[-121.81757899955645,37.367194000133246],[-121.81898500041834,37.366209999683605],[-121.82019999968787,37.365386000175675],[-121.8246850004406,37.362339000046944]]]},"properties":{"GEOID":"06085504102","STATE":"06","COUNTY":"085","TRACT":"504102","BASENAME":"5041.02","NAME":"Census Tract 5041.02"}},{"type":"Feature","geometry":{"type":"Polygon","coordinates":[[[-121.78520200003628,37.338684000222578],[-121.78284700004363,37.331729999819636],[-121.78223500029846,37.329626999943329],[-121.78219000009258,37.327404000323241],[-121.78214099968879,37.324966999942532],[-121.77059900025236,37.325764999645159],[-121.7700100000734,37.325877999753267],[-121.76636100027014,37.327736000241735],[-121.76610099997917,37.328731999767015],[-121.76635399969916,37.330291000096558],[-121.76495299975844,37.332347999719659],[-121.76617999962188,37.332132000152228],[-121.76767199979918,37.331438999787849],[-121.7686450001177,37.33079700001695],[-121.77067299987222,37.332241000004949],[-121.77178799958264,37.331855000201493],[-121.77253400012043,37.333771999763144],[-121.78019599977496,37.339188000234799],[-121.78168299992939,37.339398000134452],[-121.78520200003628,37.338684000222578]]]},"properties":{"GEOID":"06085503313","STATE":"06","COUNTY":"085","TRACT":"503313","BASENAME":"5033.13","NAME":"Census Tract 5033.13"}},{"type":"Feature","geometry":{"type":"Polygon","coordinates":[[[-121.80844099961817,37.3238550000872],[-121.80821700021048,37.322703999889463],[-121.80800100030041,37.317739000016729],[-121.80790000001807,37.312424000216012],[-121.80806900007246,37.311433000232299],[-121.80524200007673,37.311901000014011],[-121.80485600028734,37.311964000064457],[-121.80387899977084,37.312173000069038],[-121.8019099995676,37.312416000318194],[-121.79614099994836,37.313289000131547],[-121.7945750001512,37.313523000325247],[-121.79156599968226,37.313958000077896],[-121.79152399984947,37.313965999811629],[-121.79531699959273,37.320066000112803],[-121.79602899979535,37.321943000302383],[-121.79643999969909,37.323395999990367],[-121.79695699990805,37.324917999891376],[-121.8004740003651,37.32558300030859],[-121.80775899955279,37.324033999735526],[-121.80844099961817,37.3238550000872]]]},"properties":{"GEOID":"06085503315","STATE":"06","COUNTY":"085","TRACT":"503315","BASENAME":"5033.15","NAME":"Census Tract 5033.15"}},{"type":"Feature","geometry":{"type":"Polygon","coordinates":[[[-121.80061800030516,37.335547000155003],[-121.79889400032424,37.330448999810898],[-121.79830099994733,37.328667000121129],[-121.79023900025972,37.330270999747377],[-121.78936300002557,37.330419000062484],[-121.78284700004363,37.331729999819636],[-121.78520200003628,37.338684000222578],[-121.78561600031307,37.338678000074538],[-121.79168000038341,37.337489999884305],[-121.79411599966858,37.336823999933813],[-121.80061800030516,37.335547000155003]]]},"properties":{"GEOID":"06085503323","STATE":"06","COUNTY":"085","TRACT":"503323","BASENAME":"5033.23","NAME":"Census Tract 5033.23"}},{"type":"Feature","geometry":{"type":"Polygon","coordinates":[[[-122.0685660001338,37.416807000072865],[-122.06862600040826,37.410060999760553],[-122.06372200025419,37.410206999682245],[-122.06354999982673,37.409759999874254],[-122.06571400002365,37.408818999955848],[-122.06626999969237,37.407520000135001],[-122.06460000013814,37.407150000301527],[-122.06183400024176,37.406553999905768],[-122.05643299997024,37.405358999969927],[-122.05135999976179,37.404009999829498],[-122.04998899995832,37.403697999757632],[-122.04687200043267,37.40300599978346],[-122.03736100022545,37.40090600009465],[-122.03725499992024,37.401889999911653],[-122.03702999978934,37.419000000169504],[-122.03692400038244,37.420101999971585],[-122.0353100000064,37.426450000242674],[-122.03711799965288,37.426649000262145],[-122.03730500014895,37.426716999703011],[-122.0402309998789,37.426988000260266],[-122.04041800037498,37.426947000291541],[-122.04108899967137,37.427006999646501],[-122.04357199971057,37.427238999648615],[-122.04917200017371,37.426139000346772],[-122.05447200016289,37.435738999679941],[-122.05967300041786,37.434039000281231],[-122.05977200015208,37.426838999762026],[-122.05800499961516,37.426613999644616],[-122.05855299978626,37.424712999880427],[-122.06051000029396,37.419030000183291],[-122.06406000036297,37.419060000185119],[-122.06398199964687,37.416591000285628],[-122.0685660001338,37.416807000072865]]]},"properties":{"GEOID":"06085504700","STATE":"06","COUNTY":"085","TRACT":"504700","BASENAME":"5047","NAME":"Census Tract 5047"}},{"type":"Feature","geometry":{"type":"Polygon","coordinates":[[[-122.19132500040068,37.425302000077494],[-122.19083999997875,37.424364999994317],[-122.18501000026016,37.422030000088192],[-122.18224000016583,37.421919999867121],[-122.1768599998107,37.420269999990403],[-122.17592000000245,37.419419999982729],[-122.17379000014068,37.419049999710182],[-122.17073999966384,37.419519999896863],[-122.16835999955684,37.421399999682926],[-122.16905000001819,37.422520000147458],[-122.17314999990809,37.422750000074132],[-122.17305000034898,37.425190000023719],[-122.17372999986621,37.4263599998092],[-122.1703200004376,37.429085999743762],[-122.16788000005616,37.434559999761177],[-122.16571199966123,37.441249999719751],[-122.16542399978113,37.441928999975893],[-122.1676299998109,37.443629999815272],[-122.16887199974293,37.442504000239161],[-122.16940999986826,37.442029999735496],[-122.17017999979718,37.441400000025048],[-122.17043000004244,37.441110000209605],[-122.17053999964732,37.440899999740054],[-122.17456300044269,37.432035999670049],[-122.17497000014846,37.430799999679756],[-122.17569999989441,37.430959999842678],[-122.17574000007738,37.431249999756815],[-122.17812000018439,37.431719999691445],[-122.17811900035947,37.432799000241069],[-122.18075800003425,37.434006999737697],[-122.18228799984638,37.434497999929654],[-122.18987900025409,37.428830000186387],[-122.18960999974229,37.427136999748534],[-122.19132500040068,37.425302000077494]]]},"properties":{"GEOID":"06085511608","STATE":"06","COUNTY":"085","TRACT":"511608","BASENAME":"5116.08","NAME":"Census Tract 5116.08"}},{"type":"Feature","geometry":{"type":"Polygon","coordinates":[[[-121.79152399984947,37.313965999811629],[-121.79156599968226,37.313958000077896],[-121.79044099992608,37.313105000096634],[-121.78551699968055,37.310218000252569],[-121.78023099993507,37.308295999849257],[-121.77787199974445,37.305974000075793],[-121.77050999966558,37.307021999929276],[-121.7718980000858,37.309936000245948],[-121.77225700011101,37.311452999879563],[-121.77344100031674,37.31403599976742],[-121.77518200001604,37.316412000108834],[-121.7773760003502,37.316300999748201],[-121.78324399970366,37.315209999844711],[-121.7871829999351,37.314619000122825],[-121.79152399984947,37.313965999811629]]]},"properties":{"GEOID":"06085503329","STATE":"06","COUNTY":"085","TRACT":"503329","BASENAME":"5033.29","NAME":"Census Tract 5033.29"}},{"type":"Feature","geometry":{"type":"Polygon","coordinates":[[[-121.79265899965139,37.240452000125678],[-121.79275699956069,37.240138999892196],[-121.79124199981716,37.239811999868465],[-121.78927599998694,37.239292999746127],[-121.78953100025508,37.2387699996953],[-121.78420199995357,37.235574000066933],[-121.78848900033957,37.232181000330641],[-121.79060900015558,37.229824000098063],[-121.79106199989209,37.225168000166285],[-121.78914499956737,37.223547000315648],[-121.78863099973147,37.223401000042756],[-121.78890199989313,37.222766000325443],[-121.78677799987918,37.22179799993431],[-121.78625499982243,37.221598000309072],[-121.78631799957162,37.220880999965665],[-121.78324000040402,37.219649000013156],[-121.78242400044431,37.218171000007821],[-121.78222699990251,37.218612999874416],[-121.78291399999077,37.220364999858866],[-121.78270300010357,37.220626999816325],[-121.78258799957756,37.220769000281223],[-121.77898700035321,37.22458499990887],[-121.77684400007266,37.226864000259134],[-121.77265799996901,37.231497000049259],[-121.77240000022613,37.233701000037215],[-121.77349300019526,37.236811000059674],[-121.77307200024579,37.238032999714548],[-121.77769099999449,37.240808000205178],[-121.77799099957014,37.240984999839782],[-121.78609499998886,37.245853999882748],[-121.79188500042278,37.240854999716348],[-121.79265899965139,37.240452000125678]]]},"properties":{"GEOID":"06085512032","STATE":"06","COUNTY":"085","TRACT":"512032","BASENAME":"5120.32","NAME":"Census Tract 5120.32"}},{"type":"Feature","geometry":{"type":"Polygon","coordinates":[[[-121.9045650002199,37.229018000266002],[-121.90414000007247,37.227559999799269],[-121.9037319996435,37.226181000355304],[-121.90347100042587,37.225808000282527],[-121.90097400014301,37.227675999932593],[-121.89787799963541,37.229465999789653],[-121.89674799985639,37.230307999690666],[-121.89349400006336,37.233763999760797],[-121.89242600020859,37.234204000063428],[-121.8921030001684,37.234335000076861],[-121.88974099960474,37.235759000015364],[-121.88847100008361,37.237065999880294],[-121.88664900019343,37.23788899994328],[-121.88670400044502,37.238168000188992],[-121.886845000012,37.238735000113422],[-121.88774399981239,37.240879000064069],[-121.88854399987855,37.2426040000366],[-121.88952399986975,37.243179000312288],[-121.89072999981678,37.24385699987544],[-121.89197299957374,37.245518999765437],[-121.90379600011589,37.240135999819692],[-121.90347600044873,37.239057999887805],[-121.9035230003044,37.2363629998368],[-121.90346800005283,37.23416799992706],[-121.90347700027367,37.233844000071869],[-121.9045650002199,37.229018000266002]]]},"properties":{"GEOID":"06085511916","STATE":"06","COUNTY":"085","TRACT":"511916","BASENAME":"5119.16","NAME":"Census Tract 5119.16"}},{"type":"Feature","geometry":{"type":"Polygon","coordinates":[[[-121.802050000208,37.305431000206625],[-121.8007289997349,37.299698000164902],[-121.79827800038109,37.298138999802561],[-121.79538899956275,37.297801999818908],[-121.78755899967874,37.294854000061619],[-121.78509200043142,37.296070999831777],[-121.78345100029119,37.297177999654423],[-121.77452199969197,37.297584000102404],[-121.77162500027434,37.299159000295617],[-121.77315199971342,37.299589000274878],[-121.77454799963124,37.30185799975574],[-121.77872700006219,37.301191000137457],[-121.78043900034753,37.303172000123141],[-121.78292700040956,37.30373300011393],[-121.7849989996467,37.306293999878349],[-121.78762399997608,37.306450999694391],[-121.78796600028285,37.307854000135137],[-121.79033799999391,37.306717000332007],[-121.79430800018751,37.306197999651879],[-121.79398799962208,37.305618000052881],[-121.79502299986488,37.303673999654599],[-121.79615400036712,37.304211999671224],[-121.79788099982275,37.306615000080562],[-121.79934600023589,37.305763999643929],[-121.802050000208,37.305431000206625]]]},"properties":{"GEOID":"06085503333","STATE":"06","COUNTY":"085","TRACT":"503333","BASENAME":"5033.33","NAME":"Census Tract 5033.33"}},{"type":"Feature","geometry":{"type":"Polygon","coordinates":[[[-121.83264699967079,37.346986000349524],[-121.834836999807,37.345500000241152],[-121.83015899960874,37.340670999915581],[-121.82632300020775,37.336711999793238],[-121.82151100011521,37.339951999806765],[-121.82005400009803,37.340737999644645],[-121.8219670002248,37.343462999827949],[-121.82284799958349,37.344718000268458],[-121.82488899975679,37.347653999737133],[-121.82700600009805,37.350832999643991],[-121.8305989998248,37.348378999745897],[-121.83264699967079,37.346986000349524]]]},"properties":{"GEOID":"06085503506","STATE":"06","COUNTY":"085","TRACT":"503506","BASENAME":"5035.06","NAME":"Census Tract 5035.06"}},{"type":"Feature","geometry":{"type":"Polygon","coordinates":[[[-121.80956600027262,37.286032999816221],[-121.80954500035624,37.285675999854796],[-121.80891699981923,37.282364000022326],[-121.80591499992128,37.277583999881408],[-121.80558100001045,37.277078999908106],[-121.80447200014778,37.274225999865443],[-121.80178700044225,37.266028999986666],[-121.80031399963322,37.26189599984594],[-121.7992919998092,37.260122999810413],[-121.79648099970696,37.257159000338625],[-121.79421699995093,37.255636000187657],[-121.79023800043483,37.25350000007279],[-121.78918300010051,37.252919999669338],[-121.78119099983479,37.248540000316531],[-121.76955899998669,37.242066999858409],[-121.76676700015103,37.240367000046881],[-121.76493500021509,37.239372000115189],[-121.74747799977291,37.229525999696165],[-121.74661099975961,37.231704999783368],[-121.74125600041718,37.233944999672829],[-121.73982699998906,37.234957000107926],[-121.73764400042386,37.234516000048423],[-121.73523800037761,37.235177999811249],[-121.72946999968495,37.235026000049231],[-121.72685299975147,37.237547999829907],[-121.72225999994205,37.23667699984744],[-121.71846700019877,37.236899000058791],[-121.72457800012478,37.241898000149391],[-121.73343200038092,37.248829000030511],[-121.73855900011776,37.252842999865592],[-121.74630299978804,37.258519999755187],[-121.76259600011596,37.268344000081221],[-121.76310900012695,37.268719000083998],[-121.76565599974025,37.268791000213952],[-121.76765599990566,37.271722999679675],[-121.7722360001946,37.27126400017589],[-121.77238799963226,37.274962999672447],[-121.77583700031725,37.278565999938756],[-121.77554699988902,37.279148000094352],[-121.78020099979783,37.28027500025221],[-121.78145100012581,37.279620999808003],[-121.7877179996874,37.280320000224634],[-121.78964900025584,37.281689000217732],[-121.79453099977027,37.281475000077869],[-121.79678600020381,37.28224000019236],[-121.7997499995686,37.284063999892943],[-121.80903300017017,37.286050000112496],[-121.80956600027262,37.286032999816221]]]},"properties":{"GEOID":"06085512001","STATE":"06","COUNTY":"085","TRACT":"512001","BASENAME":"5120.01","NAME":"Census Tract 5120.01"}},{"type":"Feature","geometry":{"type":"Polygon","coordinates":[[[-122.12131999997831,37.381310000234386],[-122.12325700039453,37.381284999652898],[-122.12047600042951,37.378629000153246],[-122.1196589997466,37.377141000252649],[-122.11970399995245,37.373966000175223],[-122.11874400005273,37.373171999997687],[-122.11911200029876,37.372139999658792],[-122.12036000007855,37.371040000171639],[-122.1176460000607,37.369976999919224],[-122.11845000032484,37.367714999780098],[-122.11767399964981,37.365539999972427],[-122.11618999986841,37.364879999842167],[-122.11552000039691,37.365639999680461],[-122.11079000032012,37.37052000025102],[-122.10978000019171,37.371649999932444],[-122.10625000021416,37.375520000211786],[-122.10414000044388,37.377709999864273],[-122.09726000041384,37.384990000059631],[-122.11408000009817,37.384959999976559],[-122.1140480003111,37.381339000298922],[-122.12131999997831,37.381310000234386]]]},"properties":{"GEOID":"06085510300","STATE":"06","COUNTY":"085","TRACT":"510300","BASENAME":"5103","NAME":"Census Tract 5103"}},{"type":"Feature","geometry":{"type":"Polygon","coordinates":[[[-122.05991142317575,37.447336000643709],[-122.06000599960549,37.44362200034935],[-122.05967300041786,37.434039000281231],[-122.05447200016289,37.435738999679941],[-122.04917200017371,37.426139000346772],[-122.04357199971057,37.427238999648615],[-122.04108899967137,37.427006999646501],[-122.04041800037498,37.426947000291541],[-122.0402309998789,37.426988000260266],[-122.03730500014895,37.426716999703011],[-122.03711799965288,37.426649000262145],[-122.0353100000064,37.426450000242674],[-122.03692400038244,37.420101999971585],[-122.03702999978934,37.419000000169504],[-122.03725499992024,37.401889999911653],[-122.03736100022545,37.40090600009465],[-122.03593699982021,37.400636999655156],[-122.03549099975639,37.400810999978113],[-122.0329159996557,37.401676000200979],[-122.02713000031802,37.403130000170421],[-122.02037800033453,37.404439999780159],[-122.0096400002639,37.406889999691813],[-122.00610899956314,37.407689000247494],[-122.00478999963821,37.407975999869095],[-122.00468599988112,37.407999000007507],[-121.99578200029455,37.409928000258574],[-121.98917900027396,37.411400000051323],[-121.9875769995935,37.411821999675972],[-121.98683799962672,37.412058999981603],[-121.98631999959287,37.41223100018842],[-121.97064999977908,37.41867300002427],[-121.96802299979984,37.419005000053744],[-121.96792499989057,37.418998999907203],[-121.95939200002479,37.419324999797951],[-121.95704500042804,37.419448000029263],[-121.94373499973146,37.419471999754997],[-121.93073700010275,37.422366999876338],[-121.92643200017342,37.422761000266959],[-121.92068000027263,37.42420399981134],[-121.91638299984086,37.425772000259826],[-121.9182010004314,37.430065999890303],[-121.91905800039896,37.435517000045479],[-121.91989799974978,37.440032000343571],[-121.92267100021719,37.453644999786022],[-121.92300099993005,37.455295999694641],[-121.92504100027844,37.454185999803272],[-121.92660399970256,37.455059999831064],[-121.92790000006126,37.455352000036413],[-121.92756100012755,37.456924999916602],[-121.92844400003437,37.457394000003809],[-121.93206900044649,37.455276999645584],[-121.93265600007732,37.456918999957274],[-121.93112799991502,37.457390000293728],[-121.93147100004667,37.460911000106798],[-121.93411599956926,37.46033100016178],[-121.93513699956834,37.460839999825268],[-121.93498699978053,37.462463999954259],[-121.93602500039637,37.46292900011445],[-121.93890300044575,37.462394000116767],[-121.94108500018604,37.464948000208935],[-121.94377900011241,37.46545699981543],[-121.94424400044282,37.468525999968371],[-121.94491399991432,37.469163000083967],[-121.9470870003321,37.467424000158196],[-121.94617400028804,37.463946000161215],[-121.94812599987455,37.461844999923287],[-121.95192100016595,37.461460999722263],[-121.95931300038205,37.463515000015953],[-121.96415700026166,37.46315099970009],[-121.96852400011529,37.461952999847348],[-121.9747060001864,37.460740000208297],[-121.98001399967319,37.460892000058159],[-121.99266900006853,37.46463899989071],[-121.99431100003365,37.466048999807597],[-121.99647100003263,37.467038999757193],[-122.02087200007894,37.465138999799294],[-122.02542499970542,37.465630000325653],[-122.0361820000426,37.464966000291987],[-122.03726599979089,37.46469899968551],[-122.04087272218189,37.462863367343211],[-122.03859899995952,37.462048000120298],[-122.03859899995952,37.454621999881347],[-122.04566296417997,37.44923357461925],[-122.04590099976394,37.449052000274285],[-122.04599549624363,37.449034795108226],[-122.0583360000513,37.446788000342792],[-122.05991142317575,37.447336000643709]]]},"properties":{"GEOID":"06085504602","STATE":"06","COUNTY":"085","TRACT":"504602","BASENAME":"5046.02","NAME":"Census Tract 5046.02"}},{"type":"Feature","geometry":{"type":"Polygon","coordinates":[[[-121.98692200019062,37.202469999800428],[-121.98901500024245,37.20149399991238],[-121.98661000002109,37.20027000000929],[-121.98367000004743,37.199030000011348],[-121.98077000025671,37.200889999882662],[-121.97708499957018,37.201775999742495],[-121.97627299980844,37.202096000252688],[-121.97217399974343,37.203344000012073],[-121.96310299975227,37.201152999799042],[-121.95546799986192,37.197804000246002],[-121.95057999960142,37.197717000057615],[-121.94701600018699,37.196800999711911],[-121.94535900015325,37.196916000274008],[-121.94150899961025,37.195660000000174],[-121.93584200009826,37.195357000125931],[-121.92824200036804,37.194692999993954],[-121.92798000042721,37.196874000219722],[-121.92568599963559,37.198642999804015],[-121.9234319999253,37.201136999963587],[-121.92209200008396,37.204532999719959],[-121.9194330003177,37.207010000341818],[-121.91729599988493,37.207625000287578],[-121.91597699995999,37.209301000303789],[-121.91353400010379,37.211056000286561],[-121.91344100021739,37.211190000240975],[-121.91328999970632,37.211327999913273],[-121.91318000010148,37.211480999674883],[-121.91300900039725,37.211635000005337],[-121.91281299968037,37.211759000173096],[-121.91243100008894,37.212101999898735],[-121.91242799971589,37.213566999687345],[-121.91299299960541,37.21561899978682],[-121.9124419999596,37.216900000070275],[-121.9126600004178,37.217070000108166],[-121.91330999979783,37.217619999878352],[-121.91580600025577,37.217980000066866],[-121.91794000031551,37.218919999652748],[-121.92094999971104,37.219159999648518],[-121.92188299984659,37.219314000042445],[-121.92304000028811,37.219700000066119],[-121.9239669996776,37.22004999982196],[-121.92746800024112,37.21879699987759],[-121.92903900006115,37.217491000328629],[-121.93123000002227,37.217480000096202],[-121.93383000023729,37.218200000091429],[-121.93210999955603,37.218319999899428],[-121.93258999995507,37.219429999982864],[-121.9355709999366,37.219404999899766],[-121.93858000040557,37.218460000268706],[-121.94283799958093,37.218600999734257],[-121.94356800022521,37.21689400022187],[-121.94845999978538,37.217099999990921],[-121.95354999971228,37.219289999983125],[-121.95356999980379,37.220670000287605],[-121.95359699956795,37.221425999677834],[-121.9553799999984,37.223609999939477],[-121.96002999970923,37.224850000194451],[-121.96032500016034,37.225374000228683],[-121.96430000037678,37.226590000209193],[-121.96788999973046,37.227359999717656],[-121.96964999969639,37.225179999977044],[-121.9714900000282,37.222850000205128],[-121.97370500027878,37.220056000134704],[-121.9701519998367,37.217238000299417],[-121.97030199962454,37.216296999682811],[-121.97119700012526,37.214206000101434],[-121.97137299985235,37.213918000131322],[-121.97157899971666,37.213367999841537],[-121.97169400024272,37.212861999897022],[-121.97187300034285,37.212658999737478],[-121.97276700012034,37.212826999735825],[-121.9723200002316,37.210356000115745],[-121.9731229997725,37.209515000161566],[-121.9741499996194,37.21021999974613],[-121.97670499962858,37.208118999918021],[-121.97791099957558,37.208568000009343],[-121.97964899980022,37.20863399987563],[-121.98082499961001,37.210129000256224],[-121.97987999977889,37.210609999791856],[-121.97909999980421,37.211760000335197],[-121.97804000034536,37.212440000161671],[-121.97932999995795,37.21309000026379],[-121.97912999994143,37.213709999985866],[-121.98111000001535,37.214070000232653],[-121.98258999959877,37.214029999972134],[-121.98379800009394,37.213651999932495],[-121.98422499989118,37.213764000168183],[-121.98508299968367,37.213118000010311],[-121.98541599976961,37.212671000107477],[-121.9858879997727,37.21231299993358],[-121.98608100011658,37.21193999995981],[-121.98620900016309,37.211352999811368],[-121.98682400028132,37.210967000003784],[-121.98746199996579,37.210070000127388],[-121.98687799980969,37.209954000103302],[-121.98644699981445,37.209613999770077],[-121.986434000294,37.208917999899072],[-121.98666500027268,37.208556999906769],[-121.98658900010467,37.208246000050686],[-121.98609500036027,37.208005999676608],[-121.98704699986409,37.206474999686385],[-121.98690399974893,37.205920999992081],[-121.98655300011967,37.20532899972163],[-121.98692200019062,37.202469999800428]]]},"properties":{"GEOID":"06085507002","STATE":"06","COUNTY":"085","TRACT":"507002","BASENAME":"5070.02","NAME":"Census Tract 5070.02"}},{"type":"Feature","geometry":{"type":"Polygon","coordinates":[[[-121.65773000030937,37.106009999783673],[-121.65632299962259,37.104943999896875],[-121.65310800018761,37.102617000229763],[-121.65141000014599,37.101369999995804],[-121.64997999989299,37.099330000071632],[-121.64929700000268,37.098368999919678],[-121.64631000017336,37.094199999663438],[-121.64545999987848,37.093049999718289],[-121.6412799996226,37.09254000029388],[-121.63940099983101,37.091255999922865],[-121.63756999972001,37.089360000225241],[-121.63509000005388,37.088480000340141],[-121.63382999968019,37.088410000138559],[-121.63039299958903,37.08870900018956],[-121.6294100001231,37.088470000315255],[-121.62765000015717,37.087600000269582],[-121.61480999981393,37.092589999869332],[-121.61645400032718,37.095273000016789],[-121.61675499972773,37.095637000355239],[-121.61834999983719,37.096999999884176],[-121.62321499963319,37.100054000026645],[-121.6306470000323,37.104689000164832],[-121.63553299974465,37.107756999885716],[-121.64071999975594,37.110970000057058],[-121.63978999999344,37.111869999823604],[-121.63690000024849,37.113090000307047],[-121.63766000013167,37.11489000035651],[-121.64084000030485,37.113770000101518],[-121.64574299973569,37.11252800031356],[-121.64806099991843,37.111305999969851],[-121.64913899981893,37.110712000353061],[-121.65773000030937,37.106009999783673]]]},"properties":{"GEOID":"06085512307","STATE":"06","COUNTY":"085","TRACT":"512307","BASENAME":"5123.07","NAME":"Census Tract 5123.07"}},{"type":"Feature","geometry":{"type":"Polygon","coordinates":[[[-121.88134500000631,37.22189599985041],[-121.88207399992734,37.221706000072416],[-121.88125999961748,37.220046000328516],[-121.87788000032609,37.217795000134899],[-121.87747400044522,37.215873999737703],[-121.87554299987679,37.214671000288661],[-121.87573299984756,37.211380000035426],[-121.87404700039983,37.209928000270757],[-121.87371599996372,37.208492000178502],[-121.87162000043715,37.207438999785623],[-121.87387800034543,37.205857999904943],[-121.86998799961948,37.20429399996199],[-121.86788399969699,37.20491699973703],[-121.86317200006185,37.204353000313887],[-121.85955099984773,37.204347999728022],[-121.85879000013961,37.204447999934658],[-121.85890200029262,37.207938999763847],[-121.85779799955453,37.210287999961551],[-121.86023000043841,37.210299999993197],[-121.86286900011315,37.213738000217717],[-121.86568400041335,37.21483599973547],[-121.86720500000465,37.214833000086891],[-121.8673139997846,37.221353000027442],[-121.86960199983008,37.222151000042643],[-121.87257500031401,37.222087999915445],[-121.8765520001803,37.221994000354464],[-121.88134500000631,37.22189599985041]]]},"properties":{"GEOID":"06085511910","STATE":"06","COUNTY":"085","TRACT":"511910","BASENAME":"5119.10","NAME":"Census Tract 5119.10"}},{"type":"Feature","geometry":{"type":"Polygon","coordinates":[[[-121.95451999965778,37.352279999928911],[-121.95712999991852,37.352279999928911],[-121.95436999986993,37.347400000060887],[-121.95220999987095,37.34816999974548],[-121.95121999983401,37.346339999986618],[-121.95336499976435,37.345506999658916],[-121.95264000004127,37.344000000176045],[-121.95138999971331,37.341669999665115],[-121.95018999961407,37.339410000315063],[-121.95016000037515,37.338066000310434],[-121.94346000027018,37.33765000000929],[-121.93957000044253,37.337900000147208],[-121.93941999975638,37.337950000217788],[-121.93822999970288,37.338400000069257],[-121.93795900043955,37.337944000011063],[-121.93570099963296,37.337841000078249],[-121.93526499961487,37.337841999995064],[-121.9352529999193,37.337690000344402],[-121.93484299984047,37.337864000304357],[-121.93457900024983,37.338004999828428],[-121.93443399958655,37.33788300014421],[-121.93424500033899,37.337772000072022],[-121.93393200034454,37.33799100030793],[-121.93303799966874,37.337750999653821],[-121.93208199996695,37.338488999807801],[-121.93124199971784,37.339898999972348],[-121.93205699985262,37.340576999789867],[-121.93274999978864,37.341159999932778],[-121.93636299960687,37.344147999865619],[-121.93781999962405,37.343550000312568],[-121.93972000023035,37.346970000056146],[-121.94245000014172,37.346030000222413],[-121.94596000002778,37.34480000017841],[-121.94718000021851,37.344359999839192],[-121.94979999962672,37.349020000150666],[-121.94963999979313,37.351349999677723],[-121.95139999975905,37.351860000182484],[-121.95370000039843,37.351039999890105],[-121.95451999965778,37.352279999928911]]]},"properties":{"GEOID":"06085505700","STATE":"06","COUNTY":"085","TRACT":"505700","BASENAME":"5057","NAME":"Census Tract 5057"}},{"type":"Feature","geometry":{"type":"Polygon","coordinates":[[[-121.96213000033207,37.229330000253931],[-121.96430000037678,37.226590000209193],[-121.96032500016034,37.225374000228683],[-121.96002999970923,37.224850000194451],[-121.9553799999984,37.223609999939477],[-121.95359699956795,37.221425999677834],[-121.95356999980379,37.220670000287605],[-121.95354999971228,37.219289999983125],[-121.94845999978538,37.217099999990921],[-121.94356800022521,37.21689400022187],[-121.94283799958093,37.218600999734257],[-121.93858000040557,37.218460000268706],[-121.9355709999366,37.219404999899766],[-121.93258999995507,37.219429999982864],[-121.93210999955603,37.218319999899428],[-121.93383000023729,37.218200000091429],[-121.93123000002227,37.217480000096202],[-121.92903900006115,37.217491000328629],[-121.92746800024112,37.21879699987759],[-121.9239669996776,37.22004999982196],[-121.92304000028811,37.219700000066119],[-121.92188299984659,37.219314000042445],[-121.92094999971104,37.219159999648518],[-121.91794000031551,37.218919999652748],[-121.91580600025577,37.217980000066866],[-121.91330999979783,37.217619999878352],[-121.9126600004178,37.217070000108166],[-121.9124419999596,37.216900000070275],[-121.90893899974624,37.218166999699434],[-121.9091990000372,37.22017799995244],[-121.90698200013684,37.221924999932547],[-121.90666999996732,37.222188000217706],[-121.90554199983811,37.224377999842446],[-121.90574699987748,37.225355999842904],[-121.9037319996435,37.226181000355304],[-121.90414000007247,37.227559999799269],[-121.9045650002199,37.229018000266002],[-121.90347700027367,37.233844000071869],[-121.90346800005283,37.23416799992706],[-121.9035230003044,37.2363629998368],[-121.91122099994396,37.236309999936047],[-121.91668599978958,37.23622699986813],[-121.92261099994273,37.2361869999148],[-121.92438000012947,37.236159999987919],[-121.92511099970034,37.236146999940232],[-121.92546999972555,37.236140000353757],[-121.93455800033342,37.236150000171506],[-121.94025599980755,37.236119999999033],[-121.94269000034123,37.236116999766622],[-121.94428200007764,37.236492000006265],[-121.94561000022341,37.236500000109324],[-121.94639400039605,37.236313000160827],[-121.9478699997815,37.235869999766479],[-121.94828800025624,37.235732999779401],[-121.94902800004796,37.235480999998742],[-121.95115000041211,37.234849999866682],[-121.95273799995057,37.234850999722568],[-121.95725700014016,37.234857000288144],[-121.96312000036903,37.235690000029685],[-121.96427000023957,37.233240000094547],[-121.96077000039926,37.232269999902691],[-121.96213000033207,37.229330000253931]]]},"properties":{"GEOID":"06085506900","STATE":"06","COUNTY":"085","TRACT":"506900","BASENAME":"5069","NAME":"Census Tract 5069"}},{"type":"Feature","geometry":{"type":"Polygon","coordinates":[[[-122.03205200001543,37.259268000149035],[-122.03178099985378,37.258659999839537],[-122.02731000024309,37.25490999975235],[-122.02159599997712,37.25154500001252],[-122.02015999987633,37.250349999768979],[-122.01376000024533,37.245749999941658],[-122.007359999716,37.24275000031443],[-122.00245300008721,37.241506000004499],[-122.00072699955817,37.242187000306082],[-121.99709899967138,37.243908999739851],[-121.99601499992306,37.246399999721397],[-121.99530299972047,37.246619000085296],[-121.99575700018021,37.24788400016056],[-121.99542499991918,37.250287999972798],[-121.9951799996968,37.250809999823623],[-121.99482400004466,37.252020000065876],[-121.99338499957082,37.252954000198351],[-121.99297399966706,37.254136999691937],[-121.99308800036819,37.256415999731047],[-121.99266999989345,37.258021000044728],[-121.99187700039832,37.259271999706776],[-121.99193799959934,37.262885000023708],[-121.9919619998888,37.263628999923696],[-121.99065499965941,37.266632000115983],[-121.99065499965941,37.269106000330474],[-121.99366099975532,37.270490999958994],[-121.99666000017851,37.271819999662071],[-122.00304200026619,37.27405199984171],[-122.00730000033987,37.275890000336325],[-122.00822000005664,37.276460000231019],[-122.00982000018894,37.275219999832707],[-122.01066000043808,37.274260000069582],[-122.01443999976257,37.271409999960184],[-122.01669000017323,37.269919999800869],[-122.01918999993083,37.268329999739912],[-122.02316000012443,37.264120000342423],[-122.02968000030434,37.25972000030788],[-122.03205200001543,37.259268000149035]]]},"properties":{"GEOID":"06085507301","STATE":"06","COUNTY":"085","TRACT":"507301","BASENAME":"5073.01","NAME":"Census Tract 5073.01"}},{"type":"Feature","geometry":{"type":"Polygon","coordinates":[[[-121.89266499968487,37.328750999773789],[-121.89083600012201,37.327119999667666],[-121.89043199989095,37.324074000177319],[-121.8920479999168,37.323770999961575],[-121.89217000011554,37.323753000228614],[-121.89052099957942,37.320957000072909],[-121.88984000023727,37.31858899976104],[-121.88934499976963,37.317119000309575],[-121.8880610000048,37.315323000106204],[-121.88790100017121,37.315413999750717],[-121.88663300029991,37.316156000105039],[-121.8859520000594,37.316810999646137],[-121.88221100019469,37.318925000007908],[-121.87860699969897,37.321014999688096],[-121.8802889998471,37.322706000126004],[-121.88125200011989,37.323679000328553],[-121.88304899989569,37.326077999698732],[-121.88409400018425,37.327403000267473],[-121.88489099987736,37.328587999860346],[-121.88598399984649,37.330022999975071],[-121.88832600031866,37.33079700001695],[-121.89266499968487,37.328750999773789]]]},"properties":{"GEOID":"06085501700","STATE":"06","COUNTY":"085","TRACT":"501700","BASENAME":"5017","NAME":"Census Tract 5017"}},{"type":"Feature","geometry":{"type":"Polygon","coordinates":[[[-121.88393000015272,37.333003000278779],[-121.88175599991003,37.330080999735948],[-121.87853800010203,37.33160199994451],[-121.87538100039338,37.333101999783544],[-121.87752899979849,37.335985000106845],[-121.88072900006313,37.334381000341445],[-121.88393000015272,37.333003000278779]]]},"properties":{"GEOID":"06085500902","STATE":"06","COUNTY":"085","TRACT":"500902","BASENAME":"5009.02","NAME":"Census Tract 5009.02"}},{"type":"Feature","geometry":{"type":"Polygon","coordinates":[[[-121.89495299973038,37.34204599970321],[-121.89382799997419,37.340547999681775],[-121.89056599978525,37.336167999897739],[-121.88740099968069,37.337669999822388],[-121.88524800025276,37.338695999803051],[-121.88103799985963,37.340693000110349],[-121.88322200014805,37.343627999996478],[-121.88587599989145,37.347191000191806],[-121.89006899966782,37.345169999912528],[-121.89234500001771,37.344295999977632],[-121.89290800025745,37.343140000184157],[-121.89495299973038,37.34204599970321]]]},"properties":{"GEOID":"06085501000","STATE":"06","COUNTY":"085","TRACT":"501000","BASENAME":"5010","NAME":"Census Tract 5010"}},{"type":"Feature","geometry":{"type":"Polygon","coordinates":[[[-121.84020499956823,37.312786999774474],[-121.84086300024249,37.312371000251886],[-121.83896199981127,37.310250000059789],[-121.8350429996713,37.30796199987843],[-121.83250399955567,37.305351000180082],[-121.82914799965538,37.307553999796241],[-121.82540400031588,37.309776999981118],[-121.82469200011329,37.311163999744593],[-121.82680699990644,37.313337999905713],[-121.83176299993903,37.318456999661372],[-121.83650899990933,37.315172000123283],[-121.84020499956823,37.312786999774474]]]},"properties":{"GEOID":"06085503211","STATE":"06","COUNTY":"085","TRACT":"503211","BASENAME":"5032.11","NAME":"Census Tract 5032.11"}},{"type":"Feature","geometry":{"type":"Polygon","coordinates":[[[-121.82494700038141,37.284447000227843],[-121.82368000033503,37.28298299974935],[-121.82347600012054,37.282388000011927],[-121.82338999990679,37.279591999766019],[-121.82335300009687,37.278883999859268],[-121.82126900026587,37.276931999668506],[-121.81752699967792,37.27636399981364],[-121.81396599973824,37.276869000294887],[-121.81178800019589,37.277792999643452],[-121.81076399982375,37.27708199993922],[-121.80757899962772,37.277673000155403],[-121.80599000026437,37.277213999758622],[-121.80558100001045,37.277078999908106],[-121.80591499992128,37.277583999881408],[-121.80891699981923,37.282364000022326],[-121.80954500035624,37.285675999854796],[-121.81016200012431,37.284800999863883],[-121.81362599997961,37.284112000209674],[-121.82494700038141,37.284447000227843]]]},"properties":{"GEOID":"06085503208","STATE":"06","COUNTY":"085","TRACT":"503208","BASENAME":"5032.08","NAME":"Census Tract 5032.08"}},{"type":"Feature","geometry":{"type":"Polygon","coordinates":[[[-121.90277699976662,37.362561999808356],[-121.90462600031927,37.360776999972785],[-121.90022799960519,37.35487500011164],[-121.89703800028461,37.350590999833081],[-121.89291400010524,37.35255000005526],[-121.89066100021984,37.353616999661241],[-121.88774600036051,37.35500499968736],[-121.8840129999934,37.356774000076818],[-121.87949200015396,37.358928999915769],[-121.87744900033087,37.361080000139538],[-121.87999299957109,37.361617000144285],[-121.88469699970861,37.362199999706689],[-121.88590699985359,37.36232800026567],[-121.89147200015665,37.362900999901974],[-121.90029299990253,37.36366200007997],[-121.90178000005696,37.364029000251101],[-121.90277699976662,37.362561999808356]]]},"properties":{"GEOID":"06085500100","STATE":"06","COUNTY":"085","TRACT":"500100","BASENAME":"5001","NAME":"Census Tract 5001"}},{"type":"Feature","geometry":{"type":"Polygon","coordinates":[[[-121.91124799970812,37.354176000038066],[-121.90919599966418,37.350483999685672],[-121.90883499998915,37.34994300026959],[-121.90847500013902,37.349527999822875],[-121.90754000035369,37.348745999668097],[-121.90660800004305,37.348113999943784],[-121.90448099965602,37.346964999651327],[-121.90297799960807,37.345685000039786],[-121.902368000411,37.344917000225813],[-121.90110600038749,37.342598999985704],[-121.89921099980405,37.339887999759497],[-121.89824000003367,37.338462000139018],[-121.89382799997419,37.340547999681775],[-121.89495299973038,37.34204599970321],[-121.89700599959924,37.344802999650867],[-121.89384499969265,37.346307000031146],[-121.89703800028461,37.350590999833081],[-121.90022799960519,37.35487500011164],[-121.90462600031927,37.360776999972785],[-121.9070209995966,37.35839500031323],[-121.91124799970812,37.354176000038066]]]},"properties":{"GEOID":"06085500200","STATE":"06","COUNTY":"085","TRACT":"500200","BASENAME":"5002","NAME":"Census Tract 5002"}},{"type":"Feature","geometry":{"type":"Polygon","coordinates":[[[-121.92190899978587,37.346027000084852],[-121.91631400024391,37.343184999680517],[-121.91340100003441,37.34064199984374],[-121.90925500011375,37.336841000176562],[-121.90381000035958,37.331903000018563],[-121.90473000007633,37.331862000176706],[-121.90981199960733,37.331619999940152],[-121.91182900038947,37.331552999934594],[-121.91192300010083,37.330776999802481],[-121.91184399955979,37.3296989996498],[-121.91157999996915,37.326009000316979],[-121.90620499963691,37.326222000129853],[-121.90486399997066,37.3261759996848],[-121.90019400016831,37.326610999785949],[-121.89923000007065,37.328314999874912],[-121.89950500043024,37.329468999928935],[-121.89899300024418,37.333863999895009],[-121.90221799972485,37.338353999938334],[-121.89921099980405,37.339887999759497],[-121.90110600038749,37.342598999985704],[-121.902368000411,37.344917000225813],[-121.90297799960807,37.345685000039786],[-121.90448099965602,37.346964999651327],[-121.90660800004305,37.348113999943784],[-121.90754000035369,37.348745999668097],[-121.90847500013902,37.349527999822875],[-121.90883499998915,37.34994300026959],[-121.90919599966418,37.350483999685672],[-121.91124799970812,37.354176000038066],[-121.91337900029312,37.352199000058718],[-121.92190899978587,37.346027000084852]]]},"properties":{"GEOID":"06085500300","STATE":"06","COUNTY":"085","TRACT":"500300","BASENAME":"5003","NAME":"Census Tract 5003"}},{"type":"Feature","geometry":{"type":"Polygon","coordinates":[[[-121.83321400010843,37.293420999846361],[-121.82954199984067,37.289726999747856],[-121.82769499983615,37.287605999824073],[-121.8270089995728,37.286817999820741],[-121.82494700038141,37.284447000227843],[-121.81362599997961,37.284112000209674],[-121.8131890001366,37.284961999854104],[-121.81156399988993,37.287935000099893],[-121.81177399995221,37.289315999822364],[-121.81350700015392,37.289582000315647],[-121.81626100035474,37.288755000218146],[-121.8182639999949,37.290214999835733],[-121.82053000029909,37.295294999950549],[-121.82131399957341,37.296459999739078],[-121.82227699984618,37.297383000348141],[-121.82457800031048,37.298469000193656],[-121.82732699959011,37.297318000031808],[-121.82893599994328,37.296345999958085],[-121.83321400010843,37.293420999846361]]]},"properties":{"GEOID":"06085503210","STATE":"06","COUNTY":"085","TRACT":"503210","BASENAME":"5032.10","NAME":"Census Tract 5032.10"}},{"type":"Feature","geometry":{"type":"Polygon","coordinates":[[[-121.92590400009382,37.342544000168395],[-121.93035100031338,37.339119999937402],[-121.92405299989132,37.333953999977084],[-121.91927299958581,37.337584000302584],[-121.91763599964357,37.337670999741484],[-121.91711599995986,37.337961999915471],[-121.91340100003441,37.34064199984374],[-121.91631400024391,37.343184999680517],[-121.92190899978587,37.346027000084852],[-121.92427200017444,37.344283000032569],[-121.92579199994081,37.342651000204427],[-121.92590400009382,37.342544000168395]]]},"properties":{"GEOID":"06085500400","STATE":"06","COUNTY":"085","TRACT":"500400","BASENAME":"5004","NAME":"Census Tract 5004"}},{"type":"Feature","geometry":{"type":"Polygon","coordinates":[[[-121.92405299989132,37.333953999977084],[-121.92001300027584,37.330601999841413],[-121.91924300034691,37.329967000212733],[-121.91907900031538,37.329828999956952],[-121.91867199971126,37.329489999805347],[-121.9144279998813,37.325978000149689],[-121.91379100002176,37.325904999659095],[-121.91157999996915,37.326009000316979],[-121.91184399955979,37.3296989996498],[-121.91192300010083,37.330776999802481],[-121.91182900038947,37.331552999934594],[-121.90981199960733,37.331619999940152],[-121.90473000007633,37.331862000176706],[-121.90381000035958,37.331903000018563],[-121.90925500011375,37.336841000176562],[-121.91340100003441,37.34064199984374],[-121.91711599995986,37.337961999915471],[-121.91763599964357,37.337670999741484],[-121.91927299958581,37.337584000302584],[-121.92405299989132,37.333953999977084]]]},"properties":{"GEOID":"06085500600","STATE":"06","COUNTY":"085","TRACT":"500600","BASENAME":"5006","NAME":"Census Tract 5006"}},{"type":"Feature","geometry":{"type":"Polygon","coordinates":[[[-121.89056599978525,37.336167999897739],[-121.88812399975396,37.332891000154994],[-121.88598399984649,37.330022999975071],[-121.88489099987736,37.328587999860346],[-121.88175599991003,37.330080999735948],[-121.88393000015272,37.333003000278779],[-121.88072900006313,37.334381000341445],[-121.87752899979849,37.335985000106845],[-121.87860699969897,37.337431000207523],[-121.88103799985963,37.340693000110349],[-121.88524800025276,37.338695999803051],[-121.88740099968069,37.337669999822388],[-121.89056599978525,37.336167999897739]]]},"properties":{"GEOID":"06085500901","STATE":"06","COUNTY":"085","TRACT":"500901","BASENAME":"5009.01","NAME":"Census Tract 5009.01"}},{"type":"Feature","geometry":{"type":"Polygon","coordinates":[[[-121.82378499991701,37.298796999693387],[-121.82457800031048,37.298469000193656],[-121.82227699984618,37.297383000348141],[-121.82131399957341,37.296459999739078],[-121.82053000029909,37.295294999950549],[-121.8182639999949,37.290214999835733],[-121.81626100035474,37.288755000218146],[-121.81350700015392,37.289582000315647],[-121.81177399995221,37.289315999822364],[-121.81156399988993,37.287935000099893],[-121.8131890001366,37.284961999854104],[-121.81362599997961,37.284112000209674],[-121.81016200012431,37.284800999863883],[-121.80954500035624,37.285675999854796],[-121.80956600027262,37.286032999816221],[-121.80982900003839,37.290313000121962],[-121.81014399968265,37.294512000045081],[-121.81015999957617,37.294667999668754],[-121.81099999982531,37.296799999978013],[-121.81295599960977,37.29905199977587],[-121.81677400036574,37.302980999817109],[-121.82091600008846,37.300394999758801],[-121.82239200037222,37.299485999932052],[-121.82378499991701,37.298796999693387]]]},"properties":{"GEOID":"06085503207","STATE":"06","COUNTY":"085","TRACT":"503207","BASENAME":"5032.07","NAME":"Census Tract 5032.07"}},{"type":"Feature","geometry":{"type":"Polygon","coordinates":[[[-122.05908300041398,37.379113000203489],[-122.06032899964568,37.37535400005418],[-122.05846300027288,37.374599000094854],[-122.05765999983366,37.37429000010787],[-122.0573450001894,37.374169000281313],[-122.05628999985512,37.373790000057106],[-122.05511999989309,37.377289999664825],[-122.05400000015979,37.380670000140348],[-122.05272800009053,37.384556999838388],[-122.05693099991261,37.385451999823097],[-122.05832799965535,37.381413999822996],[-122.05908300041398,37.379113000203489]]]},"properties":{"GEOID":"06085509107","STATE":"06","COUNTY":"085","TRACT":"509107","BASENAME":"5091.07","NAME":"Census Tract 5091.07"}},{"type":"Feature","geometry":{"type":"Polygon","coordinates":[[[-122.15367999978004,37.386439999756696],[-122.15265399975807,37.385023000137096],[-122.15143699994037,37.380106999835988],[-122.1508100001266,37.378815999845287],[-122.14298000024257,37.3711299999567],[-122.13981000011513,37.368010000086244],[-122.13759599968947,37.36687800006343],[-122.13051999984087,37.36480000027565],[-122.12633999958499,37.364469999823605],[-122.12316000031015,37.363620000154086],[-122.12160000036077,37.362680000320097],[-122.12028999975837,37.361220000017795],[-122.11795999988007,37.357710000305239],[-122.11671999959786,37.356579999893434],[-122.11546000012247,37.355810000065837],[-122.10950099963414,37.353980000162665],[-122.10746000035914,37.352880000080994],[-122.10415999963706,37.354720000158487],[-122.10242999980838,37.356089999943407],[-122.10768999961461,37.360470000120813],[-122.10926999965542,37.361389999875847],[-122.11109999994152,37.362319999969401],[-122.112843000189,37.364332000138859],[-122.1133500003522,37.364765000036876],[-122.11552000039691,37.365639999680461],[-122.11618999986841,37.364879999842167],[-122.11767399964981,37.365539999972427],[-122.11845000032484,37.367714999780098],[-122.1176460000607,37.369976999919224],[-122.12036000007855,37.371040000171639],[-122.11911200029876,37.372139999658792],[-122.11874400005273,37.373171999997687],[-122.11970399995245,37.373966000175223],[-122.1196589997466,37.377141000252649],[-122.12047600042951,37.378629000153246],[-122.12325700039453,37.381284999652898],[-122.12534700007329,37.38180199976081],[-122.12410900033922,37.384889999736018],[-122.12341800005299,37.386518999817774],[-122.1242780003936,37.387669999732218],[-122.12495500043613,37.38840299966806],[-122.12634399978296,37.388363999905565],[-122.12660400007395,37.388976999938812],[-122.1283389999255,37.392209000097409],[-122.12757499984434,37.39450100005314],[-122.12949200016909,37.3961510001946],[-122.12824000019128,37.396610000148726],[-122.12482800021453,37.399205999823316],[-122.12447099983915,37.401267999652845],[-122.12997000001997,37.400759999888393],[-122.13476000037122,37.398770000184555],[-122.1415320004462,37.395385999733989],[-122.14324999968099,37.39451999983028],[-122.14974999976941,37.39214999989386],[-122.15019900020631,37.391834999956835],[-122.15213999992216,37.387219999749213],[-122.15367999978004,37.386439999756696]]]},"properties":{"GEOID":"06085511701","STATE":"06","COUNTY":"085","TRACT":"511701","BASENAME":"5117.01","NAME":"Census Tract 5117.01"}},{"type":"Feature","geometry":{"type":"Polygon","coordinates":[[[-121.86938900029307,37.22927399991103],[-121.87037000010919,37.229293999936104],[-121.86882100003051,37.226827000232184],[-121.86226800023863,37.221645999666599],[-121.85394700008491,37.215682999704008],[-121.84788100036479,37.21112399974858],[-121.84629700012597,37.209383999959599],[-121.84470000036669,37.210231999788597],[-121.84208699973287,37.2163899998042],[-121.84499300026965,37.219798999902196],[-121.84536300016551,37.22001300002875],[-121.85813800021145,37.223483999923879],[-121.85979000022232,37.223430000261544],[-121.85919400037066,37.226757999940176],[-121.86191199968816,37.228128000056913],[-121.86694499971365,37.228968000010397],[-121.86938900029307,37.22927399991103]]]},"properties":{"GEOID":"06085511907","STATE":"06","COUNTY":"085","TRACT":"511907","BASENAME":"5119.07","NAME":"Census Tract 5119.07"}},{"type":"Feature","geometry":{"type":"Polygon","coordinates":[[[-121.84470000036669,37.210231999788597],[-121.84629700012597,37.209383999959599],[-121.84275999957742,37.205486999994292],[-121.8402170001621,37.204303999709595],[-121.84040899978275,37.203444999674751],[-121.83838900042416,37.201562000120063],[-121.83316499970464,37.198040000202887],[-121.83036500037139,37.196496000110528],[-121.82456099969372,37.192718999929227],[-121.8230729997144,37.194291000274575],[-121.82491999971893,37.196616000089023],[-121.82483500022843,37.198297000135327],[-121.82563399957135,37.199357999748692],[-121.82892599989754,37.201435999771022],[-121.82864700023828,37.201601999834807],[-121.82681299975422,37.205156999918181],[-121.82412700022377,37.206848999714417],[-121.82559699976143,37.208622000294447],[-121.83115000036894,37.212671000107477],[-121.83317700029853,37.212238999893579],[-121.83470899976049,37.212091000311339],[-121.83789800015445,37.214364999800203],[-121.84208699973287,37.2163899998042],[-121.84470000036669,37.210231999788597]]]},"properties":{"GEOID":"06085511912","STATE":"06","COUNTY":"085","TRACT":"511912","BASENAME":"5119.12","NAME":"Census Tract 5119.12"}},{"type":"Feature","geometry":{"type":"Polygon","coordinates":[[[-121.86474899972966,37.279805000282344],[-121.86340300004053,37.27653100008866],[-121.86293900043336,37.274450000339151],[-121.86001700000304,37.274418999643167],[-121.85722500016738,37.274470999857982],[-121.85464300039402,37.274518999859339],[-121.85216600020263,37.274555000019028],[-121.84983999962398,37.274576000223348],[-121.84697699964323,37.274645000342886],[-121.84526100005826,37.274965999787838],[-121.8443000003336,37.275394000016114],[-121.84189699976207,37.276928000333868],[-121.84198100032599,37.277015999942712],[-121.8443620002579,37.279442000208533],[-121.84573100041153,37.280138000234039],[-121.84965200020132,37.280583999711546],[-121.85427299959986,37.280213000071377],[-121.85829399984708,37.280225999663912],[-121.86147599967008,37.28051799992663],[-121.86474899972966,37.279805000282344]]]},"properties":{"GEOID":"06085503116","STATE":"06","COUNTY":"085","TRACT":"503116","BASENAME":"5031.16","NAME":"Census Tract 5031.16"}},{"type":"Feature","geometry":{"type":"Polygon","coordinates":[[[-122.06404899959401,37.312955999726746],[-122.06337999994743,37.312709999754794],[-122.06062999994457,37.313609999762704],[-122.05918999964581,37.314269999779277],[-122.05883999984144,37.315530000346932],[-122.04963999997885,37.315550000333047],[-122.041440000199,37.315570000313897],[-122.03290999980791,37.31560000027519],[-122.03233999989551,37.31556000032414],[-122.03234999994127,37.315860000152419],[-122.03237000003274,37.322799999755595],[-122.04152999971235,37.322799999755595],[-122.04605999977261,37.322780000269816],[-122.05279000001481,37.322810000210829],[-122.05429999973545,37.326149999948761],[-122.05548999978893,37.32788000035265],[-122.0567800002999,37.329179999775342],[-122.06064300036333,37.332116000265358],[-122.06106000011486,37.332319999995931],[-122.06384100007988,37.33323699980712],[-122.06081999991537,37.331095999731659],[-122.05965400015128,37.329346999952726],[-122.06029199983575,37.328539000027568],[-122.05993899965833,37.326711999986188],[-122.06178999986084,37.324833000149738],[-122.06145699977489,37.322880999904427],[-122.06047599995877,37.322179000238265],[-122.06031100010233,37.32121200001756],[-122.0622099999854,37.319415000294818],[-122.06230000039709,37.317547000091757],[-122.06100599968818,37.314816000070088],[-122.06309799991512,37.31550900014139],[-122.06404899959401,37.312955999726746]]]},"properties":{"GEOID":"06085507701","STATE":"06","COUNTY":"085","TRACT":"507701","BASENAME":"5077.01","NAME":"Census Tract 5077.01"}},{"type":"Feature","geometry":{"type":"Polygon","coordinates":[[[-121.8954969997035,37.250793000149805],[-121.89493699983686,37.249535000059339],[-121.89197299957374,37.245518999765437],[-121.88999599987287,37.246263999984869],[-121.8885260003352,37.246059000212611],[-121.88769699995672,37.24591900030935],[-121.88709299970913,37.245813000321917],[-121.88457700005799,37.24726700013796],[-121.8824239997317,37.248420999649454],[-121.88049600043465,37.249359000146477],[-121.87744599995781,37.250589000189862],[-121.87531500027113,37.250817000192889],[-121.87594899975765,37.255431000172827],[-121.87599099959044,37.25574599968656],[-121.87638599960063,37.259006000055336],[-121.8815629995662,37.257686999950607],[-121.88293400026795,37.257806000282429],[-121.88173099979565,37.254318000017626],[-121.88177699982641,37.254261000048871],[-121.88161100014507,37.253805000176328],[-121.88190700042109,37.253707999869398],[-121.89073499983965,37.251380000083486],[-121.89227200022279,37.251051999853537],[-121.8954969997035,37.250793000149805]]]},"properties":{"GEOID":"06085502910","STATE":"06","COUNTY":"085","TRACT":"502910","BASENAME":"5029.10","NAME":"Census Tract 5029.10"}},{"type":"Feature","geometry":{"type":"Polygon","coordinates":[[[-121.90417400040766,37.283966000044579],[-121.90203100012711,37.281158000338905],[-121.89823099981282,37.276352000288966],[-121.89294900026532,37.278852000287678],[-121.89205600031275,37.279276999921152],[-121.88873600039749,37.280507000314216],[-121.88177299962845,37.283076999725665],[-121.8827119996118,37.284592000263949],[-121.88318199996507,37.285677999647056],[-121.88189400000229,37.288650000335807],[-121.88142500037223,37.290643999656481],[-121.88068899988016,37.292241999978607],[-121.88769000028404,37.289842999950054],[-121.89369800027787,37.287699999743374],[-121.90417400040766,37.283966000044579]]]},"properties":{"GEOID":"06085503001","STATE":"06","COUNTY":"085","TRACT":"503001","BASENAME":"5030.01","NAME":"Census Tract 5030.01"}},{"type":"Feature","geometry":{"type":"Polygon","coordinates":[[[-121.92090700005333,37.261881999735735],[-121.91892000030673,37.261085000099811],[-121.91700999965465,37.258709000165069],[-121.91656500031407,37.258087000247713],[-121.91519500033552,37.256153999727346],[-121.91270800009836,37.252704999649005],[-121.91074399991798,37.251053000209559],[-121.90267999968223,37.253193000224371],[-121.89834399979075,37.255414000111685],[-121.89909199997837,37.256368000344324],[-121.90100199973209,37.259729000330957],[-121.90119699972576,37.260189999836228],[-121.90216800039445,37.262566999726985],[-121.90328700030285,37.265290000324818],[-121.90393900023101,37.266242999713889],[-121.90466099958107,37.267943999926096],[-121.90791699992222,37.266984999750612],[-121.90827099992454,37.266815000021744],[-121.91491599977792,37.264811000321281],[-121.92090700005333,37.261881999735735]]]},"properties":{"GEOID":"06085502908","STATE":"06","COUNTY":"085","TRACT":"502908","BASENAME":"5029.08","NAME":"Census Tract 5029.08"}},{"type":"Feature","geometry":{"type":"Polygon","coordinates":[[[-121.89834399979075,37.255414000111685],[-121.89631400038643,37.252685000114802],[-121.8954969997035,37.250793000149805],[-121.89227200022279,37.251051999853537],[-121.89073499983965,37.251380000083486],[-121.88190700042109,37.253707999869398],[-121.88161100014507,37.253805000176328],[-121.88177699982641,37.254261000048871],[-121.88173099979565,37.254318000017626],[-121.88293400026795,37.257806000282429],[-121.8815629995662,37.257686999950607],[-121.87638599960063,37.259006000055336],[-121.87629500026236,37.25983099980234],[-121.87667900040192,37.2629849998305],[-121.87825000022193,37.262679999718678],[-121.88532799972036,37.260692999674092],[-121.89028499957786,37.25937200002091],[-121.89338500028343,37.257841999853056],[-121.89834399979075,37.255414000111685]]]},"properties":{"GEOID":"06085502909","STATE":"06","COUNTY":"085","TRACT":"502909","BASENAME":"5029.09","NAME":"Census Tract 5029.09"}},{"type":"Feature","geometry":{"type":"Polygon","coordinates":[[[-121.90567499990748,37.301032999651646],[-121.9050869995534,37.294479000193199],[-121.9049450001615,37.293416000165344],[-121.89903199970392,37.29601400002543],[-121.89734700008108,37.296742000260352],[-121.89330699956729,37.298482999931373],[-121.88827699991484,37.300673000316941],[-121.88567099985202,37.30171899965147],[-121.88174800041241,37.301724999892656],[-121.88164899977991,37.30399799999546],[-121.87873499974552,37.303839999690439],[-121.8786770000192,37.30401299978557],[-121.87861199972187,37.30434199976461],[-121.88315299965276,37.310053000293451],[-121.88323200019379,37.310155999738789],[-121.88790100017121,37.315413999750717],[-121.8880610000048,37.315323000106204],[-121.88820300029502,37.315242999888071],[-121.89000500009371,37.314412000231215],[-121.89102299971975,37.313819999714532],[-121.89327800015329,37.312503999861846],[-121.89383800001993,37.312173000069038],[-121.89479500044494,37.311736000176182],[-121.89579600035258,37.311048000270453],[-121.89624300024131,37.310713999664024],[-121.9010779999001,37.308468000102636],[-121.89894499966528,37.305466999869317],[-121.89731199992097,37.30361600023582],[-121.90219199978561,37.301343000020267],[-121.90567499990748,37.301032999651646]]]},"properties":{"GEOID":"06085502400","STATE":"06","COUNTY":"085","TRACT":"502400","BASENAME":"5024","NAME":"Census Tract 5024"}},{"type":"Feature","geometry":{"type":"Polygon","coordinates":[[[-122.11552000039691,37.365639999680461],[-122.1133500003522,37.364765000036876],[-122.112843000189,37.364332000138859],[-122.11109999994152,37.362319999969401],[-122.10926999965542,37.361389999875847],[-122.10791999976836,37.363059999847934],[-122.10865999956007,37.363820000270593],[-122.10685299973852,37.365356999654729],[-122.10467600002107,37.365835999806798],[-122.09907899993098,37.36151000000585],[-122.09702000021436,37.359939999976888],[-122.09619699968366,37.360246000236472],[-122.09607000036036,37.361450000321838],[-122.09603000017738,37.366897999944605],[-122.09596999990293,37.370759999673794],[-122.09593999976572,37.373679999684299],[-122.09593999976572,37.373720000098139],[-122.09597499992577,37.376800000028794],[-122.09319999980858,37.376770000238494],[-122.09318999976284,37.37964800019801],[-122.09599099981934,37.37965800022161],[-122.09597999994867,37.381390000040561],[-122.09051900030101,37.381353000301445],[-122.08887399996284,37.381344999892413],[-122.09010500002422,37.38262100009171],[-122.08980799992329,37.38389900002651],[-122.09043999975995,37.384050000318133],[-122.09598300032172,37.384675000016308],[-122.09601000008591,37.386450000302119],[-122.09726000041384,37.384990000059631],[-122.10414000044388,37.377709999864273],[-122.10625000021416,37.375520000211786],[-122.10978000019171,37.371649999932444],[-122.11079000032012,37.37052000025102],[-122.11552000039691,37.365639999680461]]]},"properties":{"GEOID":"06085510200","STATE":"06","COUNTY":"085","TRACT":"510200","BASENAME":"5102","NAME":"Census Tract 5102"}},{"type":"Feature","geometry":{"type":"Polygon","coordinates":[[[-121.63375000021254,37.131539999740426],[-121.62913300011365,37.123747999794155],[-121.62641400007296,37.119127000064758],[-121.62321999965607,37.114079999898642],[-121.62019500019193,37.111184999855368],[-121.59533999968585,37.119900000115358],[-121.59540800035624,37.120012999642228],[-121.60077000026972,37.128989999971004],[-121.59909599961921,37.129627999999329],[-121.59845399973679,37.129873999785886],[-121.59593999973549,37.130830000080664],[-121.59584000017637,37.131490000093351],[-121.59575999981044,37.131659999761148],[-121.59691600042707,37.132880000032102],[-121.59190900034083,37.134689999703824],[-121.5899850003434,37.134896000297175],[-121.58665100018445,37.136770999648483],[-121.58739400034922,37.138087000307173],[-121.58507299979344,37.138616000252128],[-121.58328500023845,37.137503999991431],[-121.58416899997019,37.139080000046171],[-121.58454100041416,37.146730999888497],[-121.58517999992355,37.152700000136569],[-121.59070000002077,37.150989999738478],[-121.5914900000412,37.148990000326847],[-121.59340800019083,37.14658399967167],[-121.5942850002499,37.144257999846829],[-121.59741000017148,37.141459999743688],[-121.60047999984147,37.141840000297158],[-121.60395000044288,37.142010000341365],[-121.60460999986863,37.142290000255208],[-121.60639999997176,37.141680000032956],[-121.6072400002209,37.141579999785478],[-121.61277100018877,37.139488999904657],[-121.61542999995503,37.138519999766594],[-121.63375000021254,37.131539999740426]]]},"properties":{"GEOID":"06085512309","STATE":"06","COUNTY":"085","TRACT":"512309","BASENAME":"5123.09","NAME":"Census Tract 5123.09"}},{"type":"Feature","geometry":{"type":"Polygon","coordinates":[[[-122.12597600043523,37.453554000163152],[-122.12785600005174,37.452737000337727],[-122.12582400009927,37.451301999670434],[-122.12315000026439,37.448830000197326],[-122.12110499989313,37.446845999703029],[-122.11873200035714,37.444662999986107],[-122.1138089999365,37.439975999944707],[-122.11057000021211,37.436880000118812],[-122.10549799982856,37.432051999651542],[-122.10532200010145,37.431880000027924],[-122.10145999986291,37.42820999989361],[-122.1011500002415,37.427910000324829],[-122.09776099983098,37.424804999809581],[-122.08674599975092,37.416708999975768],[-122.08164999997624,37.413339999925348],[-122.07816000018164,37.411879999732783],[-122.07079399990484,37.408814999789939],[-122.06836799976705,37.408019000339294],[-122.06626999969237,37.407520000135001],[-122.06571400002365,37.408818999955848],[-122.06354999982673,37.409759999874254],[-122.06372200025419,37.410206999682245],[-122.06862600040826,37.410060999760553],[-122.0685660001338,37.416807000072865],[-122.06398199964687,37.416591000285628],[-122.06406000036297,37.419060000185119],[-122.06051000029396,37.419030000183291],[-122.05855299978626,37.424712999880427],[-122.05800499961516,37.426613999644616],[-122.05977200015208,37.426838999762026],[-122.05967300041786,37.434039000281231],[-122.06000599960549,37.44362200034935],[-122.05991142317575,37.447336000643709],[-122.06848999996581,37.450319999778934],[-122.08401424453146,37.451812627558944],[-122.08544137826041,37.451949843626032],[-122.08838687951688,37.452233048017995],[-122.08874000006854,37.452266999754251],[-122.0962700003769,37.457837000263126],[-122.10180299999459,37.462726999848108],[-122.109104999799,37.462999000164125],[-122.1151614055119,37.466279732261356],[-122.11769299991639,37.465238000305838],[-122.12383499980452,37.461215000228364],[-122.12177199988992,37.454240999758568],[-122.1223750003126,37.453375999797174],[-122.12597600043523,37.453554000163152]]]},"properties":{"GEOID":"06085504601","STATE":"06","COUNTY":"085","TRACT":"504601","BASENAME":"5046.01","NAME":"Census Tract 5046.01"}},{"type":"Feature","geometry":{"type":"Polygon","coordinates":[[[-122.09619699968366,37.360246000236472],[-122.09702000021436,37.359939999976888],[-122.08758000015227,37.352639999881575],[-122.08686999959946,37.352460000121035],[-122.08570300001047,37.35235200005755],[-122.07807999981571,37.352199999784361],[-122.07776000014859,37.352170000154473],[-122.06936000035218,37.35203999995354],[-122.06886900008249,37.352036000328269],[-122.06336300022897,37.352060999946282],[-122.06307899964854,37.352053999711302],[-122.06060999985307,37.35203999995354],[-122.06155700023233,37.354068000301197],[-122.06174600037822,37.354443999666003],[-122.06278999994355,37.357430000044651],[-122.06301400024952,37.359549999797693],[-122.06300599985362,37.361317999848588],[-122.06293800008154,37.363603999836108],[-122.0649840002777,37.363605000123847],[-122.06384000025496,37.363160000005138],[-122.0638500003007,37.361310000158646],[-122.06435999993863,37.36131999977097],[-122.06867999993661,37.361290000216016],[-122.07777000019432,37.361279999885681],[-122.07785999970767,37.365099999816643],[-122.08230799975217,37.364635000231068],[-122.08698000010264,37.365019999770752],[-122.08977000028845,37.365040000147182],[-122.08976699991543,37.366852000138508],[-122.09428000025723,37.366890000135562],[-122.09603000017738,37.366897999944605],[-122.09607000036036,37.361450000321838],[-122.09619699968366,37.360246000236472]]]},"properties":{"GEOID":"06085510001","STATE":"06","COUNTY":"085","TRACT":"510001","BASENAME":"5100.01","NAME":"Census Tract 5100.01"}},{"type":"Feature","geometry":{"type":"Polygon","coordinates":[[[-121.94074000040453,37.329163999974107],[-121.94075200010009,37.327177000182175],[-121.93601399962741,37.327081000193104],[-121.93199300027851,37.327052999935034],[-121.93198700043074,37.326912999917063],[-121.92680899974194,37.326875999746257],[-121.92679100019862,37.325324999944186],[-121.92677199993204,37.323414999917702],[-121.92585499969,37.323419999747401],[-121.92493499997325,37.323425000291138],[-121.92276199955546,37.32343499994888],[-121.91993299990989,37.323449000038913],[-121.91897600038321,37.323452999758011],[-121.91374699964084,37.323489000077728],[-121.91379100002176,37.325904999659095],[-121.9144279998813,37.325978000149689],[-121.91867199971126,37.329489999805347],[-121.91907900031538,37.329828999956952],[-121.91924300034691,37.329967000212733],[-121.92001300027584,37.330601999841413],[-121.92405299989132,37.333953999977084],[-121.93035100031338,37.339119999937402],[-121.93315099964664,37.336833000020761],[-121.93635400028435,37.334351000020433],[-121.93933400044097,37.332075999819089],[-121.94048199976336,37.330246000017709],[-121.94074000040453,37.329163999974107]]]},"properties":{"GEOID":"06085500500","STATE":"06","COUNTY":"085","TRACT":"500500","BASENAME":"5005","NAME":"Census Tract 5005"}},{"type":"Feature","geometry":{"type":"Polygon","coordinates":[[[-121.77956099956523,37.20724399969037],[-121.77976099958177,37.205144000249895],[-121.77857399990131,37.202815000095036],[-121.77820900002834,37.201086000241943],[-121.77706199963255,37.198650000008428],[-121.77699499968539,37.197511999957449],[-121.77966900041858,37.19642800034817],[-121.77923800042336,37.1956959999115],[-121.77533199980387,37.194084999777608],[-121.77447300018649,37.193175000034508],[-121.76966299974374,37.191876000100422],[-121.76866100001122,37.19214500031957],[-121.76712500035133,37.192067000280176],[-121.76456100012129,37.190187000204261],[-121.76296400036202,37.190830999690832],[-121.76345800010643,37.188508000150847],[-121.76182199998907,37.188032000262758],[-121.75930600033796,37.185205000072571],[-121.7611819997565,37.181659000176467],[-121.7600629998481,37.179860000256369],[-121.75938900017863,37.1754530001079],[-121.75869100021973,37.17197000031048],[-121.75665699971911,37.169643999753511],[-121.75561200032888,37.16790100017306],[-121.7557689997894,37.165007999659814],[-121.75544499992431,37.16410700033704],[-121.7545799995608,37.163506000042744],[-121.75213599987968,37.162712999698343],[-121.75073800031205,37.161291000209879],[-121.74953999986262,37.159850000066491],[-121.74936400013553,37.15903499971192],[-121.74950499970251,37.15822499993881],[-121.74935099971674,37.156988000278588],[-121.74944000030351,37.155355000089912],[-121.74932899997542,37.154105000146139],[-121.74920799960159,37.153146999967291],[-121.74851100036594,37.151622999911865],[-121.74671000039216,37.150619999742965],[-121.74396000038927,37.149929999714544],[-121.74103999960879,37.148460000327361],[-121.73911999980933,37.146579999866404],[-121.73579999989407,37.140209999983398],[-121.73651999959431,37.135809999822278],[-121.73520999989017,37.131219999709629],[-121.73329000009072,37.126499999646562],[-121.7294599996392,37.126159999665681],[-121.72337999967534,37.127389999695403],[-121.72062999967248,37.127209999821616],[-121.71660000010274,37.125549999747811],[-121.71353000043275,37.123690000130786],[-121.7122600000133,37.1233999997147],[-121.71062999974376,37.124099999984054],[-121.70856000015645,37.124110000319604],[-121.70624000032392,37.12609999997396],[-121.70534999984605,37.128079999781647],[-121.70213000038821,37.129910000246589],[-121.70018999959895,37.133370000327858],[-121.70019999964471,37.136720000153687],[-121.69827999984523,37.139000000260054],[-121.69784999967493,37.144280000164891],[-121.69906999986566,37.145380000031217],[-121.69602000028713,37.14517999987843],[-121.69143999999817,37.149520000192005],[-121.69140999986094,37.150569999817598],[-121.68889599985962,37.151719999760928],[-121.68694900029598,37.153979000092413],[-121.68005500002226,37.158412000117771],[-121.67978100038587,37.158593999798072],[-121.67198300028892,37.164062999777194],[-121.66860899994698,37.166321999971991],[-121.66749000003858,37.167032000079168],[-121.66772299966711,37.167321000004378],[-121.66789400026964,37.167553999922049],[-121.66870199983342,37.168529999699928],[-121.66910600006445,37.168944999996803],[-121.66946000006678,37.169343000024185],[-121.67196400002233,37.171710000320758],[-121.67866599977714,37.177358000202609],[-121.68020900000806,37.178738000013894],[-121.68533099972201,37.184526000154285],[-121.68612800031342,37.185322999795211],[-121.68932400038013,37.187759999695274],[-121.70575699955182,37.199187000261993],[-121.70772499993018,37.200330999840709],[-121.71019500044888,37.201756000291667],[-121.72187400015265,37.208530000103494],[-121.72339700029208,37.209753999840316],[-121.73077100006651,37.21714800006464],[-121.7430759997592,37.226831000081354],[-121.74678999985976,37.229086999920625],[-121.74747799977291,37.229525999696165],[-121.74839699966478,37.228449000334059],[-121.74906200001175,37.227872000097662],[-121.75026999960859,37.227037999852293],[-121.75080299971106,37.22668599969257],[-121.75114900021579,37.226433999715155],[-121.74804699986043,37.224168999928082],[-121.74694200019572,37.222715000199535],[-121.74837800029654,37.22213300031823],[-121.75106399982697,37.221645000350946],[-121.75621700040136,37.220208000029878],[-121.75886500029698,37.218743999790512],[-121.75867199995315,37.217762999648201],[-121.75894099956665,37.217543999865356],[-121.75988100027321,37.217316000082235],[-121.7613109996279,37.216585999969311],[-121.76280299980519,37.217723999998022],[-121.76479200009997,37.215917000056912],[-121.76507699960702,37.215389999794887],[-121.76569000007542,37.214363000260498],[-121.76656899978431,37.215802999938951],[-121.7708620000181,37.217376999727733],[-121.7709339999881,37.216330000177464],[-121.77276199972607,37.213141999886972],[-121.77566200041508,37.212242999800928],[-121.77822499992187,37.208188000089883],[-121.77956099956523,37.20724399969037]]]},"properties":{"GEOID":"06085512100","STATE":"06","COUNTY":"085","TRACT":"512100","BASENAME":"5121","NAME":"Census Tract 5121"}},{"type":"Feature","geometry":{"type":"Polygon","coordinates":[[[-122.00986200002174,37.278496999839298],[-122.01053800023936,37.278242000134924],[-122.0094999996235,37.277589999903199],[-122.00822000005664,37.276460000231019],[-122.00730000033987,37.275890000336325],[-122.00304200026619,37.27405199984171],[-121.99666000017851,37.271819999662071],[-121.99366099975532,37.270490999958994],[-121.99410000014647,37.273749000344026],[-121.99427000002578,37.276080000066003],[-121.98949700029131,37.276230999911668],[-121.98960799972104,37.278640999912916],[-121.98967499966818,37.280227000347253],[-121.99435899971424,37.280120000061792],[-121.9943129996835,37.28053600000365],[-121.99439200022452,37.283288999743085],[-121.99446599984435,37.287061999687914],[-121.99851999970353,37.284029999828739],[-121.99950999974051,37.284669999679799],[-121.99634899983391,37.287819999682569],[-121.99525900023782,37.288799000268185],[-121.99214699983671,37.291634999894278],[-121.9938909999091,37.291997999757477],[-121.99752600036695,37.292409999846562],[-122.00343300007845,37.293081000057107],[-122.00283399985372,37.291801000058861],[-122.00470199977465,37.287292999679622],[-122.00501700031725,37.286923000115394],[-122.00524499992285,37.286806999699721],[-122.00553399962787,37.286702999840372],[-122.00602900009551,37.286461999895714],[-122.00615299994406,37.286367999859266],[-122.00627000011993,37.286104999825426],[-122.00625599987623,37.285966999806803],[-122.00607799960099,37.285638000217652],[-122.00592600016334,37.285533000274086],[-122.00587900030769,37.285481999738103],[-122.00570000020754,37.285142999711489],[-122.00580999981239,37.284648000237581],[-122.00587900030769,37.28424200002042],[-122.00596200014834,37.284088000055107],[-122.00610899956314,37.283593999998203],[-122.00627900034077,37.28224100013415],[-122.00897699956677,37.279469000351092],[-122.00931700022372,37.278665999649469],[-122.00986200002174,37.278496999839298]]]},"properties":{"GEOID":"06085507402","STATE":"06","COUNTY":"085","TRACT":"507402","BASENAME":"5074.02","NAME":"Census Tract 5074.02"}},{"type":"Feature","geometry":{"type":"Polygon","coordinates":[[[-121.94623000036454,37.272273000335019],[-121.9461580003945,37.269971000158868],[-121.94209000029161,37.26700200005984],[-121.9410180002389,37.266155999821315],[-121.93762700017852,37.263502000117001],[-121.93648200033086,37.262746000128899],[-121.93531900004153,37.262209999999591],[-121.93401799965994,37.261871000260115],[-121.93382600003935,37.261837999678839],[-121.93141099977223,37.261741999920538],[-121.93160900013895,37.269474000048056],[-121.93190799988969,37.270216999802543],[-121.93291700019323,37.272550999725077],[-121.93383100006221,37.274666999849735],[-121.93231299994564,37.277243000001988],[-121.93164199975089,37.280181000350076],[-121.93316499989035,37.279820999867233],[-121.93518599997213,37.27789199966675],[-121.93570599965582,37.279217000311775],[-121.93604999961241,37.279039999720183],[-121.93864999982743,37.278839999730081],[-121.94512999982439,37.27513999984351],[-121.94509999968717,37.272499999684989],[-121.94623000036454,37.272273000335019]]]},"properties":{"GEOID":"06085502701","STATE":"06","COUNTY":"085","TRACT":"502701","BASENAME":"5027.01","NAME":"Census Tract 5027.01"}},{"type":"Feature","geometry":{"type":"Polygon","coordinates":[[[-121.90466099958107,37.267943999926096],[-121.90393900023101,37.266242999713889],[-121.90328700030285,37.265290000324818],[-121.90216800039445,37.262566999726985],[-121.90119699972576,37.260189999836228],[-121.90100199973209,37.259729000330957],[-121.89909199997837,37.256368000344324],[-121.89834399979075,37.255414000111685],[-121.89338500028343,37.257841999853056],[-121.89028499957786,37.25937200002091],[-121.89155400017239,37.262468000284571],[-121.89264999961627,37.265152000033247],[-121.89377000024787,37.267880000047235],[-121.89496000030141,37.270795999889202],[-121.89585999992669,37.27036900006987],[-121.90466099958107,37.267943999926096]]]},"properties":{"GEOID":"06085502907","STATE":"06","COUNTY":"085","TRACT":"502907","BASENAME":"5029.07","NAME":"Census Tract 5029.07"}},{"type":"Feature","geometry":{"type":"Polygon","coordinates":[[[-121.93141099977223,37.261741999920538],[-121.93134300000017,37.259294999662075],[-121.93129799979432,37.25840800021539],[-121.93127900042606,37.257973999799916],[-121.93126400035744,37.256126999803463],[-121.93126199980932,37.255787000277728],[-121.93126199980932,37.253620999797484],[-121.93127900042606,37.251051999853537],[-121.93113999961058,37.251031999880539],[-121.92857999957852,37.250688999874697],[-121.92675199984055,37.250621000332252],[-121.92221400028271,37.250601000244849],[-121.91725099967908,37.250658000122463],[-121.91307999964404,37.250739999669996],[-121.91054300007652,37.250729999642779],[-121.91074399991798,37.251053000209559],[-121.91270800009836,37.252704999649005],[-121.91519500033552,37.256153999727346],[-121.91656500031407,37.258087000247713],[-121.91700999965465,37.258709000165069],[-121.91892000030673,37.261085000099811],[-121.92090700005333,37.261881999735735],[-121.92232100041282,37.261748999988946],[-121.92590400009382,37.261743000134622],[-121.9285290004232,37.261740000207254],[-121.93141099977223,37.261741999920538]]]},"properties":{"GEOID":"06085502800","STATE":"06","COUNTY":"085","TRACT":"502800","BASENAME":"5028","NAME":"Census Tract 5028"}},{"type":"Feature","geometry":{"type":"Polygon","coordinates":[[[-121.9134689998065,37.286702999840372],[-121.91341299972999,37.282126000306754],[-121.91091600034541,37.278294999847468],[-121.91007600009627,37.27706699978264],[-121.90832199997817,37.274507000040565],[-121.90671599999806,37.272170999843716],[-121.90579299990826,37.270714000013022],[-121.90466099958107,37.267943999926096],[-121.89585999992669,37.27036900006987],[-121.89496000030141,37.270795999889202],[-121.89619800003547,37.273780999940413],[-121.89823099981282,37.276352000288966],[-121.90203100012711,37.281158000338905],[-121.90417400040766,37.283966000044579],[-121.90739800006345,37.288647000051157],[-121.91000300030134,37.287515999988962],[-121.91131899985324,37.287533999821648],[-121.91180500010003,37.28715700016334],[-121.9134689998065,37.286702999840372]]]},"properties":{"GEOID":"06085502903","STATE":"06","COUNTY":"085","TRACT":"502903","BASENAME":"5029.03","NAME":"Census Tract 5029.03"}},{"type":"Feature","geometry":{"type":"Polygon","coordinates":[[[-121.91074399991798,37.251053000209559],[-121.91054300007652,37.250729999642779],[-121.90955100038974,37.248200999838211],[-121.9067610002039,37.244261000299069],[-121.90379600011589,37.240135999819692],[-121.89197299957374,37.245518999765437],[-121.89493699983686,37.249535000059339],[-121.8954969997035,37.250793000149805],[-121.89631400038643,37.252685000114802],[-121.89834399979075,37.255414000111685],[-121.90267999968223,37.253193000224371],[-121.91074399991798,37.251053000209559]]]},"properties":{"GEOID":"06085502906","STATE":"06","COUNTY":"085","TRACT":"502906","BASENAME":"5029.06","NAME":"Census Tract 5029.06"}},{"type":"Feature","geometry":{"type":"Polygon","coordinates":[[[-121.80931500020247,37.308843999834679],[-121.81083499996888,37.307130000153023],[-121.80790099984299,37.303656999767966],[-121.80717899959464,37.303055000086729],[-121.8026910002655,37.299770999668567],[-121.8007289997349,37.299698000164902],[-121.802050000208,37.305431000206625],[-121.79934600023589,37.305763999643929],[-121.79788099982275,37.306615000080562],[-121.8019099995676,37.312416000318194],[-121.80387899977084,37.312173000069038],[-121.80485600028734,37.311964000064457],[-121.80524200007673,37.311901000014011],[-121.80806900007246,37.311433000232299],[-121.80931500020247,37.308843999834679]]]},"properties":{"GEOID":"06085503336","STATE":"06","COUNTY":"085","TRACT":"503336","BASENAME":"5033.36","NAME":"Census Tract 5033.36"}},{"type":"Feature","geometry":{"type":"Polygon","coordinates":[[[-121.85715700039533,37.336268000168829],[-121.85363800028844,37.332735999816741],[-121.8481159996431,37.327047000286605],[-121.84585100006214,37.328533999824202],[-121.84349199987152,37.329578000073852],[-121.84326900028874,37.32797099979436],[-121.84202800018163,37.328796000033812],[-121.8417729999135,37.328955000069989],[-121.84278300004195,37.330006000332247],[-121.84666700002184,37.333875000275903],[-121.84859100001927,37.335812000023409],[-121.85163200027525,37.33904000005483],[-121.85195799979017,37.339492000307452],[-121.85715700039533,37.336268000168829]]]},"properties":{"GEOID":"06085503110","STATE":"06","COUNTY":"085","TRACT":"503110","BASENAME":"5031.10","NAME":"Census Tract 5031.10"}},{"type":"Feature","geometry":{"type":"Polygon","coordinates":[[[-121.94059700028942,37.305111000304215],[-121.94052100012144,37.303144999911027],[-121.94048799961115,37.299742999955399],[-121.94046599986983,37.299291999694248],[-121.94021300014987,37.298119999917866],[-121.93832000011457,37.294389000003783],[-121.93758699999555,37.294359999935644],[-121.93582000035694,37.294359999935644],[-121.93168600013185,37.294396999675563],[-121.93166900041341,37.297221999780696],[-121.93167400043627,37.298029999797031],[-121.93174100038341,37.305198999823638],[-121.93175100042917,37.306162000339206],[-121.93177900001828,37.309327999754522],[-121.93178999988891,37.310734000216996],[-121.93183699974458,37.316177000129819],[-121.9318379995695,37.316523000305608],[-121.93184099994255,37.316949000233961],[-121.93413800020888,37.317216000356929],[-121.94017399979178,37.317242000326281],[-121.94050299967978,37.309540000108136],[-121.94059700028942,37.305111000304215]]]},"properties":{"GEOID":"06085502101","STATE":"06","COUNTY":"085","TRACT":"502101","BASENAME":"5021.01","NAME":"Census Tract 5021.01"}},{"type":"Feature","geometry":{"type":"Polygon","coordinates":[[[-121.93166900041341,37.297221999780696],[-121.93168600013185,37.294396999675563],[-121.92415699964837,37.294408999896341],[-121.92265600014856,37.294372999942908],[-121.92092999961955,37.294382000111554],[-121.9180740002098,37.294401000225832],[-121.91353599975363,37.294440999999303],[-121.91354599979937,37.294872000282695],[-121.91354699962429,37.295447000314603],[-121.91357000008882,37.298112999658272],[-121.91361000027179,37.300931000265173],[-121.9136029997008,37.30224199993711],[-121.91360199987588,37.303882999838009],[-121.91362799981513,37.307067000339082],[-121.91502100025821,37.304979000117456],[-121.91891699993366,37.301251999779431],[-121.9212920000178,37.300822999713212],[-121.92268899976054,37.299831000039617],[-121.92548700034229,37.299418999862283],[-121.93011899961147,37.297394000352156],[-121.93166900041341,37.297221999780696]]]},"properties":{"GEOID":"06085502202","STATE":"06","COUNTY":"085","TRACT":"502202","BASENAME":"5022.02","NAME":"Census Tract 5022.02"}},{"type":"Feature","geometry":{"type":"Polygon","coordinates":[[[-121.94075200010009,37.327177000182175],[-121.94055200008357,37.323280000104177],[-121.94016999959383,37.317416999968295],[-121.94017399979178,37.317242000326281],[-121.93413800020888,37.317216000356929],[-121.93184099994255,37.316949000233961],[-121.93184400031558,37.317153999899219],[-121.9318529996381,37.317829000125286],[-121.93186799970671,37.319856999906769],[-121.92598199991161,37.319864000285413],[-121.92542500041803,37.319646000230385],[-121.92272700029369,37.31966099975633],[-121.92275700043093,37.322916999783828],[-121.92275700043093,37.323032000116378],[-121.92276199955546,37.32343499994888],[-121.92493499997325,37.323425000291138],[-121.92585499969,37.323419999747401],[-121.92677199993204,37.323414999917702],[-121.92679100019862,37.325324999944186],[-121.92680899974194,37.326875999746257],[-121.93198700043074,37.326912999917063],[-121.93199300027851,37.327052999935034],[-121.93601399962741,37.327081000193104],[-121.94075200010009,37.327177000182175]]]},"properties":{"GEOID":"06085502001","STATE":"06","COUNTY":"085","TRACT":"502001","BASENAME":"5020.01","NAME":"Census Tract 5020.01"}},{"type":"Feature","geometry":{"type":"Polygon","coordinates":[[[-121.90394300042898,37.31429499982292],[-121.90414400027042,37.312624000242707],[-121.90392300033751,37.312416000318194],[-121.90362500041167,37.31199500029669],[-121.90165100018552,37.309265999935825],[-121.9010779999001,37.308468000102636],[-121.89624300024131,37.310713999664024],[-121.89579600035258,37.311048000270453],[-121.89479500044494,37.311736000176182],[-121.89383800001993,37.312173000069038],[-121.89327800015329,37.312503999861846],[-121.89102299971975,37.313819999714532],[-121.89000500009371,37.314412000231215],[-121.88820300029502,37.315242999888071],[-121.8880610000048,37.315323000106204],[-121.88934499976963,37.317119000309575],[-121.88984000023727,37.31858899976104],[-121.89052099957942,37.320957000072909],[-121.89217000011554,37.323753000228614],[-121.89232400010135,37.323740000299679],[-121.89518600025718,37.323147999671008],[-121.89777999972611,37.322459999915843],[-121.90223299979347,37.31870400028675],[-121.90181500021704,37.318079999961846],[-121.90394300042898,37.31429499982292]]]},"properties":{"GEOID":"06085501800","STATE":"06","COUNTY":"085","TRACT":"501800","BASENAME":"5018","NAME":"Census Tract 5018"}},{"type":"Feature","geometry":{"type":"Polygon","coordinates":[[[-121.89823099981282,37.276352000288966],[-121.89619800003547,37.273780999940413],[-121.89496000030141,37.270795999889202],[-121.89402100031805,37.27125799964989],[-121.88588500011227,37.273402999952346],[-121.87785500021171,37.275516999656595],[-121.87678900000677,37.275700000127152],[-121.87746500022439,37.276841999934497],[-121.8778459999909,37.278495999847706],[-121.87839400016196,37.279713999719377],[-121.88145999963403,37.282117000101522],[-121.88177299962845,37.283076999725665],[-121.88873600039749,37.280507000314216],[-121.89205600031275,37.279276999921152],[-121.89294900026532,37.278852000287678],[-121.89823099981282,37.276352000288966]]]},"properties":{"GEOID":"06085503002","STATE":"06","COUNTY":"085","TRACT":"503002","BASENAME":"5030.02","NAME":"Census Tract 5030.02"}},{"type":"Feature","geometry":{"type":"Polygon","coordinates":[[[-121.89402100031805,37.27125799964989],[-121.89496000030141,37.270795999889202],[-121.89377000024787,37.267880000047235],[-121.89264999961627,37.265152000033247],[-121.89155400017239,37.262468000284571],[-121.89028499957786,37.25937200002091],[-121.88532799972036,37.260692999674092],[-121.87825000022193,37.262679999718678],[-121.87667900040192,37.2629849998305],[-121.87658700034041,37.262998000253219],[-121.87561099964884,37.263275000092236],[-121.87718800021496,37.265769000141184],[-121.87807299977162,37.268274999905863],[-121.87812300000031,37.271141000020329],[-121.87805600005318,37.272582999830675],[-121.87628100001865,37.274586999987655],[-121.87678900000677,37.275700000127152],[-121.87785500021171,37.275516999656595],[-121.88588500011227,37.273402999952346],[-121.89402100031805,37.27125799964989]]]},"properties":{"GEOID":"06085503003","STATE":"06","COUNTY":"085","TRACT":"503003","BASENAME":"5030.03","NAME":"Census Tract 5030.03"}},{"type":"Feature","geometry":{"type":"Polygon","coordinates":[[[-121.62834999976594,37.108370000189176],[-121.62860800040711,37.10820199999533],[-121.62780499996791,37.107420999987923],[-121.62715800006262,37.106791000012642],[-121.62104499958849,37.100854999700168],[-121.61693999967569,37.096769999759282],[-121.6161809996174,37.095664999923031],[-121.61418300000012,37.09558800019105],[-121.61160100022674,37.094409000227948],[-121.60518999982678,37.082759999991346],[-121.60744000023745,37.08196000011052],[-121.60942000031135,37.085280000293857],[-121.61040000030258,37.084930000344741],[-121.60751999970505,37.079929999797514],[-121.61061000036489,37.078779999758964],[-121.61351000015554,37.083760000332056],[-121.62271000001813,37.080320000012527],[-121.61687000025378,37.070150000248617],[-121.61669000032872,37.069819999932768],[-121.60422999992703,37.074439999829082],[-121.60015799962621,37.06772199989036],[-121.5900199996052,37.071329999708958],[-121.57726999967359,37.075840000175965],[-121.56338999996296,37.080739999929946],[-121.55582000036992,37.08339999983717],[-121.55548999975873,37.083429999764547],[-121.54746999990391,37.073899999790918],[-121.55088000023088,37.073739999996747],[-121.55287000035054,37.072390000297936],[-121.55362000018796,37.070929999652805],[-121.55293999977242,37.069130000171178],[-121.55611999994559,37.067550000206715],[-121.54795000030295,37.052639999989289],[-121.5419699998982,37.041749999674998],[-121.53619999955575,37.043919999693713],[-121.52793000035399,37.051599999885418],[-121.52712000024208,37.053482000330234],[-121.52483899986926,37.054464000121165],[-121.52304000044363,37.056019999932424],[-121.52061900032872,37.057219000195303],[-121.52071999971275,37.059640999668879],[-121.51944000014589,37.058880000245701],[-121.52178000006994,37.062460000226025],[-121.52238000011955,37.067599999779908],[-121.52140000012832,37.068050000189544],[-121.51792000037949,37.073329999879221],[-121.51402999965353,37.075939999825991],[-121.51218000017425,37.076089999770403],[-121.50682099973552,37.074672000002373],[-121.51137199971217,37.076531000325176],[-121.5256280000648,37.07796400005649],[-121.52696399970816,37.078284000115268],[-121.52808799963942,37.079114000288776],[-121.52960800030411,37.082685000204371],[-121.52915100036962,37.083545000092791],[-121.53465100037535,37.086763000029471],[-121.53852600013437,37.090738000109333],[-121.54460799974805,37.098361000227378],[-121.54566999975506,37.10862300023414],[-121.54852900043618,37.112772999759223],[-121.54934700004569,37.115977999886205],[-121.54928299957325,37.119039000298962],[-121.55271100034187,37.120807999938449],[-121.55304600007763,37.123852000264833],[-121.55423299975809,37.124901000328286],[-121.55459000013346,37.126608999919576],[-121.55791099987363,37.128504999838817],[-121.55858999956598,37.131719000268554],[-121.56390799999681,37.135547999875918],[-121.56407200002833,37.137366999761575],[-121.56613099974498,37.137774000152035],[-121.56937700004038,37.14017200005442],[-121.57206900031694,37.144234000273748],[-121.5748350002133,37.145785000349818],[-121.5755449998678,37.147148000176166],[-121.57772699960809,37.149153000274225],[-121.57955000022152,37.153493000270785],[-121.58182599967313,37.15359999988685],[-121.58194000037425,37.152650000154594],[-121.58517999992355,37.152700000136569],[-121.58454100041416,37.146730999888497],[-121.58416899997019,37.139080000046171],[-121.58328500023845,37.137503999991431],[-121.58507299979344,37.138616000252128],[-121.58739400034922,37.138087000307173],[-121.58665100018445,37.136770999648483],[-121.5899850003434,37.134896000297175],[-121.59190900034083,37.134689999703824],[-121.59691600042707,37.132880000032102],[-121.59575999981044,37.131659999761148],[-121.59584000017637,37.131490000093351],[-121.59593999973549,37.130830000080664],[-121.59845399973679,37.129873999785886],[-121.59909599961921,37.129627999999329],[-121.60077000026972,37.128989999971004],[-121.59540800035624,37.120012999642228],[-121.59533999968585,37.119900000115358],[-121.62019500019193,37.111184999855368],[-121.62834999976594,37.108370000189176]]]},"properties":{"GEOID":"06085512402","STATE":"06","COUNTY":"085","TRACT":"512402","BASENAME":"5124.02","NAME":"Census Tract 5124.02"}},{"type":"Feature","geometry":{"type":"Polygon","coordinates":[[[-121.86826100016386,37.329512999731236],[-121.86788899971985,37.32857199993304],[-121.86609899961672,37.326666999906635],[-121.86579099964516,37.32569100029778],[-121.86562599978872,37.325768999955343],[-121.86528100000722,37.325214999973554],[-121.86188400009908,37.321680000354256],[-121.85656400001839,37.316212999648343],[-121.85490100013688,37.317320000180274],[-121.85442599976074,37.317331000125705],[-121.85180399980436,37.320616000321671],[-121.84939399956014,37.322038999711879],[-121.850833000034,37.323469000060982],[-121.8574589996208,37.330169000026522],[-121.85548199991993,37.331503999892725],[-121.85363800028844,37.332735999816741],[-121.85715700039533,37.336268000168829],[-121.86515999963339,37.331384999657942],[-121.86826100016386,37.329512999731236]]]},"properties":{"GEOID":"06085503105","STATE":"06","COUNTY":"085","TRACT":"503105","BASENAME":"5031.05","NAME":"Census Tract 5031.05"}},{"type":"Feature","geometry":{"type":"Polygon","coordinates":[[[-121.93186799970671,37.319856999906769],[-121.9318529996381,37.317829000125286],[-121.93184400031558,37.317153999899219],[-121.93184099994255,37.316949000233961],[-121.92886499998386,37.316687000154644],[-121.92542500041803,37.316717999868054],[-121.92164799966996,37.316771000339507],[-121.92001300027584,37.316716000186531],[-121.91914200006454,37.316623999775757],[-121.91844999995344,37.316501000176636],[-121.91500100016674,37.315221000098923],[-121.91492599982368,37.315440000343379],[-121.91442500040657,37.316491999797272],[-121.91376799955722,37.317896000223421],[-121.91373300029544,37.320753000208633],[-121.9137380003183,37.321599000339688],[-121.91374699964084,37.323489000077728],[-121.91897600038321,37.323452999758011],[-121.91993299990989,37.323449000038913],[-121.92276199955546,37.32343499994888],[-121.92275700043093,37.323032000116378],[-121.92275700043093,37.322916999783828],[-121.92272700029369,37.31966099975633],[-121.92542500041803,37.319646000230385],[-121.92598199991161,37.319864000285413],[-121.93186799970671,37.319856999906769]]]},"properties":{"GEOID":"06085502002","STATE":"06","COUNTY":"085","TRACT":"502002","BASENAME":"5020.02","NAME":"Census Tract 5020.02"}},{"type":"Feature","geometry":{"type":"Polygon","coordinates":[[[-122.04412099970655,37.200495000280824],[-122.04078200042304,37.195171000160485],[-122.03517799976193,37.19206200031163],[-122.03074999980895,37.189989999722144],[-122.03199000009117,37.18840000010259],[-122.03149499962352,37.186909999748082],[-122.03263000032376,37.186140000344011],[-122.03193499983958,37.182296999649886],[-122.02939800027205,37.179452000339573],[-122.02893299994165,37.176936000233383],[-122.02653000026839,37.176110000350455],[-122.02763699958292,37.174082999871231],[-122.02578299990569,37.173858000346627],[-122.02566800027795,37.172605000117294],[-122.02767500011606,37.170846000305126],[-122.02558500043727,37.169071000160272],[-122.02617399971795,37.166854000120253],[-122.0227700001371,37.16615599966245],[-122.02143500031863,37.166786000153955],[-122.01679999977809,37.165075999794162],[-122.01594600018358,37.16565800012539],[-122.01401899981309,37.163435999754931],[-122.01376899956783,37.162772000325496],[-122.01158699982754,37.162035000324721],[-122.01078599993646,37.160956999797342],[-122.0090410000392,37.15979200015687],[-122.00823599995014,37.159811999982573],[-122.00670299976498,37.159263000124454],[-122.00649799972554,37.158804999748284],[-122.00605900023275,37.158693999742702],[-122.00583800029979,37.158279999871027],[-122.00293400031116,37.158457999976065],[-122.00131699956206,37.157329000067676],[-122.00004700004094,37.154495000072728],[-121.99793399989763,37.152600999653274],[-121.99421999979707,37.14991999992727],[-121.99167999985649,37.145297000200259],[-121.99108999985263,37.144270000346616],[-121.98916000000739,37.143790000353476],[-121.98715200034439,37.144819000229411],[-121.98502999998021,37.143237999817984],[-121.98503199963005,37.143227999861892],[-121.98492799987299,37.143205999953977],[-121.98406099985966,37.143734000275202],[-121.98083600037896,37.1422820001902],[-121.97752899998419,37.141732999795479],[-121.97314000038926,37.141849999720641],[-121.97227099982781,37.141528999952122],[-121.96986999980442,37.138659999867073],[-121.96621900035137,37.135736000011391],[-121.96324000001965,37.133210000054014],[-121.95618000006456,37.130309999836079],[-121.95415999980764,37.129149999857027],[-121.94703000043067,37.127750000307266],[-121.94069000017582,37.125950000178435],[-121.93353999980907,37.123069999890355],[-121.93202599989046,37.122000999729423],[-121.93000999983151,37.123289999933135],[-121.92425999958054,37.121280000195426],[-121.91068500036674,37.113295000203308],[-121.90572000011332,37.113170000262706],[-121.90461799992335,37.111326999780587],[-121.90230999978637,37.111079999830231],[-121.90113999982435,37.11152000019046],[-121.89815100034522,37.11072299965867],[-121.8963200002342,37.109650000346043],[-121.89496000030141,37.109790000125301],[-121.89484999979821,37.108609999717252],[-121.89333000003181,37.1080000002326],[-121.89227999972043,37.108409999805119],[-121.89200000023625,37.107060000016595],[-121.8903499998752,37.106210000302106],[-121.8907309996417,37.105225999679817],[-121.88725000006798,37.104933999895444],[-121.88480800003667,37.107824999913966],[-121.8700660003356,37.102247000111369],[-121.86432600013036,37.103193000159685],[-121.86000899960712,37.104170999762978],[-121.86085300005421,37.101338999814082],[-121.86188400009908,37.099345999967248],[-121.8555999999207,37.09914000006745],[-121.85368000012124,37.098410000031208],[-121.8490859995886,37.098996999998953],[-121.84737699967631,37.097236000065372],[-121.84628999955497,37.09701999983087],[-121.84440999993846,37.097460000188882],[-121.84374999961439,37.099870000234645],[-121.84320999983922,37.100789999740961],[-121.84491999957642,37.103150000153249],[-121.84810999979531,37.105420000013311],[-121.84760600000517,37.106310000005017],[-121.84444400027364,37.106693999872732],[-121.84189699976207,37.109573999866249],[-121.84564600002274,37.108354000050312],[-121.84429000028787,37.111035999940107],[-121.84122700029057,37.111021999774387],[-121.83266400028752,37.112246999827228],[-121.82946400002287,37.117347000051744],[-121.82886399997325,37.122646999932428],[-121.82926400000633,37.125145999845884],[-121.82646299994984,37.127546000003655],[-121.82406299975135,37.134746000031889],[-121.8237709996733,37.138550000065685],[-121.82076700012556,37.143976000085736],[-121.82333499965522,37.145602000304692],[-121.82352700017415,37.146569000042668],[-121.82288199991868,37.147051999777922],[-121.82104900015784,37.150106999883306],[-121.82667200018722,37.156611999935429],[-121.82906800018776,37.158244000024027],[-121.83025599969311,37.161149999645588],[-121.83113500030031,37.162013000160812],[-121.83136299990593,37.162444999994882],[-121.83701799972236,37.162601999704059],[-121.83996699991684,37.162842999890721],[-121.84275200007981,37.160870000116425],[-121.84460199955907,37.161687000235723],[-121.84531799995966,37.162314999833896],[-121.85215000030912,37.165503999782494],[-121.8543029997371,37.165312999720882],[-121.85842600009155,37.167316999864305],[-121.85892800023188,37.168394999879673],[-121.8604709995645,37.169275000150009],[-121.86362700034654,37.175295999895951],[-121.86332600004765,37.176123000007848],[-121.8646809999576,37.17791000000291],[-121.86612999957886,37.177999999790202],[-121.86354000030791,37.179409999875723],[-121.86519999981634,37.180069999659779],[-121.86665000016085,37.181849999716796],[-121.86960000018027,37.182709999817838],[-121.87270599983529,37.181994999671126],[-121.87352400034311,37.181133000313494],[-121.8732339999149,37.182411000280588],[-121.8721080003338,37.183026000244482],[-121.8713059997195,37.184526999961577],[-121.87327400009785,37.192889999754769],[-121.87296000027848,37.19511399983697],[-121.87827899963592,37.198593999785999],[-121.8800839998077,37.198476000050235],[-121.88383999974104,37.201822999969508],[-121.88909399969945,37.203259000318667],[-121.89339500032916,37.204004000266153],[-121.89599999966875,37.205030000310906],[-121.89703800028461,37.206555000326482],[-121.8991489998798,37.20676399967568],[-121.89985000021174,37.206750000055699],[-121.90552000009679,37.211010000258007],[-121.90696000039554,37.210609999791856],[-121.90942800036609,37.212653000267167],[-121.91242799971589,37.213566999687345],[-121.91243100008894,37.212101999898735],[-121.91281299968037,37.211759000173096],[-121.91300900039725,37.211635000005337],[-121.91318000010148,37.211480999674883],[-121.91328999970632,37.211327999913273],[-121.91344100021739,37.211190000240975],[-121.91353400010379,37.211056000286561],[-121.91597699995999,37.209301000303789],[-121.91729599988493,37.207625000287578],[-121.9194330003177,37.207010000341818],[-121.92209200008396,37.204532999719959],[-121.9234319999253,37.201136999963587],[-121.92568599963559,37.198642999804015],[-121.92798000042721,37.196874000219722],[-121.92824200036804,37.194692999993954],[-121.93584200009826,37.195357000125931],[-121.94150899961025,37.195660000000174],[-121.94535900015325,37.196916000274008],[-121.94701600018699,37.196800999711911],[-121.95057999960142,37.197717000057615],[-121.95546799986192,37.197804000246002],[-121.96310299975227,37.201152999799042],[-121.97217399974343,37.203344000012073],[-121.97627299980844,37.202096000252688],[-121.97708499957018,37.201775999742495],[-121.98077000025671,37.200889999882662],[-121.98367000004743,37.199030000011348],[-121.98661000002109,37.20027000000929],[-121.98901500024245,37.20149399991238],[-121.99171900021457,37.200118000015514],[-121.99144700022796,37.198176000340133],[-121.99297799986503,37.197990000164424],[-121.99196000023896,37.203511999999868],[-121.99485699965662,37.201951999833227],[-121.9974679997423,37.202737000346836],[-122.00076900028928,37.204350999793363],[-122.00273799959427,37.206370999800754],[-122.00536899977143,37.208104000338906],[-122.00566800042048,37.209397999806342],[-122.00719800023262,37.212018999655527],[-122.01232800034249,37.214362000132908],[-122.01736999969049,37.21479300023092],[-122.01976099966814,37.214694999671359],[-122.0246699998451,37.215844000082797],[-122.02519000042709,37.214951000003595],[-122.02879999987225,37.217522000129676],[-122.02881499994085,37.216231000080924],[-122.02920900012614,37.213505999822772],[-122.03007600013947,37.207989999863031],[-122.0285649996956,37.207369000139614],[-122.03170600040903,37.204194000266753],[-122.03667300031229,37.202047000329657],[-122.04412099970655,37.200495000280824]]]},"properties":{"GEOID":"06085511800","STATE":"06","COUNTY":"085","TRACT":"511800","BASENAME":"5118","NAME":"Census Tract 5118"}},{"type":"Feature","geometry":{"type":"Polygon","coordinates":[[[-121.70534999984605,37.128079999781647],[-121.70624000032392,37.12609999997396],[-121.70464000019159,37.12527999965878],[-121.70140999978969,37.119280000350059],[-121.69445000029202,37.118450000283097],[-121.69302000003903,37.116919999692229],[-121.68774000014132,37.1162199996471],[-121.68836299975719,37.114744999907543],[-121.68432700033965,37.11327000008842],[-121.68327100018044,37.110841999664061],[-121.67920999975026,37.107984000015605],[-121.67680899972684,37.107116000011757],[-121.67462799981148,37.104967000324976],[-121.67225600010038,37.101841000155858],[-121.67154999974557,37.097313999799702],[-121.67172899984571,37.095263999726434],[-121.66839600040997,37.093676000307596],[-121.66738899975624,37.092147999985293],[-121.66273900004539,37.090701999653142],[-121.65909100006708,37.088244999765891],[-121.65901599972402,37.087233999984214],[-121.65626700044437,37.085255999935349],[-121.65339199986974,37.084996999673869],[-121.65154200039048,37.084831000061811],[-121.64867400038682,37.087884999790639],[-121.64540399980197,37.090131000322415],[-121.64507900011198,37.090371999929665],[-121.64488699959301,37.090482000236037],[-121.64463899989592,37.0905859998186],[-121.64432199970352,37.090866999692601],[-121.64394000011211,37.091076000134528],[-121.64015400004151,37.091290000185225],[-121.63940099983101,37.091255999922865],[-121.6412799996226,37.09254000029388],[-121.64545999987848,37.093049999718289],[-121.64631000017336,37.094199999663438],[-121.64929700000268,37.098368999919678],[-121.64997999989299,37.099330000071632],[-121.65141000014599,37.101369999995804],[-121.65310800018761,37.102617000229763],[-121.65632299962259,37.104943999896875],[-121.65773000030937,37.106009999783673],[-121.66196999994139,37.10482999994575],[-121.66104000017887,37.112529999683609],[-121.66129000042413,37.113019999918322],[-121.6616899995589,37.117099999681066],[-121.66182099997846,37.117077000072463],[-121.66393800031975,37.116775000265484],[-121.66594199978481,37.116659000237661],[-121.66707900013485,37.116544000022259],[-121.66829299957949,37.116442000239424],[-121.66977399988615,37.117133999806015],[-121.67222799961299,37.117333000336465],[-121.67326299985579,37.117263000288688],[-121.6732700004268,37.122239999832779],[-121.67294999986133,37.125031000346468],[-121.67133300001058,37.132378999689337],[-121.6730100001358,37.135016000008854],[-121.67281799961687,37.135140999685198],[-121.66715000027996,37.13894999981364],[-121.6626899996416,37.141480000121895],[-121.66332999987418,37.143450000007164],[-121.66718000041719,37.146280000260433],[-121.67707900006357,37.155974999978248],[-121.67714099998787,37.156035999789516],[-121.67978100038587,37.158593999798072],[-121.68005500002226,37.158412000117771],[-121.68694900029598,37.153979000092413],[-121.68889599985962,37.151719999760928],[-121.69140999986094,37.150569999817598],[-121.69143999999817,37.149520000192005],[-121.69602000028713,37.14517999987843],[-121.69906999986566,37.145380000031217],[-121.69784999967493,37.144280000164891],[-121.69827999984523,37.139000000260054],[-121.70019999964471,37.136720000153687],[-121.70018999959895,37.133370000327858],[-121.70213000038821,37.129910000246589],[-121.70534999984605,37.128079999781647]]]},"properties":{"GEOID":"06085512305","STATE":"06","COUNTY":"085","TRACT":"512305","BASENAME":"5123.05","NAME":"Census Tract 5123.05"}},{"type":"Feature","geometry":{"type":"Polygon","coordinates":[[[-121.88664900019343,37.23788899994328],[-121.88719200034166,37.236071999841336],[-121.88410300040506,37.232229000104866],[-121.88436899964553,37.228153000109749],[-121.88496600022042,37.224904000270691],[-121.88207399992734,37.221706000072416],[-121.88134500000631,37.22189599985041],[-121.8765520001803,37.221994000354464],[-121.87257500031401,37.222087999915445],[-121.86960199983008,37.222151000042643],[-121.8673139997846,37.221353000027442],[-121.86434899969657,37.220766000153269],[-121.86226800023863,37.221645999666599],[-121.86882100003051,37.226827000232184],[-121.87037000010919,37.229293999936104],[-121.87180899968475,37.233377000320701],[-121.87312199976186,37.236300000139522],[-121.87476200007717,37.241267000096052],[-121.87492600010872,37.242606000257858],[-121.87863299963827,37.242358000310013],[-121.88087499965302,37.240796000020936],[-121.88664900019343,37.23788899994328]]]},"properties":{"GEOID":"06085511914","STATE":"06","COUNTY":"085","TRACT":"511914","BASENAME":"5119.14","NAME":"Census Tract 5119.14"}},{"type":"Feature","geometry":{"type":"Polygon","coordinates":[[[-122.05361500019532,37.248538999927135],[-122.05506899983945,37.245598999758045],[-122.05302099999349,37.24473599978824],[-122.0506840004425,37.241555000044684],[-122.04817700011387,37.239537999670453],[-122.04860999975892,37.237450000229252],[-122.04751099994203,37.235570999812744],[-122.04639200003361,37.232152999792639],[-122.04472199958109,37.231241000083926],[-122.04301100001899,37.23315999985779],[-122.04073999969194,37.233180000282573],[-122.04010000035765,37.231950000051221],[-122.03776999958103,37.231469999873205],[-122.03903099977965,37.2303899999227],[-122.03861999987593,37.229710000256226],[-122.03992000043262,37.226790000187144],[-122.03927000015425,37.225269999927242],[-122.03675000030516,37.224159999949592],[-122.03718999962291,37.223240000055966],[-122.03307999968725,37.218950000230507],[-122.03337000011545,37.217900000093955],[-122.03097800031289,37.21769100011312],[-122.02972499961187,37.217375000267864],[-122.02879999987225,37.217522000129676],[-122.02519000042709,37.214951000003595],[-122.0246699998451,37.215844000082797],[-122.02306999971275,37.218587000164383],[-122.02298500022226,37.220676999879579],[-122.02149399986988,37.220115000323354],[-122.01877300017934,37.222650999810448],[-122.01305600043862,37.22415399996332],[-122.01161799978968,37.226032000256048],[-122.0113929996588,37.228558000239872],[-122.01086999960205,37.231460000149895],[-122.00707799968369,37.23348100016954],[-122.00535100022806,37.235940999985488],[-122.00502599963976,37.23772099998164],[-122.00592600016334,37.240254000197581],[-122.00517499960266,37.240452000125678],[-122.00407599978575,37.240573000064103],[-122.00238299976701,37.241491999680619],[-122.00245300008721,37.241506000004499],[-122.007359999716,37.24275000031443],[-122.01376000024533,37.245749999941658],[-122.02015999987633,37.250349999768979],[-122.02159599997712,37.25154500001252],[-122.02731000024309,37.25490999975235],[-122.03178099985378,37.258659999839537],[-122.03205200001543,37.259268000149035],[-122.03198699971811,37.260127000037734],[-122.0336970003536,37.259196999741548],[-122.03821099962201,37.256295000205547],[-122.0390759999855,37.254951000083494],[-122.04273800020752,37.253101000058784],[-122.04535099994304,37.252248999653936],[-122.05030199995277,37.252037999805751],[-122.05095200023109,37.252070000047837],[-122.05161300038007,37.251722999803789],[-122.05331800009441,37.250144000018615],[-122.05361500019532,37.248538999927135]]]},"properties":{"GEOID":"06085507302","STATE":"06","COUNTY":"085","TRACT":"507302","BASENAME":"5073.02","NAME":"Census Tract 5073.02"}},{"type":"Feature","geometry":{"type":"Polygon","coordinates":[[[-121.86177799979386,37.385789999988191],[-121.86286400009028,37.384669999982265],[-121.85834499990068,37.380359000052273],[-121.85704400041743,37.381369999740123],[-121.85578599969352,37.382241999748423],[-121.85663199979045,37.383045999844398],[-121.85301399994938,37.385517000275129],[-121.85006899995284,37.388261999881671],[-121.84974599991264,37.388438000297846],[-121.84846299997272,37.388637999912348],[-121.84386799961516,37.389779000027389],[-121.84233299978017,37.390448000280806],[-121.84540499999829,37.396573000070006],[-121.8469249997647,37.399792999762937],[-121.85700900025732,37.395186000280532],[-121.85941299975548,37.394098999695991],[-121.85620699964304,37.389684000081289],[-121.85844199998506,37.388593999785982],[-121.86056099997616,37.38655799982628],[-121.86177799979386,37.385789999988191]]]},"properties":{"GEOID":"06085504307","STATE":"06","COUNTY":"085","TRACT":"504307","BASENAME":"5043.07","NAME":"Census Tract 5043.07"}},{"type":"Feature","geometry":{"type":"Polygon","coordinates":[[[-121.84033699981272,37.341766000294491],[-121.84310899955686,37.339904000133536],[-121.83960899971656,37.336302000187835],[-121.83741100008274,37.334045999886051],[-121.83697300041484,37.333597000350416],[-121.8344789996067,37.33103900004744],[-121.83175600026632,37.328287000076763],[-121.82967699955988,37.329697000313665],[-121.8248329996803,37.332979000011214],[-121.82405000023087,37.333508999789636],[-121.82651499982839,37.334019000048656],[-121.82810300026514,37.335508000055043],[-121.82903800005052,37.334878000249702],[-121.83297399990894,37.338932999873357],[-121.83756400024362,37.343654999950601],[-121.84033699981272,37.341766000294491]]]},"properties":{"GEOID":"06085503504","STATE":"06","COUNTY":"085","TRACT":"503504","BASENAME":"5035.04","NAME":"Census Tract 5035.04"}},{"type":"Feature","geometry":{"type":"Polygon","coordinates":[[[-121.9089010001114,37.401725000108677],[-121.90650699976067,37.391399000261679],[-121.90103000021951,37.367954000093121],[-121.90101400032599,37.367245999737051],[-121.90113800017451,37.365904000182653],[-121.90166500042923,37.364245000176126],[-121.90178000005696,37.364029000251101],[-121.90029299990253,37.36366200007997],[-121.89147200015665,37.362900999901974],[-121.88590699985359,37.36232800026567],[-121.88469699970861,37.362199999706689],[-121.87999299957109,37.361617000144285],[-121.87744900033087,37.361080000139538],[-121.87733100033007,37.361214999848137],[-121.87682599981672,37.361814999978186],[-121.87465300029724,37.363319999693857],[-121.87722800039793,37.365870000002424],[-121.87799300030399,37.366506999979713],[-121.87841300042854,37.36683100000031],[-121.88069800010101,37.368007000113188],[-121.88457200003512,37.369751000159795],[-121.88712100019652,37.371492999992867],[-121.8879639999204,37.372258000099592],[-121.88828899961042,37.372555000012426],[-121.88905100004175,37.373484000061083],[-121.8894219997625,37.374891000047086],[-121.89100299962826,37.37692200000437],[-121.89249599963047,37.377829000207015],[-121.89536700000717,37.377706000179401],[-121.89559299996299,37.377680999824115],[-121.89544599964989,37.381867999852119],[-121.89585999992669,37.382744999942631],[-121.89790699994775,37.385785000028548],[-121.90068299988988,37.389622000209314],[-121.90152700033697,37.393693999664492],[-121.90278699981235,37.400280000323804],[-121.90286299998036,37.404406999687168],[-121.90563300007469,37.404322000029424],[-121.9089010001114,37.401725000108677]]]},"properties":{"GEOID":"06085504318","STATE":"06","COUNTY":"085","TRACT":"504318","BASENAME":"5043.18","NAME":"Census Tract 5043.18"}},{"type":"Feature","geometry":{"type":"Polygon","coordinates":[[[-122.03247999963762,37.288359999899605],[-122.03241299969046,37.283785000215225],[-122.03242000026145,37.283420000186894],[-122.03244000035296,37.281779999822277],[-122.0323099997583,37.279389999853763],[-122.03208999965025,37.271660000235855],[-122.03199000009117,37.264779999945944],[-122.03198699971811,37.260127000037734],[-122.03205200001543,37.259268000149035],[-122.02968000030434,37.25972000030788],[-122.02316000012443,37.264120000342423],[-122.01918999993083,37.268329999739912],[-122.01669000017323,37.269919999800869],[-122.01443999976257,37.271409999960184],[-122.01066000043808,37.274260000069582],[-122.00982000018894,37.275219999832707],[-122.00822000005664,37.276460000231019],[-122.0094999996235,37.277589999903199],[-122.01053800023936,37.278242000134924],[-122.01443999976257,37.280079999822519],[-122.02071999974298,37.28295999988174],[-122.02310999989572,37.284062999975319],[-122.03247999963762,37.288359999899605]]]},"properties":{"GEOID":"06085507500","STATE":"06","COUNTY":"085","TRACT":"507500","BASENAME":"5075","NAME":"Census Tract 5075"}},{"type":"Feature","geometry":{"type":"Polygon","coordinates":[[[-121.84760600000517,37.106310000005017],[-121.84810999979531,37.105420000013311],[-121.84491999957642,37.103150000153249],[-121.84320999983922,37.100789999740961],[-121.84374999961439,37.099870000234645],[-121.84440999993846,37.097460000188882],[-121.84628999955497,37.09701999983087],[-121.84449000030442,37.096500000217155],[-121.84413999960172,37.09472999993131],[-121.84278399986687,37.094559999735466],[-121.84250900040556,37.094544999826311],[-121.83864999964175,37.093219999719075],[-121.83877000019065,37.092089999763807],[-121.83432999964377,37.091230000091343],[-121.8321699996448,37.089699999919802],[-121.83154000035626,37.088599999818662],[-121.82906200033997,37.087915999744311],[-121.82402000009365,37.087569999842799],[-121.82366000024355,37.086049999939505],[-121.82226000012774,37.085690000287734],[-121.81840000043732,37.083819999889961],[-121.81648999978529,37.080369999766376],[-121.81719000029234,37.077880000336876],[-121.81251600029205,37.075154999816036],[-121.81052699999728,37.070674000258606],[-121.80907599982788,37.069300999958593],[-121.80594400023359,37.068280999931474],[-121.80436699966749,37.068570999936391],[-121.80151000043283,37.067489999958639],[-121.80084000006299,37.066039999719109],[-121.79581999955799,37.063559999690277],[-121.79354999995415,37.064309999889495],[-121.79013999962721,37.063629999898353],[-121.78812000026862,37.062270000267112],[-121.78646999990758,37.062149999972441],[-121.78201000016755,37.058359999930502],[-121.78154999985998,37.056990999921659],[-121.77604999985429,37.054859999913496],[-121.77569000000416,37.05326000023274],[-121.77295000004703,37.052619999804584],[-121.77004000021061,37.05328999989635],[-121.76695999959655,37.053280000248776],[-121.76321999955675,37.051770000345996],[-121.76467999994699,37.049220000054909],[-121.76067799996633,37.04759999969145],[-121.75759999990042,37.049630000005841],[-121.75492000021775,37.048449999967175],[-121.75398999955692,37.045989999776474],[-121.75235500016279,37.043799999776468],[-121.74776099963015,37.037748999966759],[-121.74636100041268,37.034749000308274],[-121.744335000308,37.033671999680656],[-121.74238000034843,37.030240000069711],[-121.73912999985505,37.027180000108665],[-121.72782000022225,37.022749999681842],[-121.72578099969876,37.020677999701],[-121.72831499979155,37.020921999972934],[-121.72868999971028,37.019925999730489],[-121.73081399972423,37.020324000029738],[-121.73043899980551,37.022218000251911],[-121.73618599968344,37.015341999989076],[-121.72781500019936,37.009861999770337],[-121.72656599969632,37.012053999932],[-121.7226499999294,37.008924000193602],[-121.71876199975154,37.007556999662683],[-121.72962399967072,36.997871999683142],[-121.72834599975369,36.996819999792564],[-121.72980699996884,36.993554999739935],[-121.73132799956014,36.992709000027496],[-121.73418399986821,36.992765999983227],[-121.73485300041312,36.991050000123209],[-121.73869700021001,36.989990999721485],[-121.73638499987509,36.989367000075504],[-121.73231199974931,36.989664000341911],[-121.73047099959254,36.99082199992241],[-121.71787800001981,36.995561000310524],[-121.7170899996492,36.994070000330275],[-121.71466000021179,36.99312999997683],[-121.71091799962383,36.993065999725708],[-121.71040499961285,36.992341000116042],[-121.71137499955832,36.990580999813652],[-121.70980999958608,36.990603000266127],[-121.7055089998547,36.989359999883732],[-121.70524400043915,36.986244999855934],[-121.69965800021971,36.986249999787738],[-121.69535800031322,36.985149999701079],[-121.6952579998558,36.982750000144257],[-121.69665799997161,36.981350000123307],[-121.69622199995349,36.980559999716135],[-121.69767899997068,36.977745000212465],[-121.69842799998324,36.974983999726305],[-121.69812900023248,36.972604999769587],[-121.69330299989623,36.968229999710253],[-121.68775799968466,36.966951000260025],[-121.68665800004285,36.967451000170811],[-121.68365799979473,36.967050999787155],[-121.67825800024644,36.967850000090529],[-121.6747569996829,36.965351000009292],[-121.67265699995838,36.965451000202641],[-121.6722569999253,36.964351000181814],[-121.66993000042005,36.963641000348126],[-121.66613000010578,36.96433999974964],[-121.66478699989142,36.963714000333141],[-121.66395699968801,36.960650999951326],[-121.66285700004617,36.959150999949323],[-121.66432999995691,36.9551399999255],[-121.663307000308,36.953507000325217],[-121.66325700007926,36.951850999998022],[-121.66155700038783,36.951750999890152],[-121.65835700012316,36.950550999841873],[-121.65511900022368,36.951049999748449],[-121.65403799995011,36.950583999930878],[-121.65367499972697,36.947716999973288],[-121.65227100031153,36.947628000157891],[-121.65285600029254,36.94575100013455],[-121.65405600039179,36.94475099993884],[-121.65305600030908,36.941751000292655],[-121.6488559999617,36.937250999776531],[-121.64579100031459,36.932329999875023],[-121.64141400041521,36.932231999806412],[-121.64225600031416,36.936350999664811],[-121.63965600009914,36.937850999929587],[-121.63885600003297,36.937651000164131],[-121.63705500005918,36.939053000056958],[-121.63185600035236,36.939252999732865],[-121.63046000043454,36.940544000300413],[-121.62605500004774,36.93979699998669],[-121.62404800020965,36.938493999647164],[-121.62473000027505,36.94009399983792],[-121.60715499983208,36.92605099972468],[-121.59035400041435,36.926150999812222],[-121.59015400039782,36.919252000343498],[-121.58115399965347,36.919252000343498],[-121.58145499995236,36.900252000070914],[-121.58135399966999,36.899151999784195],[-121.5768620001429,36.893738999981288],[-121.57540199975269,36.893032999787735],[-121.57374100041928,36.895580000245438],[-121.57139399992424,36.897075000129036],[-121.56692300031354,36.897073000113217],[-121.56290100024141,36.89625199995956],[-121.56027199971406,36.897110999686845],[-121.55999200022988,36.897940999908556],[-121.56015899973615,36.903072000131402],[-121.55899700017004,36.906700999990029],[-121.558452000372,36.910468000318964],[-121.55631999996214,36.911937999784385],[-121.55349299996635,36.915199000141911],[-121.55126000017245,36.915650000110162],[-121.54800899985419,36.917390999671213],[-121.54753100000329,36.919054000052874],[-121.54694099999939,36.927861000255376],[-121.5476370003085,36.929193999811353],[-121.5509890000108,36.933270000096883],[-121.5524400001802,36.936960000115718],[-121.55263900037184,36.942899999777829],[-121.55510800016731,36.943846999648606],[-121.56544500037994,36.945788999867339],[-121.56845599960039,36.948324999988245],[-121.57238999980899,36.947739999957065],[-121.58032699982313,36.952920999897032],[-121.58081499971976,36.95594899986331],[-121.58281999990804,36.958480000219417],[-121.58379999989924,36.95716999970022],[-121.58535999984859,36.956890000101829],[-121.59274000036916,36.959050000181882],[-121.59284999997398,36.961610000213604],[-121.59440999992333,36.962939999829402],[-121.59710499967464,36.964177999791175],[-121.59785299986227,36.965137999963368],[-121.60060899971289,36.966451999752032],[-121.60357299997601,36.969903000248188],[-121.60598200039534,36.971054000172039],[-121.6082339995575,36.97138300009621],[-121.61034000002813,36.972674999850945],[-121.61741599987675,36.974934000166463],[-121.621581000064,36.976763999973244],[-121.61852899993735,36.98061599981709],[-121.61626900037925,36.981980000055614],[-121.61705299965357,36.986056999885847],[-121.61658499984843,36.988597999754354],[-121.6163930002278,36.989605999984782],[-121.61377799994415,36.992215000056866],[-121.61180000041837,36.997391999871603],[-121.61157399956424,36.998973999663598],[-121.61276600016588,37.00083800009098],[-121.61329500007039,37.003574000223864],[-121.61279100028025,37.007662000301693],[-121.61389299957189,37.008476999953892],[-121.61239999956967,37.010189999769217],[-121.61116000018576,37.010209999653362],[-121.61094000007775,37.011899999905381],[-121.62628799967626,37.011707999761263],[-121.62659999984578,37.012170000072004],[-121.62694999965015,37.014190000268144],[-121.6282700002983,37.015680000305792],[-121.62841000004039,37.017270000044903],[-121.63010999973183,37.018899999728291],[-121.6373599996577,37.021730000076587],[-121.6373439997642,37.027090999983507],[-121.63759999985724,37.027970000290743],[-121.6441099999914,37.027950000060692],[-121.64506999989113,37.029659999988638],[-121.65076999991339,37.029749999673299],[-121.65266999962139,37.030129999875406],[-121.65617000035999,37.029959999718059],[-121.65737999960666,37.032250000080616],[-121.65658999958626,37.034510000332496],[-121.65611000008555,37.037950000198983],[-121.65487999984906,37.042220000024656],[-121.653269999671,37.045420000220929],[-121.65392999999507,37.047900000243061],[-121.66045000017499,37.054239999837719],[-121.66286999956667,37.059449999791667],[-121.66281000019053,37.060710000268656],[-121.66258000003675,37.062050000059777],[-121.66056999982558,37.066979999875706],[-121.65586999988602,37.078659999784342],[-121.65325999962528,37.08324000002392],[-121.65339199986974,37.084996999673869],[-121.65626700044437,37.085255999935349],[-121.65901599972402,37.087233999984214],[-121.65909100006708,37.088244999765891],[-121.66273900004539,37.090701999653142],[-121.66738899975624,37.092147999985293],[-121.66839600040997,37.093676000307596],[-121.67172899984571,37.095263999726434],[-121.67154999974557,37.097313999799702],[-121.67225600010038,37.101841000155858],[-121.67462799981148,37.104967000324976],[-121.67680899972684,37.107116000011757],[-121.67920999975026,37.107984000015605],[-121.68327100018044,37.110841999664061],[-121.68432700033965,37.11327000008842],[-121.68836299975719,37.114744999907543],[-121.68774000014132,37.1162199996471],[-121.69302000003903,37.116919999692229],[-121.69445000029202,37.118450000283097],[-121.70140999978969,37.119280000350059],[-121.70464000019159,37.12527999965878],[-121.70624000032392,37.12609999997396],[-121.70856000015645,37.124110000319604],[-121.71062999974376,37.124099999984054],[-121.7122600000133,37.1233999997147],[-121.71353000043275,37.123690000130786],[-121.71660000010274,37.125549999747811],[-121.72062999967248,37.127209999821616],[-121.72337999967534,37.127389999695403],[-121.7294599996392,37.126159999665681],[-121.73329000009072,37.126499999646562],[-121.73520999989017,37.131219999709629],[-121.73651999959431,37.135809999822278],[-121.73579999989407,37.140209999983398],[-121.73911999980933,37.146579999866404],[-121.74103999960879,37.148460000327361],[-121.74396000038927,37.149929999714544],[-121.74671000039216,37.150619999742965],[-121.74851100036594,37.151622999911865],[-121.74920799960159,37.153146999967291],[-121.74932899997542,37.154105000146139],[-121.74944000030351,37.155355000089912],[-121.74935099971674,37.156988000278588],[-121.74950499970251,37.15822499993881],[-121.74936400013553,37.15903499971192],[-121.74953999986262,37.159850000066491],[-121.75073800031205,37.161291000209879],[-121.75213599987968,37.162712999698343],[-121.7545799995608,37.163506000042744],[-121.75544499992431,37.16410700033704],[-121.7557689997894,37.165007999659814],[-121.75561200032888,37.16790100017306],[-121.75665699971911,37.169643999753511],[-121.75869100021973,37.17197000031048],[-121.75938900017863,37.1754530001079],[-121.7600629998481,37.179860000256369],[-121.7611819997565,37.181659000176467],[-121.76162699999543,37.180840999967799],[-121.76543800018035,37.180331999950944],[-121.76384700026885,37.177506999791483],[-121.76404599956217,37.177534999854359],[-121.76447900010552,37.178057000148762],[-121.76491799959837,37.178381999714055],[-121.76592600007697,37.179646000066072],[-121.76615700005564,37.179648999681632],[-121.76686000003744,37.179277999799524],[-121.76696799999247,37.178354999854093],[-121.76741700042938,37.178196000164782],[-121.76781900011227,37.178731000110609],[-121.76815800004597,37.179092000309176],[-121.77008399969323,37.179818999888923],[-121.7703420003344,37.179564999665324],[-121.7708980000031,37.179679999996338],[-121.77082900040612,37.180212999723736],[-121.77162500027434,37.18036800001282],[-121.7722629999588,37.181136999722163],[-121.77278500019061,37.181120999939189],[-121.77325899984353,37.181346000020376],[-121.77376699983165,37.181407000111349],[-121.77340299978357,37.181752999883209],[-121.77298400038222,37.181901000265547],[-121.77309300016218,37.183246999648517],[-121.77449400010286,37.182977999938693],[-121.77673199991968,37.183891000348027],[-121.77621800008374,37.18252800024046],[-121.77837999973256,37.183326000033141],[-121.78204100012968,37.182656000319298],[-121.78430099968776,37.180772999705681],[-121.78266600029364,37.181206000223575],[-121.78244700001052,37.179535999765776],[-121.77981800038151,37.179161999693925],[-121.78182299967148,37.178580000301004],[-121.78494699976815,37.178998000153953],[-121.78533900030362,37.178838999670809],[-121.78575100003226,37.178322999821944],[-121.78566200034381,37.178025999883765],[-121.78531199964112,37.177591999848005],[-121.78544899990848,37.177158000181961],[-121.7851200000205,37.176382999843028],[-121.78525700028786,37.175608000143008],[-121.78496900040776,37.175218000348664],[-121.78469499987308,37.175180000117912],[-121.78477699988882,37.174812000285002],[-121.7851690004243,37.174680000048248],[-121.78548400006858,37.17434500016887],[-121.78553299957406,37.174064000188601],[-121.78593799963004,37.17394899989781],[-121.78639799993755,37.173553999651148],[-121.78658299988551,37.173257000291052],[-121.78724999988226,37.172712999845416],[-121.78740800006601,37.172652999856481],[-121.78777899978678,37.172158000098065],[-121.79111499959555,37.172604000152269],[-121.79482299984832,37.171869000060084],[-121.79538600008802,37.172088999921932],[-121.79625099955321,37.172357999754631],[-121.79664300008869,37.172134000075083],[-121.79862700036057,37.171047999826641],[-121.7997770002311,37.168191999685405],[-121.80264699988457,37.166432000183278],[-121.8030079995596,37.165005000178851],[-121.80199900015434,37.16428200009728],[-121.80091500040605,37.160216000197892],[-121.79872500026987,37.157052999956029],[-121.7997499995686,37.156409999774873],[-121.79934700006081,37.155431999899861],[-121.8019530001236,37.156389000301381],[-121.8028660001677,37.154458999855365],[-121.80499900040247,37.153080000064925],[-121.80792099993448,37.152672000179408],[-121.80961800015119,37.153138000112094],[-121.81123500000193,37.152877000265462],[-121.81284900037798,37.153932999656838],[-121.81341400026749,37.152338000350547],[-121.81476599980438,37.151767000351668],[-121.81449700019088,37.1502019997221],[-121.81577099990997,37.148874000268904],[-121.81557699974122,37.146450000350299],[-121.81681600019853,37.143991000229029],[-121.81720500036094,37.142666999852288],[-121.8237709996733,37.138550000065685],[-121.82406299975135,37.134746000031889],[-121.82646299994984,37.127546000003655],[-121.82926400000633,37.125145999845884],[-121.82886399997325,37.122646999932428],[-121.82946400002287,37.117347000051744],[-121.83266400028752,37.112246999827228],[-121.84122700029057,37.111021999774387],[-121.84429000028787,37.111035999940107],[-121.84564600002274,37.108354000050312],[-121.84189699976207,37.109573999866249],[-121.84444400027364,37.106693999872732],[-121.84760600000517,37.106310000005017]]]},"properties":{"GEOID":"06085512200","STATE":"06","COUNTY":"085","TRACT":"512200","BASENAME":"5122","NAME":"Census Tract 5122"}},{"type":"Feature","geometry":{"type":"Polygon","coordinates":[[[-121.97662000013807,37.241179999962128],[-121.97687000038333,37.239660000153059],[-121.97431000035127,37.239319999981149],[-121.97254000033965,37.241780000199874],[-121.97131400030111,37.23869299973552],[-121.96978399959067,37.240134000248048],[-121.97047200040215,37.244107000077911],[-121.96910499989833,37.245766000327016],[-121.96638099983475,37.247181999879182],[-121.96163200038968,37.24563899972248],[-121.96061399986533,37.247015999997458],[-121.95936799973533,37.249518000097851],[-121.95792199958879,37.25218199971534],[-121.95670999979396,37.254385999798501],[-121.95567999957402,37.255799999797802],[-121.95534400001338,37.256263999899893],[-121.95384400033846,37.25820900001569],[-121.95401199966963,37.258383000186825],[-121.95622699992022,37.260799000176497],[-121.96195999955445,37.261580000095563],[-121.96381999997777,37.259059999974546],[-121.96392799993281,37.258875000024197],[-121.96418999987364,37.258450000330434],[-121.96733999990956,37.253219999769776],[-121.96918000024139,37.250839999869498],[-121.97154000025694,37.247800000281877],[-121.9725799996243,37.246830000091869],[-121.97346199970623,37.246064999885988],[-121.97451000036781,37.245119999678465],[-121.97545000017607,37.243420000078359],[-121.97649000044174,37.241469999779511],[-121.97662000013807,37.241179999962128]]]},"properties":{"GEOID":"06085507203","STATE":"06","COUNTY":"085","TRACT":"507203","BASENAME":"5072.03","NAME":"Census Tract 5072.03"}},{"type":"Feature","geometry":{"type":"Polygon","coordinates":[[[-121.84381699956153,37.386390999848629],[-121.84225300031251,37.383828000205035],[-121.84132400037494,37.382603000188453],[-121.84105400003818,37.382243999826805],[-121.84049099979849,37.381514999834529],[-121.83910599975134,37.379695000083174],[-121.83870599971823,37.379171999959119],[-121.83716000001259,37.377126000070241],[-121.83706299992821,37.376978999837199],[-121.83614499986128,37.375802999736592],[-121.83560900028405,37.375109999800671],[-121.83503000015082,37.375486000106207],[-121.83457200039143,37.375783000087743],[-121.83329199992626,37.376650000243245],[-121.83198499969687,37.377530999658944],[-121.8318459997797,37.37762600001254],[-121.83137399977659,37.37794399997491],[-121.83055399961893,37.378500000189341],[-121.82913199976187,37.379463999954012],[-121.82888400006475,37.379631999729142],[-121.8280449996405,37.38020199978186],[-121.82741600017691,37.38062500027398],[-121.82719000022107,37.380773999902758],[-121.82702199999159,37.380863000085895],[-121.82687800005155,37.380925000062838],[-121.8267690002716,37.380965000181924],[-121.82634800032211,37.381071999699678],[-121.83038399973962,37.386967999749487],[-121.83059799999987,37.387284000124055],[-121.83224099978992,37.389681000261348],[-121.83210199987275,37.389741000206122],[-121.83305500009979,37.391086999787511],[-121.83422500006179,37.392588999920676],[-121.83670100042826,37.39164099979012],[-121.84081899986157,37.390821000279331],[-121.84233299978017,37.390448000280806],[-121.84210500017453,37.389238999782869],[-121.84381699956153,37.386390999848629]]]},"properties":{"GEOID":"06085503802","STATE":"06","COUNTY":"085","TRACT":"503802","BASENAME":"5038.02","NAME":"Census Tract 5038.02"}},{"type":"Feature","geometry":{"type":"Polygon","coordinates":[[[-121.58608999959458,37.041479999943164],[-121.58618900022708,37.041427000289403],[-121.58454999973669,37.038229999774742],[-121.58309199989459,37.035370000029459],[-121.58008999999666,37.029529999857452],[-121.57181700042185,37.032289000037458],[-121.56644999958722,37.022400000249625],[-121.55958999964867,37.009819999886922],[-121.55688999987451,37.00473000028191],[-121.55599000024924,37.00152000024206],[-121.55599000024924,36.998489999902077],[-121.55825999985306,36.986749999918047],[-121.55847999996111,36.983540000057502],[-121.55542899965936,36.976182999713771],[-121.55530399998591,36.975885000231216],[-121.55428999965949,36.973109999938615],[-121.55101999997294,36.961889999683365],[-121.55091000036808,36.960950000106749],[-121.55278999998458,36.948070000177225],[-121.55263900037184,36.942899999777829],[-121.5524400001802,36.936960000115718],[-121.5509890000108,36.933270000096883],[-121.5476370003085,36.929193999811353],[-121.54694099999939,36.927861000255376],[-121.54753100000329,36.919054000052874],[-121.54800899985419,36.917390999671213],[-121.54713599999307,36.917375000212182],[-121.54487499971175,36.918853999803218],[-121.5424989998027,36.9192819997551],[-121.54001599976353,36.920764999932352],[-121.53926500010118,36.923184999866542],[-121.54075399990542,36.924628000035909],[-121.54068000028558,36.925541999888871],[-121.53923400013905,36.927302000338337],[-121.53514500011975,36.929700000220414],[-121.53446300005439,36.930932999786144],[-121.52938399999815,36.933471000119539],[-121.52681899994319,36.935746999750656],[-121.52359100008945,36.937089999837511],[-121.52222600013376,36.939691000284149],[-121.51915200026579,36.941972000081044],[-121.51685699964931,36.942558000019474],[-121.51580499968804,36.944331000235877],[-121.51381299991856,36.945155000107718],[-121.51206499964823,36.94803999988995],[-121.51168100040698,36.949342999947916],[-121.51204499955675,36.952674999650142],[-121.51023100006246,36.954052999979076],[-121.51018500003174,36.956019000186018],[-121.51226300001495,36.957996999730078],[-121.5122749997105,36.959035999961884],[-121.50940099985908,36.96003899967166],[-121.50814499968335,36.963648999887774],[-121.50528000005275,36.964215999661754],[-121.5045519999566,36.967846999980232],[-121.50373900036999,36.968298999717263],[-121.50148800013437,36.971895000125052],[-121.48894900008999,36.983147999915978],[-121.4711510000643,36.977973999802408],[-121.47124800014866,36.978648000350169],[-121.47531600025154,36.984107999783511],[-121.48605299959895,37.001222999643858],[-121.48795300020522,37.001640000241672],[-121.48912399999219,37.00609599998905],[-121.49104899981451,37.01004699983438],[-121.49251300040272,37.0119950002195],[-121.49469199976996,37.016473999795977],[-121.49379999964229,37.016029999851533],[-121.49003000036356,37.016620000170541],[-121.48998000013482,37.015329999865308],[-121.48863000024775,37.015140000283246],[-121.48676999982443,37.01356000030809],[-121.48394700002665,37.013062999754723],[-121.48346900017575,37.011605000287254],[-121.48009099963586,37.00777599999094],[-121.47808999964553,37.004829999659421],[-121.47676999989571,37.003990000082482],[-121.47453999957652,37.00422999998635],[-121.47486000014196,37.007629999842244],[-121.46839000019078,37.006859999832898],[-121.46703000025794,37.008759999791501],[-121.46721000018303,37.010230000249585],[-121.46613999978011,37.011210000063322],[-121.4663299997509,37.013280000163725],[-121.46495999977235,37.01446999992887],[-121.46491000044195,37.015569999828728],[-121.46314999957774,37.016460000099073],[-121.46170000013156,37.017990000080125],[-121.45865999970046,37.019890000090797],[-121.45615999994286,37.024490000055565],[-121.45574999986404,37.027459999951219],[-121.45638000005087,37.029959999718059],[-121.45792999995452,37.033179999884446],[-121.45568000044214,37.034020000235472],[-121.45608999962266,37.036639999864263],[-121.45746999964696,37.041179999831989],[-121.45865999970046,37.043220000011779],[-121.46019000041092,37.044270000340738],[-121.46254000038067,37.046710000040591],[-121.46362999997677,37.047209999711093],[-121.46501000000106,37.049199999685882],[-121.46701000016647,37.05316999973693],[-121.46998000027736,37.060070000308791],[-121.471489999998,37.061080000302745],[-121.47302700038114,37.064808999769532],[-121.47479999986751,37.067950000169951],[-121.47696300023954,37.070506000343315],[-121.47798400023864,37.072586999686877],[-121.48126399997092,37.072914999731644],[-121.48336899971834,37.074101000326102],[-121.48470000023713,37.073920999935943],[-121.48841299961447,37.072160000029115],[-121.48970999979809,37.073474000201038],[-121.48865700001194,37.075748000324133],[-121.48908200015939,37.076989999655815],[-121.49503499990163,37.07767400013568],[-121.49832300002983,37.076479999670624],[-121.49889999961492,37.074901999819517],[-121.50046200011244,37.073324999942763],[-121.50229700042138,37.072828999734746],[-121.50682099973552,37.074672000002373],[-121.51218000017425,37.076089999770403],[-121.51402999965353,37.075939999825991],[-121.51792000037949,37.073329999879221],[-121.52140000012832,37.068050000189544],[-121.52238000011955,37.067599999779908],[-121.52178000006994,37.062460000226025],[-121.51944000014589,37.058880000245701],[-121.52071999971275,37.059640999668879],[-121.52061900032872,37.057219000195303],[-121.52304000044363,37.056019999932424],[-121.52483899986926,37.054464000121165],[-121.52712000024208,37.053482000330234],[-121.52793000035399,37.051599999885418],[-121.53619999955575,37.043919999693713],[-121.5419699998982,37.041749999674998],[-121.54795000030295,37.052639999989289],[-121.55893900044373,37.048776000086285],[-121.56228000027539,37.0478899998853],[-121.56041999985207,37.043519999948813],[-121.56138999979753,37.04302000035112],[-121.55811000006524,37.037440000188056],[-121.56804100039702,37.033713000356421],[-121.57082999985964,37.032610000245313],[-121.57167000010875,37.032580000296782],[-121.57428000036953,37.037370000200411],[-121.57634999995683,37.041689999817542],[-121.57629999972812,37.042470000001543],[-121.57531999973689,37.043839999769958],[-121.57529999964541,37.044339999702885],[-121.57736099991017,37.043817000152714],[-121.57809999987698,37.043615000159761],[-121.58587000038487,37.041539999966581],[-121.58591399986747,37.041527999678863],[-121.58604600011196,37.041492000238463],[-121.58608999959458,37.041479999943164]]]},"properties":{"GEOID":"06085512602","STATE":"06","COUNTY":"085","TRACT":"512602","BASENAME":"5126.02","NAME":"Census Tract 5126.02"}},{"type":"Feature","geometry":{"type":"Polygon","coordinates":[[[-121.99950999974051,37.284669999679799],[-121.99851999970353,37.284029999828739],[-121.99446599984435,37.287061999687914],[-121.99439200022452,37.283288999743085],[-121.9943129996835,37.28053600000365],[-121.99435899971424,37.280120000061792],[-121.98967499966818,37.280227000347253],[-121.98960799972104,37.278640999912916],[-121.98949700029131,37.276230999911668],[-121.99427000002578,37.276080000066003],[-121.99410000014647,37.273749000344026],[-121.99366099975532,37.270490999958994],[-121.99065499965941,37.269106000330474],[-121.99081500039129,37.26965899969877],[-121.99063000044339,37.271672999875754],[-121.98914599976369,37.272735999678545],[-121.98532999955589,37.272359000235433],[-121.98292000020999,37.273431000175378],[-121.98208699963352,37.273619000280029],[-121.97810599956928,37.275344999824384],[-121.97755400009854,37.276536000176804],[-121.97667899968931,37.277356000128982],[-121.97660199969641,37.277884999669382],[-121.97727700008912,37.279143000179715],[-121.97739900028785,37.281835999744189],[-121.97658400015307,37.281839000300423],[-121.97663100000874,37.283601000179374],[-121.97662400033605,37.284360999842704],[-121.9766150001152,37.285990000184867],[-121.9766150001152,37.286092999709517],[-121.98238999958222,37.285950000206512],[-121.9831069998077,37.286049000221261],[-121.98411500028635,37.286238000147677],[-121.98446900028867,37.28634399970953],[-121.98541499994469,37.286627000154702],[-121.99214699983671,37.291634999894278],[-121.99525900023782,37.288799000268185],[-121.99634899983391,37.287819999682569],[-121.99950999974051,37.284669999679799]]]},"properties":{"GEOID":"06085506604","STATE":"06","COUNTY":"085","TRACT":"506604","BASENAME":"5066.04","NAME":"Census Tract 5066.04"}},{"type":"Feature","geometry":{"type":"Polygon","coordinates":[[[-121.6590359998155,37.165564999779207],[-121.66325299988131,37.162396000114647],[-121.65850500026117,37.158789000247687],[-121.6567620000137,37.157111999989361],[-121.65257000006225,37.152810000123843],[-121.64531500011353,37.145323999698007],[-121.6411680003679,37.141048999751199],[-121.64106999956032,37.140949999769468],[-121.63635000042758,37.135820000042777],[-121.63375000021254,37.131539999740426],[-121.61542999995503,37.138519999766594],[-121.61277100018877,37.139488999904657],[-121.6072400002209,37.141579999785478],[-121.60639999997176,37.141680000032956],[-121.60460999986863,37.142290000255208],[-121.60395000044288,37.142010000341365],[-121.60047999984147,37.141840000297158],[-121.59741000017148,37.141459999743688],[-121.5942850002499,37.144257999846829],[-121.59340800019083,37.14658399967167],[-121.5914900000412,37.148990000326847],[-121.59070000002077,37.150989999738478],[-121.58517999992355,37.152700000136569],[-121.58194000037425,37.152650000154594],[-121.58182599967313,37.15359999988685],[-121.58504000018146,37.154566999740062],[-121.58725899973169,37.153675999836608],[-121.5899429996123,37.153313000207028],[-121.59515399991302,37.153718000284826],[-121.60391699993261,37.159820999759248],[-121.61300999966504,37.161974999732465],[-121.61945700005003,37.169270000104206],[-121.62144999964444,37.170066999648775],[-121.62204999969406,37.169477000291948],[-121.62473299974975,37.167942999876686],[-121.62536399976152,37.167101999899906],[-121.63331599984427,37.167054000213916],[-121.63233000000528,37.165488000268098],[-121.6335629997165,37.165036000059445],[-121.63314000011718,37.164629999692899],[-121.63753999958277,37.164899999657649],[-121.64213999996321,37.164200000329622],[-121.64498000037776,37.164370000220444],[-121.64625200044701,37.165921999676279],[-121.64807799963685,37.166471999895037],[-121.64957700038518,37.168336000062787],[-121.6518050001562,37.168897000049704],[-121.65521899978278,37.164985999645403],[-121.6590359998155,37.165564999779207]]]},"properties":{"GEOID":"06085512308","STATE":"06","COUNTY":"085","TRACT":"512308","BASENAME":"5123.08","NAME":"Census Tract 5123.08"}},{"type":"Feature","geometry":{"type":"Polygon","coordinates":[[[-121.88587599989145,37.347191000191806],[-121.88322200014805,37.343627999996478],[-121.88103799985963,37.340693000110349],[-121.87714999968179,37.342541999745748],[-121.8738749999724,37.344095000135788],[-121.87425999993684,37.345294000249375],[-121.87351199974924,37.350182000055419],[-121.87417600027126,37.352225000061864],[-121.87417700009618,37.352766000171179],[-121.87549000017333,37.352123000162742],[-121.87829100022982,37.350792000138107],[-121.88108899991326,37.349463000319467],[-121.88295699983419,37.348575999736447],[-121.88587599989145,37.347191000191806]]]},"properties":{"GEOID":"06085501200","STATE":"06","COUNTY":"085","TRACT":"501200","BASENAME":"5012","NAME":"Census Tract 5012"}},{"type":"Feature","geometry":{"type":"Polygon","coordinates":[[[-121.88103799985963,37.340693000110349],[-121.87860699969897,37.337431000207523],[-121.87752899979849,37.335985000106845],[-121.87538100039338,37.333101999783544],[-121.87150499991112,37.334937999744582],[-121.86875800028132,37.336263999703455],[-121.86832100043831,37.337038999652833],[-121.86994699961159,37.337917000146355],[-121.87057199977555,37.340457999644308],[-121.87113300036546,37.342130999967608],[-121.8738749999724,37.344095000135788],[-121.87714999968179,37.342541999745748],[-121.88103799985963,37.340693000110349]]]},"properties":{"GEOID":"06085501300","STATE":"06","COUNTY":"085","TRACT":"501300","BASENAME":"5013","NAME":"Census Tract 5013"}},{"type":"Feature","geometry":{"type":"Polygon","coordinates":[[[-122.03950000030802,37.293690000202993],[-122.04002800038765,37.293778000222432],[-122.03717000042973,37.290800000154327],[-122.03247999963762,37.288359999899605],[-122.02310999989572,37.284062999975319],[-122.02071999974298,37.28295999988174],[-122.01443999976257,37.280079999822519],[-122.01053800023936,37.278242000134924],[-122.00986200002174,37.278496999839298],[-122.00931700022372,37.278665999649469],[-122.00897699956677,37.279469000351092],[-122.00627900034077,37.28224100013415],[-122.00610899956314,37.283593999998203],[-122.00596200014834,37.284088000055107],[-122.00587900030769,37.28424200002042],[-122.00580999981239,37.284648000237581],[-122.00570000020754,37.285142999711489],[-122.00587900030769,37.285481999738103],[-122.00592600016334,37.285533000274086],[-122.00607799960099,37.285638000217652],[-122.00625599987623,37.285966999806803],[-122.00627000011993,37.286104999825426],[-122.00615299994406,37.286367999859266],[-122.00602900009551,37.286461999895714],[-122.00553399962787,37.286702999840372],[-122.00524499992285,37.286806999699721],[-122.00501700031725,37.286923000115394],[-122.00470199977465,37.287292999679622],[-122.00283399985372,37.291801000058861],[-122.00343300007845,37.293081000057107],[-122.00468000003336,37.293109999903578],[-122.00768500030433,37.293247999685299],[-122.00774499968047,37.293280000282074],[-122.00785199981058,37.293337999810461],[-122.0149569999715,37.293564999949695],[-122.01779300018811,37.293664999740159],[-122.02364999967087,37.293825000271816],[-122.02597799989935,37.293869000215473],[-122.02803599979109,37.293889000246274],[-122.03169899983801,37.294056000224771],[-122.03226399972755,37.293964999743288],[-122.03950000030802,37.293690000202993]]]},"properties":{"GEOID":"06085507401","STATE":"06","COUNTY":"085","TRACT":"507401","BASENAME":"5074.01","NAME":"Census Tract 5074.01"}},{"type":"Feature","geometry":{"type":"Polygon","coordinates":[[[-121.98380999978949,37.237391999836319],[-121.98620499996511,37.235754000080703],[-121.9818590000279,37.234449000077952],[-121.98422300024139,37.231077999857064],[-121.97912999994143,37.227859999999971],[-121.97499900008935,37.226525000281022],[-121.97399599963359,37.227747000000129],[-121.97067099969546,37.234545000284001],[-121.96883799993464,37.238214999915996],[-121.96697400021168,37.240725999861816],[-121.96163200038968,37.24563899972248],[-121.96638099983475,37.247181999879182],[-121.96910499989833,37.245766000327016],[-121.97047200040215,37.244107000077911],[-121.96978399959067,37.240134000248048],[-121.97131400030111,37.23869299973552],[-121.97254000033965,37.241780000199874],[-121.97431000035127,37.239319999981149],[-121.97687000038333,37.239660000153059],[-121.97701000012542,37.238440000029087],[-121.97960100011963,37.237117000313113],[-121.98379999974375,37.238480000217301],[-121.98212799964142,37.24099900025783],[-121.98532799990605,37.239996000356001],[-121.98586600003141,37.238410999861493],[-121.98380999978949,37.237391999836319]]]},"properties":{"GEOID":"06085507100","STATE":"06","COUNTY":"085","TRACT":"507100","BASENAME":"5071","NAME":"Census Tract 5071"}},{"type":"Feature","geometry":{"type":"Polygon","coordinates":[[[-122.06871000007384,37.333570000351635],[-122.06853400034673,37.333575000219881],[-122.06540299967905,37.333606000109739],[-122.06384100007988,37.33323699980712],[-122.06106000011486,37.332319999995931],[-122.06064300036333,37.332116000265358],[-122.0567800002999,37.329179999775342],[-122.05548999978893,37.32788000035265],[-122.05429999973545,37.326149999948761],[-122.05279000001481,37.322810000210829],[-122.04605999977261,37.322780000269816],[-122.04663999973073,37.32404000033889],[-122.04951000028252,37.324890000256062],[-122.05051000036522,37.329069999733697],[-122.05051000036522,37.331140000009711],[-122.04725999987186,37.332479999705136],[-122.04739100029141,37.334011000306624],[-122.0448260002365,37.33419999969886],[-122.0436949997342,37.334204000274163],[-122.04145000024472,37.33421000006539],[-122.03244000035296,37.334239999728439],[-122.03239000012425,37.337609999652912],[-122.03673000021369,37.337569999989427],[-122.03975999970071,37.337579999907291],[-122.04030200002403,37.337579999907291],[-122.04150999962089,37.337569999989427],[-122.04311999979895,37.337560000070226],[-122.04370800015299,37.337553999832394],[-122.04486700024437,37.337543999911063],[-122.05006000010343,37.33754000022784],[-122.05053399975635,37.33754000022784],[-122.05495000001379,37.337519999665872],[-122.05788999998745,37.337519999665872],[-122.05958399983109,37.337530000304639],[-122.05973000031929,37.337530000304639],[-122.0623999999562,37.33754000022784],[-122.06722000044468,37.337528999669424],[-122.06779600020485,37.337892000104269],[-122.06871000007384,37.337969999950964],[-122.06817000029866,37.336590000151503],[-122.06818100016933,37.335453000044438],[-122.06851500008014,37.334190000045282],[-122.06871000007384,37.333570000351635]]]},"properties":{"GEOID":"06085507805","STATE":"06","COUNTY":"085","TRACT":"507805","BASENAME":"5078.05","NAME":"Census Tract 5078.05"}},{"type":"Feature","geometry":{"type":"Polygon","coordinates":[[[-122.08157200015843,37.295341999766833],[-122.0805720000757,37.294441999778975],[-122.08097200010879,37.291842000314375],[-122.07987199956868,37.28824199983103],[-122.07787200030157,37.287941999877255],[-122.0781009997321,37.286130999831677],[-122.06856899960852,37.289158000121269],[-122.06647200025705,37.289342000148466],[-122.06597199976653,37.286341999934905],[-122.06575000000868,37.286310999848439],[-122.06403500024864,37.28607700002857],[-122.05798200004895,37.286478000209527],[-122.05492400007449,37.286418999794776],[-122.0547120003624,37.286392000001406],[-122.04888000009566,37.285300000080227],[-122.04819999968008,37.286250000240408],[-122.04817999958861,37.287549999907561],[-122.04742999975119,37.289220000079702],[-122.04492999999356,37.291239999687342],[-122.043820000306,37.293739999674429],[-122.04072999964617,37.293799999853846],[-122.04002800038765,37.293778000222432],[-122.04157499991821,37.296977999990446],[-122.04327999963252,37.300980000232911],[-122.04600899971898,37.307273999733773],[-122.04963999997885,37.315550000333047],[-122.05883999984144,37.315530000346932],[-122.05918999964581,37.314269999779277],[-122.06062999994457,37.313609999762704],[-122.06337999994743,37.312709999754794],[-122.06404899959401,37.312955999726746],[-122.06309100024244,37.311206999990759],[-122.06382699983617,37.308327000164908],[-122.06514099973823,37.309025000108853],[-122.0679130003807,37.306931999743398],[-122.06801600031287,37.305970000141102],[-122.06961800009503,37.306060000049392],[-122.07066000001053,37.307491000337556],[-122.07216899990625,37.306100999678122],[-122.07399900019236,37.305845000288329],[-122.07516199958336,37.300838000136615],[-122.07558099988303,37.300403999921521],[-122.07525100017014,37.298375999879177],[-122.07867200036773,37.295841999871556],[-122.08157200015843,37.295341999766833]]]},"properties":{"GEOID":"06085507702","STATE":"06","COUNTY":"085","TRACT":"507702","BASENAME":"5077.02","NAME":"Census Tract 5077.02"}},{"type":"Feature","geometry":{"type":"Polygon","coordinates":[[[-121.9687299999796,37.359020000296816],[-121.96867999975089,37.352279999928911],[-121.9649000004264,37.352269999826248],[-121.959350000192,37.352279999928911],[-121.95943999970535,37.355759999748308],[-121.95947999988833,37.359030000214268],[-121.95944999975109,37.361020000111743],[-121.95945999979682,37.363489999792506],[-121.96528000036801,37.36601999992569],[-121.96565000026385,37.364900000255915],[-121.96683000027163,37.363489999792506],[-121.96817000011296,37.36179000003883],[-121.9687299999796,37.359020000296816]]]},"properties":{"GEOID":"06085505303","STATE":"06","COUNTY":"085","TRACT":"505303","BASENAME":"5053.03","NAME":"Census Tract 5053.03"}},{"type":"Feature","geometry":{"type":"Polygon","coordinates":[[[-121.86069800024354,37.357988000224132],[-121.8590560002784,37.356314000093093],[-121.85546500020148,37.352735000334938],[-121.85112599993697,37.354891999838244],[-121.84918900041905,37.355812000134989],[-121.8468190003578,37.356937000229735],[-121.8482770001999,37.358899999755486],[-121.84921199998529,37.359729000067475],[-121.85282800017652,37.363432999705722],[-121.85480700042555,37.362090000189824],[-121.85542900021647,37.361665999816474],[-121.85770200019337,37.360126000227375],[-121.86069800024354,37.357988000224132]]]},"properties":{"GEOID":"06085503707","STATE":"06","COUNTY":"085","TRACT":"503707","BASENAME":"5037.07","NAME":"Census Tract 5037.07"}},{"type":"Feature","geometry":{"type":"Polygon","coordinates":[[[-121.86484599981402,37.344041999654365],[-121.86226300021576,37.341386000090225],[-121.86122399977498,37.340401999804683],[-121.85996099992657,37.339049999776996],[-121.85715700039533,37.336268000168829],[-121.85195799979017,37.339492000307452],[-121.85465699973942,37.342196999963647],[-121.85753399996386,37.345066999891706],[-121.85917299955595,37.346812999897431],[-121.86042500043204,37.346196000269181],[-121.86484599981402,37.344041999654365]]]},"properties":{"GEOID":"06085501501","STATE":"06","COUNTY":"085","TRACT":"501501","BASENAME":"5015.01","NAME":"Census Tract 5015.01"}},{"type":"Feature","geometry":{"type":"Polygon","coordinates":[[[-121.87057199977555,37.340457999644308],[-121.86994699961159,37.337917000146355],[-121.86832100043831,37.337038999652833],[-121.86690100023105,37.332099999660862],[-121.86695599958432,37.331522999912728],[-121.86826100016386,37.329512999731236],[-121.86515999963339,37.331384999657942],[-121.85715700039533,37.336268000168829],[-121.85996099992657,37.339049999776996],[-121.86122399977498,37.340401999804683],[-121.86226300021576,37.341386000090225],[-121.86484599981402,37.344041999654365],[-121.87057199977555,37.340457999644308]]]},"properties":{"GEOID":"06085501502","STATE":"06","COUNTY":"085","TRACT":"501502","BASENAME":"5015.02","NAME":"Census Tract 5015.02"}},{"type":"Feature","geometry":{"type":"Polygon","coordinates":[[[-121.87425999993684,37.345294000249375],[-121.8738749999724,37.344095000135788],[-121.86773800010711,37.347000000335655],[-121.8641339996114,37.348716999858205],[-121.86172799956515,37.34976199999717],[-121.86623199968614,37.35406900000195],[-121.87072400011151,37.357913000126572],[-121.87380399982726,37.35970400014719],[-121.8736230000773,37.358425000311385],[-121.87417700009618,37.352766000171179],[-121.87417600027126,37.352225000061864],[-121.87351199974924,37.350182000055419],[-121.87425999993684,37.345294000249375]]]},"properties":{"GEOID":"06085501401","STATE":"06","COUNTY":"085","TRACT":"501401","BASENAME":"5014.01","NAME":"Census Tract 5014.01"}},{"type":"Feature","geometry":{"type":"Polygon","coordinates":[[[-121.8738749999724,37.344095000135788],[-121.87113300036546,37.342130999967608],[-121.87057199977555,37.340457999644308],[-121.86484599981402,37.344041999654365],[-121.86042500043204,37.346196000269181],[-121.85917299955595,37.346812999897431],[-121.86172799956515,37.34976199999717],[-121.8641339996114,37.348716999858205],[-121.86773800010711,37.347000000335655],[-121.8738749999724,37.344095000135788]]]},"properties":{"GEOID":"06085501402","STATE":"06","COUNTY":"085","TRACT":"501402","BASENAME":"5014.02","NAME":"Census Tract 5014.02"}},{"type":"Feature","geometry":{"type":"Polygon","coordinates":[[[-122.03242000026145,37.35203999995354],[-122.03243000030722,37.346639999760839],[-122.03242000026145,37.344784999957696],[-122.03240000016999,37.339939999712804],[-122.03239299959895,37.339446000131119],[-122.03239000012425,37.338219999737994],[-122.03239000012425,37.337609999652912],[-122.0304369998145,37.337631000110484],[-122.01962099992608,37.337703999921004],[-122.01832999959022,37.337710000146856],[-122.01833999963596,37.338489999715996],[-122.02278000018283,37.33854999989677],[-122.02253999998334,37.34339999975883],[-122.02165000040378,37.344820000229937],[-122.02147999962617,37.346739999657203],[-122.02084000029188,37.346739999657203],[-122.02052999977217,37.34866999984704],[-122.02013999978485,37.352100000019334],[-122.02203000034538,37.35203999995354],[-122.02354000006605,37.352050000086827],[-122.02601999973216,37.352079999764676],[-122.03242000026145,37.35203999995354]]]},"properties":{"GEOID":"06085508203","STATE":"06","COUNTY":"085","TRACT":"508203","BASENAME":"5082.03","NAME":"Census Tract 5082.03"}},{"type":"Feature","geometry":{"type":"Polygon","coordinates":[[[-121.97662099996299,37.29379500019806],[-121.97659800039676,37.290779000188607],[-121.97659900022168,37.289825999796093],[-121.97659900022168,37.289328999986537],[-121.97660199969641,37.288919999737125],[-121.9766150001152,37.286092999709517],[-121.9766150001152,37.285990000184867],[-121.97416399986311,37.286094000314847],[-121.96799000018791,37.286379999931263],[-121.96746700013117,37.286500999716679],[-121.96582500016605,37.286701000075347],[-121.96070599992683,37.28695999993927],[-121.96057000038272,37.288379999965571],[-121.96065700042134,37.290880999762933],[-121.9608299997754,37.294310000161687],[-121.96849999982585,37.294169999902998],[-121.9708079999628,37.294079000274024],[-121.97289000014401,37.293867999713534],[-121.97662099996299,37.29379500019806]]]},"properties":{"GEOID":"06085506606","STATE":"06","COUNTY":"085","TRACT":"506606","BASENAME":"5066.06","NAME":"Census Tract 5066.06"}},{"type":"Feature","geometry":{"type":"Polygon","coordinates":[[[-121.99081500039129,37.26965899969877],[-121.99065499965941,37.269106000330474],[-121.98519999985955,37.266610999840516],[-121.98496200020818,37.266509000257535],[-121.9817829998599,37.265035000209629],[-121.98033000004068,37.26474999973199],[-121.97908399991067,37.264897000165746],[-121.974861999822,37.265204000214219],[-121.9735599996155,37.265170000209977],[-121.97303999993181,37.265840000072586],[-121.97220999972843,37.269100000347372],[-121.97161999972455,37.272110000212685],[-121.97096000029879,37.276999999761586],[-121.97132000014889,37.277340000020061],[-121.97632100038734,37.277365000188709],[-121.97667899968931,37.277356000128982],[-121.97755400009854,37.276536000176804],[-121.97810599956928,37.275344999824384],[-121.98208699963352,37.273619000280029],[-121.98292000020999,37.273431000175378],[-121.98532999955589,37.272359000235433],[-121.98914599976369,37.272735999678545],[-121.99063000044339,37.271672999875754],[-121.99081500039129,37.26965899969877]]]},"properties":{"GEOID":"06085506701","STATE":"06","COUNTY":"085","TRACT":"506701","BASENAME":"5067.01","NAME":"Census Tract 5067.01"}},{"type":"Feature","geometry":{"type":"Polygon","coordinates":[[[-121.92300099993005,37.455295999694641],[-121.92267100021719,37.453644999786022],[-121.91989799974978,37.440032000343571],[-121.91464399979137,37.439975999944707],[-121.91443700010211,37.440696999914643],[-121.91460399960839,37.445904000200109],[-121.91399299968811,37.445703000210742],[-121.91084699985015,37.445901999681261],[-121.90862099972891,37.446259999696906],[-121.90893200007353,37.446667999777645],[-121.91038200041804,37.452510000001332],[-121.91148899973255,37.457493000068929],[-121.91198800039815,37.459535999769592],[-121.91265200002188,37.460649999654322],[-121.91726499992279,37.458391000039789],[-121.92300099993005,37.455295999694641]]]},"properties":{"GEOID":"06085504506","STATE":"06","COUNTY":"085","TRACT":"504506","BASENAME":"5045.06","NAME":"Census Tract 5045.06"}},{"type":"Feature","geometry":{"type":"Polygon","coordinates":[[[-121.91989799974978,37.440032000343571],[-121.91905800039896,37.435517000045479],[-121.9182010004314,37.430065999890303],[-121.91638299984086,37.425772000259826],[-121.91064799965849,37.427542000210664],[-121.90900800024154,37.430319999992278],[-121.90738600036789,37.431356000148511],[-121.90605800022212,37.431699999981994],[-121.90835799996317,37.440753999745539],[-121.90917899994574,37.442581999727359],[-121.90662499976148,37.444653999997882],[-121.90862099972891,37.446259999696906],[-121.91084699985015,37.445901999681261],[-121.91399299968811,37.445703000210742],[-121.91460399960839,37.445904000200109],[-121.91443700010211,37.440696999914643],[-121.91464399979137,37.439975999944707],[-121.91989799974978,37.440032000343571]]]},"properties":{"GEOID":"06085504507","STATE":"06","COUNTY":"085","TRACT":"504507","BASENAME":"5045.07","NAME":"Census Tract 5045.07"}},{"type":"Feature","geometry":{"type":"Polygon","coordinates":[[[-122.01424999979176,37.330399999763209],[-122.01425999983753,37.322870000056938],[-122.01410000000394,37.322870000056938],[-122.00649000022796,37.322950000015275],[-122.00337000032924,37.322929999855077],[-122.00093900016861,37.322929999855077],[-121.99986000044319,37.322940000293009],[-121.99569100005796,37.322940000293009],[-121.99572700004296,37.323099999975597],[-121.99599800020462,37.324640999774246],[-121.99541700042158,37.330496999811984],[-121.9953899997591,37.331280000008597],[-121.99559399997356,37.337205000290538],[-121.99554000044522,37.337869999803189],[-122.00238600014008,37.3378009998236],[-122.00536999959633,37.337770000236503],[-122.00710000032332,37.337770000236503],[-122.00833399985946,37.337690000344402],[-122.01416000027839,37.337739999840551],[-122.01421999965456,37.331939999856615],[-122.01424999979176,37.330399999763209]]]},"properties":{"GEOID":"06085508102","STATE":"06","COUNTY":"085","TRACT":"508102","BASENAME":"5081.02","NAME":"Census Tract 5081.02"}},{"type":"Feature","geometry":{"type":"Polygon","coordinates":[[[-121.91292599965827,37.415551999662554],[-121.91104000019398,37.410113000322426],[-121.9089010001114,37.401725000108677],[-121.90563300007469,37.404322000029424],[-121.90286299998036,37.404406999687168],[-121.89781800025928,37.404271000188508],[-121.8958209995686,37.403740999828692],[-121.89225999962892,37.403411000161356],[-121.89143600017162,37.40337300011501],[-121.88787600005683,37.406952000264994],[-121.88886299972079,37.407575000137456],[-121.8940890000901,37.410173999988771],[-121.89427800023601,37.410265000275963],[-121.90187700014134,37.414226000059372],[-121.90407599960005,37.415328999785082],[-121.90506900001007,37.415586999743034],[-121.91081199969004,37.415801999980445],[-121.91292599965827,37.415551999662554]]]},"properties":{"GEOID":"06085504505","STATE":"06","COUNTY":"085","TRACT":"504505","BASENAME":"5045.05","NAME":"Census Tract 5045.05"}},{"type":"Feature","geometry":{"type":"Polygon","coordinates":[[[-121.84301300019573,37.37007700013887],[-121.83977399957301,37.366794999749828],[-121.83868800017488,37.365776000011891],[-121.83595999991334,37.362974999716656],[-121.83519199963423,37.362333999951844],[-121.82792800036297,37.365736999905316],[-121.82862499959865,37.36649499984626],[-121.83164099974029,37.370035999722262],[-121.83196799997845,37.370465999668298],[-121.83222300024657,37.370826000201411],[-121.8325279998451,37.371219000161538],[-121.83336200024644,37.37226799968073],[-121.83560900028405,37.375109999800671],[-121.84301300019573,37.37007700013887]]]},"properties":{"GEOID":"06085503903","STATE":"06","COUNTY":"085","TRACT":"503903","BASENAME":"5039.03","NAME":"Census Tract 5039.03"}},{"type":"Feature","geometry":{"type":"Polygon","coordinates":[[[-121.99599800020462,37.324640999774246],[-121.99572700004296,37.323099999975597],[-121.99569100005796,37.322940000293009],[-121.99251799955746,37.322961999965997],[-121.99203999970662,37.322970000170145],[-121.9872800003909,37.323000000035314],[-121.98381999983526,37.323020000176882],[-121.98238000043482,37.323040000313128],[-121.97548000031331,37.323059999729672],[-121.97543000008459,37.323219999871085],[-121.97483000003494,37.326550000002378],[-121.9748400000807,37.329949999842974],[-121.98034000008643,37.329879999708361],[-121.98085999977009,37.32993000011728],[-121.98263999982748,37.330079999715814],[-121.9860900003374,37.330380000157369],[-121.98768000042396,37.330630000205446],[-121.98937000006968,37.331479999860555],[-121.99116600002058,37.331539999926591],[-121.9953899997591,37.331280000008597],[-121.99541700042158,37.330496999811984],[-121.99599800020462,37.324640999774246]]]},"properties":{"GEOID":"06085506103","STATE":"06","COUNTY":"085","TRACT":"506103","BASENAME":"5061.03","NAME":"Census Tract 5061.03"}},{"type":"Feature","geometry":{"type":"Polygon","coordinates":[[[-121.99569100005796,37.322940000293009],[-121.99555899981351,37.322469000294888],[-121.99548500019364,37.32065199985729],[-121.98965299992689,37.318190999838613],[-121.98406900025559,37.317967999739871],[-121.9802129998648,37.317972999931946],[-121.97758400023578,37.317817000069397],[-121.97502599985354,37.317085999660989],[-121.97243200038459,37.320151000245652],[-121.97165599970955,37.321077999958426],[-121.97001000044477,37.323109999676525],[-121.97273799980805,37.323079999855267],[-121.97548000031331,37.323059999729672],[-121.98238000043482,37.323040000313128],[-121.98381999983526,37.323020000176882],[-121.9872800003909,37.323000000035314],[-121.99203999970662,37.322970000170145],[-121.99251799955746,37.322961999965997],[-121.99569100005796,37.322940000293009]]]},"properties":{"GEOID":"06085506203","STATE":"06","COUNTY":"085","TRACT":"506203","BASENAME":"5062.03","NAME":"Census Tract 5062.03"}},{"type":"Feature","geometry":{"type":"Polygon","coordinates":[[[-121.99569000023304,37.310724999861641],[-121.99594999962575,37.309572999782453],[-121.9934130000582,37.30950400025197],[-121.99281499965841,37.308624999666407],[-121.99248900014346,37.308562999982534],[-121.98590100019149,37.308589999678262],[-121.98494799996448,37.308589999678262],[-121.98227400012959,37.308603000084034],[-121.97766600025155,37.308129999647022],[-121.97740000011277,37.309834000074289],[-121.97732200029495,37.311409000219925],[-121.97712899995111,37.313225999762587],[-121.97594399992047,37.315892999910417],[-121.97502599985354,37.317085999660989],[-121.97758400023578,37.317817000069397],[-121.9802129998648,37.317972999931946],[-121.98406900025559,37.317967999739871],[-121.98965299992689,37.318190999838613],[-121.99548500019364,37.32065199985729],[-121.99547500014792,37.315830000294937],[-121.99569000023304,37.310724999861641]]]},"properties":{"GEOID":"06085506204","STATE":"06","COUNTY":"085","TRACT":"506204","BASENAME":"5062.04","NAME":"Census Tract 5062.04"}},{"type":"Feature","geometry":{"type":"Polygon","coordinates":[[[-121.97243200038459,37.320151000245652],[-121.97502599985354,37.317085999660989],[-121.97133100001956,37.316240999658795],[-121.96973000006231,37.316192999838577],[-121.96928300017356,37.316195999738937],[-121.96398800020725,37.316381999757226],[-121.96066900011691,37.316314000249477],[-121.95722399962987,37.316315999941693],[-121.95470200013095,37.316547000114156],[-121.95230199993246,37.316723000143291],[-121.95011900036727,37.31668300007545],[-121.95013199988774,37.319201000311658],[-121.95017999956833,37.323219999871085],[-121.95749999981439,37.323190000093746],[-121.95978000036229,37.323179999689089],[-121.96416999978214,37.323140000200183],[-121.96605000029693,37.323140000200183],[-121.97001000044477,37.323109999676525],[-121.97165599970955,37.321077999958426],[-121.97243200038459,37.320151000245652]]]},"properties":{"GEOID":"06085506301","STATE":"06","COUNTY":"085","TRACT":"506301","BASENAME":"5063.01","NAME":"Census Tract 5063.01"}},{"type":"Feature","geometry":{"type":"Polygon","coordinates":[[[-122.06363799969029,37.346967999751406],[-122.06519199979188,37.34315000007453],[-122.06205699982453,37.338075000248558],[-122.0623999999562,37.33754000022784],[-122.05973000031929,37.337530000304639],[-122.05958399983109,37.337530000304639],[-122.05788999998745,37.337519999665872],[-122.05495000001379,37.337519999665872],[-122.05053399975635,37.33754000022784],[-122.05006000010343,37.33754000022784],[-122.05000999987469,37.344809999847769],[-122.05049000027375,37.348710000025548],[-122.05053999960413,37.352070000349421],[-122.05503000037972,37.352070000349421],[-122.05996999962046,37.35203999995354],[-122.06060999985307,37.35203999995354],[-122.06307899964854,37.352053999711302],[-122.06469600039763,37.348950999703739],[-122.06363799969029,37.346967999751406]]]},"properties":{"GEOID":"06085508301","STATE":"06","COUNTY":"085","TRACT":"508301","BASENAME":"5083.01","NAME":"Census Tract 5083.01"}},{"type":"Feature","geometry":{"type":"Polygon","coordinates":[[[-122.05053999960413,37.352070000349421],[-122.05049000027375,37.348710000025548],[-122.05000999987469,37.344809999847769],[-122.05006000010343,37.33754000022784],[-122.04486700024437,37.337543999911063],[-122.04370800015299,37.337553999832394],[-122.04311999979895,37.337560000070226],[-122.04150999962089,37.337569999989427],[-122.0414979999253,37.341180000239575],[-122.04151999966662,37.342230000297036],[-122.04151999966662,37.342990000239759],[-122.04151999966662,37.344789999793527],[-122.0415399997581,37.352070000349421],[-122.05053999960413,37.352070000349421]]]},"properties":{"GEOID":"06085508303","STATE":"06","COUNTY":"085","TRACT":"508303","BASENAME":"5083.03","NAME":"Census Tract 5083.03"}},{"type":"Feature","geometry":{"type":"Polygon","coordinates":[[[-121.99564000000436,37.345470000076425],[-121.9956080002173,37.341463000010684],[-121.99556999968414,37.339600000300109],[-121.99554000044522,37.337869999803189],[-121.98744000022447,37.337879999681114],[-121.98260999969025,37.337919999893742],[-121.97899600004712,37.337936999888363],[-121.97891499985627,37.337936999888363],[-121.97885399975689,37.337936999888363],[-121.97882199996987,37.337936999888363],[-121.97877699976402,37.337936999888363],[-121.97681000010887,37.338400000069257],[-121.97763000026654,37.340539999920892],[-121.97769999968841,37.346599999907774],[-121.98199000044747,37.346599999907774],[-121.98319999969414,37.346589999762678],[-121.98493999956855,37.34581000005101],[-121.98564000007561,37.345409999711023],[-121.98934999997822,37.345140000330126],[-121.99338000044624,37.345070000067679],[-121.99351400034054,37.345087999692517],[-121.99564000000436,37.345470000076425]]]},"properties":{"GEOID":"06085505403","STATE":"06","COUNTY":"085","TRACT":"505403","BASENAME":"5054.03","NAME":"Census Tract 5054.03"}},{"type":"Feature","geometry":{"type":"Polygon","coordinates":[[[-121.97027999988322,37.342810000196678],[-121.96975000015381,37.340629999860035],[-121.96660000011786,37.341619999928504],[-121.96424000010232,37.342360000343902],[-121.96011000007516,37.343629999676004],[-121.95928999991752,37.343680000216835],[-121.95451999965778,37.344210000189292],[-121.95336499976435,37.345506999658916],[-121.95121999983401,37.346339999986618],[-121.95220999987095,37.34816999974548],[-121.95436999986993,37.347400000060887],[-121.95712999991852,37.352279999928911],[-121.959350000192,37.352279999928911],[-121.9649000004264,37.352269999826248],[-121.96867999975089,37.352279999928911],[-121.96865999965941,37.346320000339951],[-121.97027999988322,37.342810000196678]]]},"properties":{"GEOID":"06085505500","STATE":"06","COUNTY":"085","TRACT":"505500","BASENAME":"5055","NAME":"Census Tract 5055"}},{"type":"Feature","geometry":{"type":"Polygon","coordinates":[[[-121.95517999998185,37.3534100000942],[-121.95451999965778,37.352279999928911],[-121.95370000039843,37.351039999890105],[-121.95139999975905,37.351860000182484],[-121.94963999979313,37.351349999677723],[-121.94979999962672,37.349020000150666],[-121.94718000021851,37.344359999839192],[-121.94596000002778,37.34480000017841],[-121.94245000014172,37.346030000222413],[-121.93972000023035,37.346970000056146],[-121.94185000009212,37.347359999898607],[-121.94345000022444,37.350159999784204],[-121.93723999966593,37.352129999677182],[-121.93755299966035,37.35398399968436],[-121.94383000016605,37.35668299982872],[-121.94646999966574,37.355819999696962],[-121.95119999974251,37.354130000288144],[-121.95517999998185,37.3534100000942]]]},"properties":{"GEOID":"06085505600","STATE":"06","COUNTY":"085","TRACT":"505600","BASENAME":"5056","NAME":"Census Tract 5056"}},{"type":"Feature","geometry":{"type":"Polygon","coordinates":[[[-121.95025999993426,37.330656999832293],[-121.9502499998885,37.329900000161622],[-121.95022599959907,37.328472000131654],[-121.9501999996598,37.327363000169107],[-121.95019600036015,37.326968999812664],[-121.95022399994926,37.325402999981655],[-121.95017999956833,37.323399999712287],[-121.95017999956833,37.323219999871085],[-121.94784600039037,37.323282999721677],[-121.94708899998191,37.323380999781172],[-121.94666999968226,37.323366000283343],[-121.94083099974283,37.323306000118876],[-121.94055200008357,37.323280000104177],[-121.94075200010009,37.327177000182175],[-121.94074000040453,37.329163999974107],[-121.94048199976336,37.330246000017709],[-121.93933400044097,37.332075999819089],[-121.93635400028435,37.334351000020433],[-121.93315099964664,37.336833000020761],[-121.93035100031338,37.339119999937402],[-121.93124199971784,37.339898999972348],[-121.93208199996695,37.338488999807801],[-121.93303799966874,37.337750999653821],[-121.93393200034454,37.33799100030793],[-121.93424500033899,37.337772000072022],[-121.93443399958655,37.33788300014421],[-121.93457900024983,37.338004999828428],[-121.93484299984047,37.337864000304357],[-121.9352529999193,37.337690000344402],[-121.93526499961487,37.337841999995064],[-121.93570099963296,37.337841000078249],[-121.93795900043955,37.337944000011063],[-121.93822999970288,37.338400000069257],[-121.93941999975638,37.337950000217788],[-121.93957000044253,37.337900000147208],[-121.94346000027018,37.33765000000929],[-121.95016000037515,37.338066000310434],[-121.95021999975128,37.337330000132738],[-121.95019100033728,37.334114999743832],[-121.95025999993426,37.330656999832293]]]},"properties":{"GEOID":"06085505800","STATE":"06","COUNTY":"085","TRACT":"505800","BASENAME":"5058","NAME":"Census Tract 5058"}},{"type":"Feature","geometry":{"type":"Polygon","coordinates":[[[-121.92266600019433,37.242630000048017],[-121.92270999967693,37.240221000158996],[-121.92261099994273,37.2361869999148],[-121.91668599978958,37.23622699986813],[-121.91122099994396,37.236309999936047],[-121.9035230003044,37.2363629998368],[-121.90347600044873,37.239057999887805],[-121.90379600011589,37.240135999819692],[-121.9067610002039,37.244261000299069],[-121.90955100038974,37.248200999838211],[-121.91054300007652,37.250729999642779],[-121.91307999964404,37.250739999669996],[-121.91725099967908,37.250658000122463],[-121.92221400028271,37.250601000244849],[-121.92267600024006,37.247086999728815],[-121.92265399960043,37.243487999683047],[-121.92266600019433,37.242630000048017]]]},"properties":{"GEOID":"06085506803","STATE":"06","COUNTY":"085","TRACT":"506803","BASENAME":"5068.03","NAME":"Census Tract 5068.03"}},{"type":"Feature","geometry":{"type":"Polygon","coordinates":[[[-122.05051000036522,37.331140000009711],[-122.05051000036522,37.329069999733697],[-122.04951000028252,37.324890000256062],[-122.04663999973073,37.32404000033889],[-122.04605999977261,37.322780000269816],[-122.04152999971235,37.322799999755595],[-122.03237000003274,37.322799999755595],[-122.0323800000785,37.330220000261448],[-122.03244000035296,37.334239999728439],[-122.04145000024472,37.33421000006539],[-122.0436949997342,37.334204000274163],[-122.0448260002365,37.33419999969886],[-122.04739100029141,37.334011000306624],[-122.04725999987186,37.332479999705136],[-122.05051000036522,37.331140000009711]]]},"properties":{"GEOID":"06085507806","STATE":"06","COUNTY":"085","TRACT":"507806","BASENAME":"5078.06","NAME":"Census Tract 5078.06"}},{"type":"Feature","geometry":{"type":"Polygon","coordinates":[[[-122.04963999997885,37.315550000333047],[-122.04600899971898,37.307273999733773],[-122.04499299974275,37.307528999654444],[-122.0414540004427,37.309640000094383],[-122.03919999983405,37.310240999646503],[-122.03414199969421,37.309756000311921],[-122.0330909995579,37.308244000143844],[-122.03293900012024,37.308244000143844],[-122.03226100025282,37.308240999926156],[-122.0324710003151,37.312242000007927],[-122.03226899975041,37.312229000231369],[-122.03233999989551,37.31556000032414],[-122.03290999980791,37.31560000027519],[-122.041440000199,37.315570000313897],[-122.04963999997885,37.315550000333047]]]},"properties":{"GEOID":"06085507807","STATE":"06","COUNTY":"085","TRACT":"507807","BASENAME":"5078.07","NAME":"Census Tract 5078.07"}},{"type":"Feature","geometry":{"type":"Polygon","coordinates":[[[-121.96975000015381,37.340629999860035],[-121.96782000030859,37.335730000298739],[-121.9677299998969,37.334980000005253],[-121.9677299998969,37.329879999708361],[-121.96749999974314,37.328650000171486],[-121.9664000001013,37.327430000339653],[-121.96433999966145,37.329889999935659],[-121.96006999989221,37.335010000075101],[-121.9585199999886,37.336870000287597],[-121.95534999986116,37.340529999682914],[-121.95138999971331,37.341669999665115],[-121.95264000004127,37.344000000176045],[-121.95336499976435,37.345506999658916],[-121.95451999965778,37.344210000189292],[-121.95928999991752,37.343680000216835],[-121.96011000007516,37.343629999676004],[-121.96424000010232,37.342360000343902],[-121.96660000011786,37.341619999928504],[-121.96975000015381,37.340629999860035]]]},"properties":{"GEOID":"06085506000","STATE":"06","COUNTY":"085","TRACT":"506000","BASENAME":"5060","NAME":"Census Tract 5060"}},{"type":"Feature","geometry":{"type":"Polygon","coordinates":[[[-121.99554000044522,37.337869999803189],[-121.99559399997356,37.337205000290538],[-121.9953899997591,37.331280000008597],[-121.99116600002058,37.331539999926591],[-121.98937000006968,37.331479999860555],[-121.98768000042396,37.330630000205446],[-121.9860900003374,37.330380000157369],[-121.98263999982748,37.330079999715814],[-121.98085999977009,37.32993000011728],[-121.98034000008643,37.329879999708361],[-121.9748400000807,37.329949999842974],[-121.97478999985199,37.330630000205446],[-121.97395999964859,37.332110000306947],[-121.97395999964859,37.333909999918689],[-121.97681000010887,37.338400000069257],[-121.97877699976402,37.337936999888363],[-121.97882199996987,37.337936999888363],[-121.97885399975689,37.337936999888363],[-121.97891499985627,37.337936999888363],[-121.97899600004712,37.337936999888363],[-121.98260999969025,37.337919999893742],[-121.98744000022447,37.337879999681114],[-121.99554000044522,37.337869999803189]]]},"properties":{"GEOID":"06085506101","STATE":"06","COUNTY":"085","TRACT":"506101","BASENAME":"5061.01","NAME":"Census Tract 5061.01"}},{"type":"Feature","geometry":{"type":"Polygon","coordinates":[[[-121.97681000010887,37.338400000069257],[-121.97395999964859,37.333909999918689],[-121.97395999964859,37.332110000306947],[-121.97478999985199,37.330630000205446],[-121.9748400000807,37.329949999842974],[-121.97483000003494,37.326550000002378],[-121.97543000008459,37.323219999871085],[-121.97548000031331,37.323059999729672],[-121.97273799980805,37.323079999855267],[-121.97001000044477,37.323109999676525],[-121.96987999985014,37.323260000031802],[-121.9664000001013,37.327430000339653],[-121.96749999974314,37.328650000171486],[-121.9677299998969,37.329879999708361],[-121.9677299998969,37.334980000005253],[-121.96782000030859,37.335730000298739],[-121.96975000015381,37.340629999860035],[-121.97681000010887,37.338400000069257]]]},"properties":{"GEOID":"06085506102","STATE":"06","COUNTY":"085","TRACT":"506102","BASENAME":"5061.02","NAME":"Census Tract 5061.02"}},{"type":"Feature","geometry":{"type":"Polygon","coordinates":[[[-122.04499299974275,37.307528999654444],[-122.04600899971898,37.307273999733773],[-122.04327999963252,37.300980000232911],[-122.04157499991821,37.296977999990446],[-122.04002800038765,37.293778000222432],[-122.03950000030802,37.293690000202993],[-122.03226399972755,37.293964999743288],[-122.03225100020708,37.298359000224139],[-122.03243199995701,37.300544000010959],[-122.03241000021572,37.301001999901771],[-122.03239299959895,37.302057000341989],[-122.03238599992629,37.30230399983094],[-122.03226100025282,37.308240999926156],[-122.03293900012024,37.308244000143844],[-122.0330909995579,37.308244000143844],[-122.03414199969421,37.309756000311921],[-122.03919999983405,37.310240999646503],[-122.0414540004427,37.309640000094383],[-122.04499299974275,37.307528999654444]]]},"properties":{"GEOID":"06085507808","STATE":"06","COUNTY":"085","TRACT":"507808","BASENAME":"5078.08","NAME":"Census Tract 5078.08"}},{"type":"Feature","geometry":{"type":"Polygon","coordinates":[[[-121.99560999986711,37.396069999868935],[-121.99593000043257,37.39106500008937],[-121.98697599971896,37.388447999862997],[-121.9870069996811,37.393350000102458],[-121.98702299957465,37.39597300033293],[-121.98707700000131,37.40007400013576],[-121.98711700018428,37.402817000237604],[-121.98699099978759,37.403639999788595],[-121.98673999971741,37.404563999934837],[-121.98683799962672,37.412058999981603],[-121.9875769995935,37.411821999675972],[-121.98917900027396,37.411400000051323],[-121.99578200029455,37.409928000258574],[-121.99575999965494,37.409329999773526],[-121.99571000032455,37.403329999832714],[-121.99566000009582,37.399718999875496],[-121.99566000009582,37.399360000117412],[-121.99560999986711,37.396069999868935]]]},"properties":{"GEOID":"06085504802","STATE":"06","COUNTY":"085","TRACT":"504802","BASENAME":"5048.02","NAME":"Census Tract 5048.02"}},{"type":"Feature","geometry":{"type":"Polygon","coordinates":[[[-122.01280500036847,37.395557999679312],[-122.01028600034427,37.394999999888789],[-122.00983400043265,37.396637000310349],[-122.00790700006218,37.396634000054974],[-122.00784000011504,37.399640000165768],[-122.00563999993305,37.399070000162396],[-121.99566000009582,37.399360000117412],[-121.99566000009582,37.399718999875496],[-121.99571000032455,37.403329999832714],[-121.99575999965494,37.409329999773526],[-121.99578200029455,37.409928000258574],[-122.00468599988112,37.407999000007507],[-122.00478999963821,37.407975999869095],[-122.00610899956314,37.407689000247494],[-122.0096400002639,37.406889999691813],[-122.0094500002931,37.405739999923789],[-122.00973999982301,37.404450000064962],[-122.00975999991449,37.404360000308088],[-122.01280500036847,37.395557999679312]]]},"properties":{"GEOID":"06085504805","STATE":"06","COUNTY":"085","TRACT":"504805","BASENAME":"5048.05","NAME":"Census Tract 5048.05"}},{"type":"Feature","geometry":{"type":"Polygon","coordinates":[[[-121.97161999972455,37.272110000212685],[-121.97220999972843,37.269100000347372],[-121.96413999964493,37.269119999812602],[-121.9561199997901,37.269080000161942],[-121.95388000032347,37.272149999683322],[-121.95275999969189,37.273649999875808],[-121.95449999956628,37.274870000324469],[-121.95556999996917,37.277740000292255],[-121.95720000023874,37.279769999748936],[-121.96045999987953,37.282989999987358],[-121.96096000037004,37.284350000077261],[-121.96096100019496,37.283634999722658],[-121.96343699966312,37.27924399982026],[-121.96472700017405,37.278835999782018],[-121.96590399980876,37.278113999960524],[-121.97037199994472,37.277296999710607],[-121.97132000014889,37.277340000020061],[-121.97096000029879,37.276999999761586],[-121.97161999972455,37.272110000212685]]]},"properties":{"GEOID":"06085506702","STATE":"06","COUNTY":"085","TRACT":"506702","BASENAME":"5067.02","NAME":"Census Tract 5067.02"}},{"type":"Feature","geometry":{"type":"Polygon","coordinates":[[[-121.99629000028267,37.370220000249887],[-121.99631100019906,37.369476000181834],[-121.99601599974798,37.36688799964768],[-121.99598499978583,37.366890000135562],[-121.99573700008872,37.366911000257204],[-121.99302100042104,37.366913000030522],[-121.98722299959118,37.36693299990236],[-121.98659999997533,37.366960000042219],[-121.9839000002012,37.36666000008448],[-121.98031999999495,37.363319999693857],[-121.97554999973518,37.363249999961219],[-121.9763199996641,37.367249999979677],[-121.97681000010887,37.370299999748738],[-121.97781600003937,37.370411999760577],[-121.97825999955509,37.370459999918431],[-121.98257100023051,37.370477999880485],[-121.9872960002844,37.370441999952099],[-121.99297000036742,37.370410000080525],[-121.99630000032843,37.370539999875326],[-121.99629000028267,37.370220000249887]]]},"properties":{"GEOID":"06085505301","STATE":"06","COUNTY":"085","TRACT":"505301","BASENAME":"5053.01","NAME":"Census Tract 5053.01"}},{"type":"Feature","geometry":{"type":"Polygon","coordinates":[[[-121.97765000035801,37.3579500000032],[-121.9776699995512,37.352279999928911],[-121.97332799981191,37.352279999928911],[-121.96867999975089,37.352279999928911],[-121.9687299999796,37.359020000296816],[-121.96817000011296,37.36179000003883],[-121.96683000027163,37.363489999792506],[-121.96565000026385,37.364900000255915],[-121.96528000036801,37.36601999992569],[-121.97331699994128,37.369449000233487],[-121.97681000010887,37.370299999748738],[-121.9763199996641,37.367249999979677],[-121.97554999973518,37.363249999961219],[-121.97555999978091,37.361429999702501],[-121.97593999972253,37.360749999750126],[-121.97765000035801,37.3579500000032]]]},"properties":{"GEOID":"06085505302","STATE":"06","COUNTY":"085","TRACT":"505302","BASENAME":"5053.02","NAME":"Census Tract 5053.02"}},{"type":"Feature","geometry":{"type":"Polygon","coordinates":[[[-121.98722299959118,37.36693299990236],[-121.98723500018505,37.363860000229906],[-121.98637700039258,37.362051000309407],[-121.98603199971276,37.361395000033852],[-121.98439599959544,37.35825199980011],[-121.98397800001898,37.357396000309095],[-121.98392500031555,37.354289999948776],[-121.98389500017831,37.352284999979794],[-121.9776699995512,37.352279999928911],[-121.97765000035801,37.3579500000032],[-121.97593999972253,37.360749999750126],[-121.97555999978091,37.361429999702501],[-121.97554999973518,37.363249999961219],[-121.98031999999495,37.363319999693857],[-121.9839000002012,37.36666000008448],[-121.98659999997533,37.366960000042219],[-121.98722299959118,37.36693299990236]]]},"properties":{"GEOID":"06085505304","STATE":"06","COUNTY":"085","TRACT":"505304","BASENAME":"5053.04","NAME":"Census Tract 5053.04"}},{"type":"Feature","geometry":{"type":"Polygon","coordinates":[[[-121.99593999957999,37.358429999952897],[-121.99632999956732,37.352180000270444],[-121.99157299972637,37.352269999826248],[-121.98389500017831,37.352284999979794],[-121.98392500031555,37.354289999948776],[-121.98397800001898,37.357396000309095],[-121.98439599959544,37.35825199980011],[-121.98603199971276,37.361395000033852],[-121.98637700039258,37.362051000309407],[-121.98723500018505,37.363860000229906],[-121.98722299959118,37.36693299990236],[-121.99302100042104,37.366913000030522],[-121.99573700008872,37.366911000257204],[-121.99598499978583,37.366890000135562],[-121.99601599974798,37.36688799964768],[-121.9958340001731,37.364420000277583],[-121.99580999988366,37.361829999652223],[-121.99583900019597,37.360666000185248],[-121.99593999957999,37.358429999952897]]]},"properties":{"GEOID":"06085505305","STATE":"06","COUNTY":"085","TRACT":"505305","BASENAME":"5053.05","NAME":"Census Tract 5053.05"}},{"type":"Feature","geometry":{"type":"Polygon","coordinates":[[[-121.99632999956732,37.352180000270444],[-121.99630000032843,37.35157000004034],[-121.99571000032455,37.348339999882228],[-121.99564000000436,37.345470000076425],[-121.99351400034054,37.345087999692517],[-121.99338000044624,37.345070000067679],[-121.98934999997822,37.345140000330126],[-121.98564000007561,37.345409999711023],[-121.98493999956855,37.34581000005101],[-121.98319999969414,37.346589999762678],[-121.98199000044747,37.346599999907774],[-121.97769999968841,37.346599999907774],[-121.9776699995512,37.352279999928911],[-121.98389500017831,37.352284999979794],[-121.99157299972637,37.352269999826248],[-121.99632999956732,37.352180000270444]]]},"properties":{"GEOID":"06085505401","STATE":"06","COUNTY":"085","TRACT":"505401","BASENAME":"5054.01","NAME":"Census Tract 5054.01"}},{"type":"Feature","geometry":{"type":"Polygon","coordinates":[[[-122.02253999998334,37.34339999975883],[-122.02278000018283,37.33854999989677],[-122.01833999963596,37.338489999715996],[-122.01832999959022,37.337710000146856],[-122.01643300025529,37.337726000270663],[-122.01416000027839,37.337739999840551],[-122.01417000032416,37.341399999692108],[-122.01415000023268,37.345439999899718],[-122.01417000032416,37.346759999906162],[-122.01406999986672,37.352089999892634],[-122.02013999978485,37.352100000019334],[-122.02052999977217,37.34866999984704],[-122.02084000029188,37.346739999657203],[-122.02147999962617,37.346739999657203],[-122.02165000040378,37.344820000229937],[-122.02253999998334,37.34339999975883]]]},"properties":{"GEOID":"06085508204","STATE":"06","COUNTY":"085","TRACT":"508204","BASENAME":"5082.04","NAME":"Census Tract 5082.04"}},{"type":"Feature","geometry":{"type":"Polygon","coordinates":[[[-122.01407999991244,37.358969999975571],[-122.01402999968374,37.354847000217497],[-122.01403999972949,37.352950000202902],[-122.01203799991426,37.352308999790715],[-122.00799999994859,37.352110000144634],[-122.00494000032435,37.352100000019334],[-122.00501999979195,37.359132000010149],[-122.00501999979195,37.361699999759622],[-122.00500999974622,37.363100000212384],[-122.00869000040991,37.363080000032852],[-122.00861000004396,37.365040000147182],[-122.00824000014812,37.366750000126338],[-122.01374000015383,37.36666000008448],[-122.01401999963801,37.365059999804366],[-122.01407999991244,37.358969999975571]]]},"properties":{"GEOID":"06085508505","STATE":"06","COUNTY":"085","TRACT":"508505","BASENAME":"5085.05","NAME":"Census Tract 5085.05"}},{"type":"Feature","geometry":{"type":"Polygon","coordinates":[[[-121.9776699995512,37.352279999928911],[-121.97769999968841,37.346599999907774],[-121.97763000026654,37.340539999920892],[-121.97681000010887,37.338400000069257],[-121.96975000015381,37.340629999860035],[-121.97027999988322,37.342810000196678],[-121.96865999965941,37.346320000339951],[-121.96867999975089,37.352279999928911],[-121.97332799981191,37.352279999928911],[-121.9776699995512,37.352279999928911]]]},"properties":{"GEOID":"06085505402","STATE":"06","COUNTY":"085","TRACT":"505402","BASENAME":"5054.02","NAME":"Census Tract 5054.02"}},{"type":"Feature","geometry":{"type":"Polygon","coordinates":[[[-121.97908399991067,37.264897000165746],[-121.98033000004068,37.26474999973199],[-121.97828899986737,37.263891999850131],[-121.96881000034553,37.259699999776068],[-121.96631999973538,37.259012999663099],[-121.96418999987364,37.258450000330434],[-121.96392799993281,37.258875000024197],[-121.96381999997777,37.259059999974546],[-121.96195999955445,37.261580000095563],[-121.96085999991263,37.263009999761444],[-121.9561199997901,37.269080000161942],[-121.96413999964493,37.269119999812602],[-121.97220999972843,37.269100000347372],[-121.97303999993181,37.265840000072586],[-121.9735599996155,37.265170000209977],[-121.974861999822,37.265204000214219],[-121.97908399991067,37.264897000165746]]]},"properties":{"GEOID":"06085506703","STATE":"06","COUNTY":"085","TRACT":"506703","BASENAME":"5067.03","NAME":"Census Tract 5067.03"}},{"type":"Feature","geometry":{"type":"Polygon","coordinates":[[[-122.00983400043265,37.396637000310349],[-122.01028600034427,37.394999999888789],[-122.00867399961807,37.394656999770866],[-122.00257299973781,37.392967000166323],[-121.99593000043257,37.39106500008937],[-121.99560999986711,37.396069999868935],[-121.99566000009582,37.399360000117412],[-122.00563999993305,37.399070000162396],[-122.00784000011504,37.399640000165768],[-122.00790700006218,37.396634000054974],[-122.00983400043265,37.396637000310349]]]},"properties":{"GEOID":"06085504806","STATE":"06","COUNTY":"085","TRACT":"504806","BASENAME":"5048.06","NAME":"Census Tract 5048.06"}},{"type":"Feature","geometry":{"type":"Polygon","coordinates":[[[-121.96238999972475,37.385120000280885],[-121.9640479995834,37.381894000283182],[-121.95375999977456,37.379019999756324],[-121.94751999997713,37.377750000270446],[-121.94172500041863,37.376648000015663],[-121.94054200003784,37.378549000257081],[-121.93841499965082,37.380202999848301],[-121.93812099992293,37.38171700016327],[-121.93563899970869,37.385479999717262],[-121.93606800005406,37.38706200030731],[-121.93962099959785,37.390611000075999],[-121.94065500001574,37.395672000230469],[-121.94286000022056,37.394910000201158],[-121.94702000038494,37.393130000193871],[-121.94960999965592,37.391829999686614],[-121.95032000020873,37.39146000017513],[-121.95504000023976,37.389419999764257],[-121.96019999958854,37.387079999853945],[-121.96126999999146,37.386450000302119],[-121.96238999972475,37.385120000280885]]]},"properties":{"GEOID":"06085505007","STATE":"06","COUNTY":"085","TRACT":"505007","BASENAME":"5050.07","NAME":"Census Tract 5050.07"}},{"type":"Feature","geometry":{"type":"Polygon","coordinates":[[[-121.94345000022444,37.350159999784204],[-121.94185000009212,37.347359999898607],[-121.93972000023035,37.346970000056146],[-121.93781999962405,37.343550000312568],[-121.93636299960687,37.344147999865619],[-121.93274999978864,37.341159999932778],[-121.93205699985262,37.340576999789867],[-121.93124199971784,37.339898999972348],[-121.93035100031338,37.339119999937402],[-121.92590400009382,37.342544000168395],[-121.92579199994081,37.342651000204427],[-121.92427200017444,37.344283000032569],[-121.92190899978587,37.346027000084852],[-121.92377300040717,37.346991999833833],[-121.93213499967038,37.351218999746266],[-121.93755299966035,37.35398399968436],[-121.93723999966593,37.352129999677182],[-121.94345000022444,37.350159999784204]]]},"properties":{"GEOID":"06085505203","STATE":"06","COUNTY":"085","TRACT":"505203","BASENAME":"5052.03","NAME":"Census Tract 5052.03"}},{"type":"Feature","geometry":{"type":"Polygon","coordinates":[[[-122.04715000026701,37.375630000027783],[-122.04851000019981,37.371779999720147],[-122.04092999966274,37.370010000177778],[-122.0370900000638,37.369029999684081],[-122.03556000025166,37.373600000220478],[-122.03446999975726,37.376849999890673],[-122.03372999996557,37.378859999999015],[-122.03360000026923,37.37957000011091],[-122.04469999983978,37.383220000317898],[-122.04614000013854,37.378739999778581],[-122.04715000026701,37.375630000027783]]]},"properties":{"GEOID":"06085508601","STATE":"06","COUNTY":"085","TRACT":"508601","BASENAME":"5086.01","NAME":"Census Tract 5086.01"}},{"type":"Feature","geometry":{"type":"Polygon","coordinates":[[[-121.97740000011277,37.309834000074289],[-121.97766600025155,37.308129999647022],[-121.97355299994283,37.308219999827998],[-121.97113500020096,37.308272999860343],[-121.96362499998411,37.308744999808248],[-121.96296300001018,37.311524999851557],[-121.96398800020725,37.316381999757226],[-121.96928300017356,37.316195999738937],[-121.96973000006231,37.316192999838577],[-121.97133100001956,37.316240999658795],[-121.97502599985354,37.317085999660989],[-121.97594399992047,37.315892999910417],[-121.97712899995111,37.313225999762587],[-121.97732200029495,37.311409000219925],[-121.97740000011277,37.309834000074289]]]},"properties":{"GEOID":"06085506304","STATE":"06","COUNTY":"085","TRACT":"506304","BASENAME":"5063.04","NAME":"Census Tract 5063.04"}},{"type":"Feature","geometry":{"type":"Polygon","coordinates":[[[-121.98173400035442,37.300876999651308],[-121.98123300003901,37.300786999971145],[-121.97672200024535,37.300917000268576],[-121.97558900009324,37.300936000161293],[-121.97026300016479,37.30103699984894],[-121.96985200026106,37.301043999836395],[-121.96428500030818,37.301175999784519],[-121.96409699998721,37.304400000052496],[-121.96362499998411,37.308744999808248],[-121.97113500020096,37.308272999860343],[-121.97355299994283,37.308219999827998],[-121.97766600025155,37.308129999647022],[-121.97859500018915,37.305292999911082],[-121.97953900019535,37.303583000090669],[-121.98005300003125,37.302847000128381],[-121.98121700014549,37.301381999987619],[-121.98173400035442,37.300876999651308]]]},"properties":{"GEOID":"06085506305","STATE":"06","COUNTY":"085","TRACT":"506305","BASENAME":"5063.05","NAME":"Census Tract 5063.05"}},{"type":"Feature","geometry":{"type":"Polygon","coordinates":[[[-121.95017999956833,37.323219999871085],[-121.95013199988774,37.319201000311658],[-121.95011900036727,37.31668300007545],[-121.95008099983411,37.313128000036315],[-121.94997600025214,37.309078999873378],[-121.94942600043122,37.309265000353207],[-121.94050299967978,37.309540000108136],[-121.94017399979178,37.317242000326281],[-121.94016999959383,37.317416999968295],[-121.94055200008357,37.323280000104177],[-121.94083099974283,37.323306000118876],[-121.94666999968226,37.323366000283343],[-121.94708899998191,37.323380999781172],[-121.94784600039037,37.323282999721677],[-121.95017999956833,37.323219999871085]]]},"properties":{"GEOID":"06085506401","STATE":"06","COUNTY":"085","TRACT":"506401","BASENAME":"5064.01","NAME":"Census Tract 5064.01"}},{"type":"Feature","geometry":{"type":"Polygon","coordinates":[[[-122.03226899975041,37.312229000231369],[-122.0324710003151,37.312242000007927],[-122.03226100025282,37.308240999926156],[-122.03238599992629,37.30230399983094],[-122.03239299959895,37.302057000341989],[-122.03241000021572,37.301001999901771],[-122.03243199995701,37.300544000010959],[-122.03225100020708,37.298359000224139],[-122.03226399972755,37.293964999743288],[-122.03169899983801,37.294056000224771],[-122.02803599979109,37.293889000246274],[-122.02597799989935,37.293869000215473],[-122.02364999967087,37.293825000271816],[-122.02370099972451,37.294010000105068],[-122.0237069995723,37.301140000211412],[-122.02395500016773,37.307633000018271],[-122.02318000021594,37.309869999772395],[-122.0288800002382,37.311519999945041],[-122.03156999996661,37.312298999661202],[-122.03226899975041,37.312229000231369]]]},"properties":{"GEOID":"06085507905","STATE":"06","COUNTY":"085","TRACT":"507905","BASENAME":"5079.05","NAME":"Census Tract 5079.05"}},{"type":"Feature","geometry":{"type":"Polygon","coordinates":[[[-121.91265200002188,37.460649999654322],[-121.91198800039815,37.459535999769592],[-121.91148899973255,37.457493000068929],[-121.91038200041804,37.452510000001332],[-121.90589300036568,37.453736999809387],[-121.90225799990783,37.454758999713135],[-121.9025509998108,37.456112000324936],[-121.90148799997891,37.456606999981474],[-121.90416299963869,37.459952000030732],[-121.90108299992296,37.461002000047593],[-121.9039169995914,37.464540000017053],[-121.91133200027203,37.462236000222212],[-121.91265200002188,37.460649999654322]]]},"properties":{"GEOID":"06085504422","STATE":"06","COUNTY":"085","TRACT":"504422","BASENAME":"5044.22","NAME":"Census Tract 5044.22"}},{"type":"Feature","geometry":{"type":"Polygon","coordinates":[[[-122.00785199981058,37.293337999810461],[-122.00774499968047,37.293280000282074],[-122.00768500030433,37.293247999685299],[-122.00468000003336,37.293109999903578],[-122.00343300007845,37.293081000057107],[-122.00259100017946,37.294844000175132],[-122.0017910001133,37.295564000037743],[-122.00109700035236,37.296491999684143],[-121.99981600006227,37.296966999925594],[-121.99805600009634,37.297769999716508],[-121.99809100025645,37.29823199969551],[-121.99761800042845,37.301066999892726],[-121.99703400027235,37.30149100013746],[-121.99645000011625,37.302743999960079],[-121.99623199965804,37.304270999708464],[-121.99644099989541,37.30565299999536],[-121.99674899986699,37.307029000074181],[-121.99632500044278,37.309616999802095],[-121.99741099984091,37.309660000218557],[-122.00296000025041,37.310230000092552],[-122.00422300009885,37.307084000169311],[-122.00550600003876,37.303650000023723],[-122.00709399957722,37.299142999820177],[-122.00720800027835,37.298052000328838],[-122.00740999994471,37.296410999685151],[-122.00760999996128,37.29436999988647],[-122.00785199981058,37.293337999810461]]]},"properties":{"GEOID":"06085507904","STATE":"06","COUNTY":"085","TRACT":"507904","BASENAME":"5079.04","NAME":"Census Tract 5079.04"}},{"type":"Feature","geometry":{"type":"Polygon","coordinates":[[[-121.88841199963406,37.434833999897222],[-121.88822900023426,37.434340000310904],[-121.88566500000424,37.429598999919648],[-121.88373599998395,37.425769999916191],[-121.88178600004724,37.426495999867583],[-121.88093400010254,37.426948999890385],[-121.87880000004286,37.428197000222553],[-121.87327200044804,37.429501000156321],[-121.87600099963616,37.437420000103955],[-121.87950300002463,37.436642999905523],[-121.88166600039665,37.436169000080568],[-121.88429000000282,37.435610000290602],[-121.88841199963406,37.434833999897222]]]},"properties":{"GEOID":"06085504418","STATE":"06","COUNTY":"085","TRACT":"504418","BASENAME":"5044.18","NAME":"Census Tract 5044.18"}},{"type":"Feature","geometry":{"type":"Polygon","coordinates":[[[-121.91038200041804,37.452510000001332],[-121.90893200007353,37.446667999777645],[-121.90862099972891,37.446259999696906],[-121.90662499976148,37.444653999997882],[-121.90523100039179,37.445886999710922],[-121.90416299963869,37.446236000000468],[-121.90019099979527,37.446540999760273],[-121.8940129999221,37.446892000344121],[-121.89107899979625,37.447149000056484],[-121.89233800034503,37.450883000278267],[-121.89729900040052,37.456786000259306],[-121.90108299992296,37.461002000047593],[-121.90416299963869,37.459952000030732],[-121.90148799997891,37.456606999981474],[-121.9025509998108,37.456112000324936],[-121.90225799990783,37.454758999713135],[-121.90589300036568,37.453736999809387],[-121.91038200041804,37.452510000001332]]]},"properties":{"GEOID":"06085504421","STATE":"06","COUNTY":"085","TRACT":"504421","BASENAME":"5044.21","NAME":"Census Tract 5044.21"}},{"type":"Feature","geometry":{"type":"Polygon","coordinates":[[[-122.01505999990367,37.304772000121247],[-122.01501700024598,37.301212000054925],[-122.01501200022308,37.300449000004193],[-122.01499100030671,37.297752999924569],[-122.0149569999715,37.293564999949695],[-122.00785199981058,37.293337999810461],[-122.00760999996128,37.29436999988647],[-122.00740999994471,37.296410999685151],[-122.00720800027835,37.298052000328838],[-122.00709399957722,37.299142999820177],[-122.00550600003876,37.303650000023723],[-122.00422300009885,37.307084000169311],[-122.00296000025041,37.310230000092552],[-122.0075000003564,37.310680000212145],[-122.00771000041868,37.310680000212145],[-122.01349999995432,37.310319999903264],[-122.01476100015293,37.306803999785707],[-122.01489199967421,37.306286999665019],[-122.01505999990367,37.304772000121247]]]},"properties":{"GEOID":"06085507903","STATE":"06","COUNTY":"085","TRACT":"507903","BASENAME":"5079.03","NAME":"Census Tract 5079.03"}},{"type":"Feature","geometry":{"type":"Polygon","coordinates":[[[-122.06377800033067,37.366687000322521],[-122.06307000032604,37.364940000353485],[-122.06293800008154,37.363603999836108],[-122.06300599985362,37.361317999848588],[-122.06301400024952,37.359549999797693],[-122.06278999994355,37.357430000044651],[-122.06174600037822,37.354443999666003],[-122.06155700023233,37.354068000301197],[-122.06060999985307,37.35203999995354],[-122.05996999962046,37.35203999995354],[-122.05503000037972,37.352070000349421],[-122.05053999960413,37.352070000349421],[-122.05054999964989,37.352199999784361],[-122.05054999964989,37.355770000100115],[-122.05026000011996,37.357100000028609],[-122.05020999989125,37.359420000239588],[-122.05037999977056,37.362649999880816],[-122.05017999975402,37.365410000081361],[-122.04994999960026,37.368240000282576],[-122.04851000019981,37.371779999720147],[-122.05285000028927,37.372800000175552],[-122.05628999985512,37.373790000057106],[-122.0573450001894,37.374169000281313],[-122.05765999983366,37.37429000010787],[-122.06167000021023,37.368399999848066],[-122.06210000038057,37.368611999871234],[-122.06255999978976,37.368659999752921],[-122.06377800033067,37.366687000322521]]]},"properties":{"GEOID":"06085508401","STATE":"06","COUNTY":"085","TRACT":"508401","BASENAME":"5084.01","NAME":"Census Tract 5084.01"}},{"type":"Feature","geometry":{"type":"Polygon","coordinates":[[[-122.05037999977056,37.362649999880816],[-122.05020999989125,37.359420000239588],[-122.04152999971235,37.359399999793311],[-122.03791000022144,37.358979999899681],[-122.03235999998701,37.358950000123357],[-122.03233999989551,37.363039999657701],[-122.0326899996999,37.364350000143169],[-122.03210999974175,37.367500000084711],[-122.03222000024492,37.367580000342187],[-122.03330999984099,37.368180000268289],[-122.0370900000638,37.369029999684081],[-122.04092999966274,37.370010000177778],[-122.04851000019981,37.371779999720147],[-122.04994999960026,37.368240000282576],[-122.05017999975402,37.365410000081361],[-122.05037999977056,37.362649999880816]]]},"properties":{"GEOID":"06085508404","STATE":"06","COUNTY":"085","TRACT":"508404","BASENAME":"5084.04","NAME":"Census Tract 5084.04"}},{"type":"Feature","geometry":{"type":"Polygon","coordinates":[[[-121.88984299971199,37.44118299989514],[-121.88880300034464,37.435877999928707],[-121.88841199963406,37.434833999897222],[-121.88429000000282,37.435610000290602],[-121.88166600039665,37.436169000080568],[-121.87950300002463,37.436642999905523],[-121.87600099963616,37.437420000103955],[-121.87273599997252,37.438216000189023],[-121.87536100030189,37.442739999776521],[-121.87613700007861,37.444095000112704],[-121.8784529997132,37.443594000072046],[-121.87961799965234,37.443341000020979],[-121.88632199995529,37.441894000083927],[-121.88984299971199,37.44118299989514]]]},"properties":{"GEOID":"06085504412","STATE":"06","COUNTY":"085","TRACT":"504412","BASENAME":"5044.12","NAME":"Census Tract 5044.12"}},{"type":"Feature","geometry":{"type":"Polygon","coordinates":[[[-121.90917899994574,37.442581999727359],[-121.90835799996317,37.440753999745539],[-121.90605800022212,37.431699999981994],[-121.90316900030209,37.432002000233012],[-121.89958200042314,37.432384000279086],[-121.90082299963194,37.434913000296845],[-121.90173300020128,37.439015000351318],[-121.90422899976093,37.440648999798128],[-121.90662499976148,37.444653999997882],[-121.90917899994574,37.442581999727359]]]},"properties":{"GEOID":"06085504413","STATE":"06","COUNTY":"085","TRACT":"504413","BASENAME":"5044.13","NAME":"Census Tract 5044.13"}},{"type":"Feature","geometry":{"type":"Polygon","coordinates":[[[-121.90523100039179,37.445886999710922],[-121.90662499976148,37.444653999997882],[-121.90422899976093,37.440648999798128],[-121.90173300020128,37.439015000351318],[-121.90082299963194,37.434913000296845],[-121.89958200042314,37.432384000279086],[-121.89900599976465,37.432436000321367],[-121.89341500042063,37.433657000121606],[-121.88841199963406,37.434833999897222],[-121.88880300034464,37.435877999928707],[-121.88984299971199,37.44118299989514],[-121.89107899979625,37.447149000056484],[-121.8940129999221,37.446892000344121],[-121.90019099979527,37.446540999760273],[-121.90416299963869,37.446236000000468],[-121.90523100039179,37.445886999710922]]]},"properties":{"GEOID":"06085504414","STATE":"06","COUNTY":"085","TRACT":"504414","BASENAME":"5044.14","NAME":"Census Tract 5044.14"}},{"type":"Feature","geometry":{"type":"Polygon","coordinates":[[[-121.87880000004286,37.428197000222553],[-121.88093400010254,37.426948999890385],[-121.87744599995781,37.423155000011256],[-121.87572899964961,37.424067999870026],[-121.87089300016592,37.425104000225424],[-121.87007899985606,37.424808999834951],[-121.86946700011089,37.423812000275611],[-121.86798900017729,37.419645000315157],[-121.86765600009136,37.419126000289452],[-121.86108800023086,37.42202000000993],[-121.86213599999415,37.423754999669917],[-121.86214299966683,37.423805999800869],[-121.86290300044836,37.427704999928061],[-121.86403800025026,37.431655000081172],[-121.87148399999472,37.42998700008166],[-121.87238199997019,37.429697999674069],[-121.87327200044804,37.429501000156321],[-121.87880000004286,37.428197000222553]]]},"properties":{"GEOID":"06085504415","STATE":"06","COUNTY":"085","TRACT":"504415","BASENAME":"5044.15","NAME":"Census Tract 5044.15"}},{"type":"Feature","geometry":{"type":"Polygon","coordinates":[[[-121.88373599998395,37.425769999916191],[-121.8832880002703,37.424756000016451],[-121.88026100025799,37.414515999862466],[-121.8750449999344,37.416007000146386],[-121.87403700035409,37.416366000052875],[-121.86765600009136,37.419126000289452],[-121.86798900017729,37.419645000315157],[-121.86946700011089,37.423812000275611],[-121.87007899985606,37.424808999834951],[-121.87089300016592,37.425104000225424],[-121.87572899964961,37.424067999870026],[-121.87744599995781,37.423155000011256],[-121.88093400010254,37.426948999890385],[-121.88178600004724,37.426495999867583],[-121.88373599998395,37.425769999916191]]]},"properties":{"GEOID":"06085504416","STATE":"06","COUNTY":"085","TRACT":"504416","BASENAME":"5044.16","NAME":"Census Tract 5044.16"}},{"type":"Feature","geometry":{"type":"Polygon","coordinates":[[[-122.0326899996999,37.364350000143169],[-122.03233999989551,37.363039999657701],[-122.03235999998701,37.358950000123357],[-122.03243100013212,37.356422000168671],[-122.03242000026145,37.355250000033472],[-122.03238599992629,37.354527999768081],[-122.03242000026145,37.35203999995354],[-122.02601999973216,37.352079999764676],[-122.02354000006605,37.352050000086827],[-122.02203000034538,37.35203999995354],[-122.02013999978485,37.352100000019334],[-122.01406999986672,37.352089999892634],[-122.01403999972949,37.352950000202902],[-122.01526999996597,37.353679999726623],[-122.02238000014975,37.359499999829538],[-122.02242899965526,37.359541999919237],[-122.02493000013607,37.361640000227581],[-122.03210999974175,37.367500000084711],[-122.0326899996999,37.364350000143169]]]},"properties":{"GEOID":"06085508503","STATE":"06","COUNTY":"085","TRACT":"508503","BASENAME":"5085.03","NAME":"Census Tract 5085.03"}},{"type":"Feature","geometry":{"type":"Polygon","coordinates":[[[-122.11417999965727,37.40017000027305],[-122.11418999970303,37.396750000088367],[-122.11404999996094,37.392680000154023],[-122.11409000014389,37.389819999643841],[-122.11408000009817,37.384959999976559],[-122.09726000041384,37.384990000059631],[-122.09601000008591,37.386450000302119],[-122.09601000008591,37.388189999949212],[-122.09600199968999,37.388636999958408],[-122.1058250000667,37.388620999980112],[-122.10263200037305,37.393123000221856],[-122.10111599990634,37.395306999738892],[-122.1019800004449,37.395689999850916],[-122.10636999986474,37.397629999736004],[-122.113540000323,37.401129999877668],[-122.11417999965727,37.40017000027305]]]},"properties":{"GEOID":"06085510400","STATE":"06","COUNTY":"085","TRACT":"510400","BASENAME":"5104","NAME":"Census Tract 5104"}},{"type":"Feature","geometry":{"type":"Polygon","coordinates":[[[-122.14028999961585,37.425219999697859],[-122.14210999985619,37.423019999800005],[-122.13451000012596,37.419049999710182],[-122.13295000017661,37.418229999745023],[-122.13247499980044,37.417985999911863],[-122.12883000019518,37.416069999896763],[-122.12818999996257,37.415670000276208],[-122.12674999966383,37.414460000352101],[-122.12332500016659,37.41028599966792],[-122.1200529999319,37.406258000221996],[-122.11994099977892,37.406425000180143],[-122.11867499955743,37.407642000072919],[-122.11788000041246,37.40849500009508],[-122.11801500013168,37.409153999893299],[-122.11729100023349,37.410653000016993],[-122.11650799988574,37.411302999666319],[-122.11563699967448,37.41269899966462],[-122.1186100001584,37.414590000119567],[-122.12329000000648,37.417560000356119],[-122.12679099967171,37.419761999935474],[-122.13160699996222,37.422774999666913],[-122.13443599960779,37.424569000074506],[-122.13547300039873,37.42523000006215],[-122.14002000017743,37.4281200001492],[-122.14028999961585,37.425219999697859]]]},"properties":{"GEOID":"06085510700","STATE":"06","COUNTY":"085","TRACT":"510700","BASENAME":"5107","NAME":"Census Tract 5107"}},{"type":"Feature","geometry":{"type":"Polygon","coordinates":[[[-122.05511999989309,37.377289999664825],[-122.05628999985512,37.373790000057106],[-122.05285000028927,37.372800000175552],[-122.04851000019981,37.371779999720147],[-122.04715000026701,37.375630000027783],[-122.04614000013854,37.378739999778581],[-122.04469999983978,37.383220000317898],[-122.05231100033902,37.385744000346712],[-122.05272800009053,37.384556999838388],[-122.05400000015979,37.380670000140348],[-122.05511999989309,37.377289999664825]]]},"properties":{"GEOID":"06085509106","STATE":"06","COUNTY":"085","TRACT":"509106","BASENAME":"5091.06","NAME":"Census Tract 5091.06"}},{"type":"Feature","geometry":{"type":"Polygon","coordinates":[[[-122.07079399990484,37.408814999789939],[-122.07006099978581,37.407865000001628],[-122.0699400003103,37.40273999975733],[-122.0699400003103,37.402579999952145],[-122.0697999996699,37.39974000008241],[-122.06957999956188,37.398880000149354],[-122.06619000022474,37.398680000028413],[-122.06487999962232,37.398399999961526],[-122.05960999977036,37.397180000306889],[-122.05433999991843,37.395950000071423],[-122.05282000015205,37.395259999648054],[-122.04820999972584,37.390620000137567],[-122.04805999993802,37.390349999961828],[-122.04742999975119,37.388029999772499],[-122.04741999970543,37.388870000281315],[-122.04635100002574,37.390265999994334],[-122.04498100004716,37.394453000294298],[-122.04664700030176,37.394961999859397],[-122.04497900039738,37.399821999814606],[-122.04740299998697,37.401552000262377],[-122.04687200043267,37.40300599978346],[-122.04998899995832,37.403697999757632],[-122.05135999976179,37.404009999829498],[-122.05643299997024,37.405358999969927],[-122.06183400024176,37.406553999905768],[-122.06460000013814,37.407150000301527],[-122.06626999969237,37.407520000135001],[-122.06836799976705,37.408019000339294],[-122.07079399990484,37.408814999789939]]]},"properties":{"GEOID":"06085509108","STATE":"06","COUNTY":"085","TRACT":"509108","BASENAME":"5091.08","NAME":"Census Tract 5091.08"}},{"type":"Feature","geometry":{"type":"Polygon","coordinates":[[[-122.13974999984067,37.443140000278298],[-122.14321000039635,37.442149999894077],[-122.13941000008208,37.439750000099998],[-122.13701999992929,37.438249999656442],[-122.13621999986313,37.437809999690948],[-122.13303999968998,37.435750000104164],[-122.12823000014555,37.440550000262995],[-122.12310000003568,37.445699999781027],[-122.12110499989313,37.446845999703029],[-122.12315000026439,37.448830000197326],[-122.12582400009927,37.451301999670434],[-122.12785600005174,37.452737000337727],[-122.12829399971963,37.451861999727569],[-122.12988399980622,37.453089000181841],[-122.13390099985548,37.454376999785602],[-122.13670799975978,37.454337000348616],[-122.13775999972101,37.452599999654815],[-122.13968000041881,37.449599999680551],[-122.13972999974921,37.448810000068121],[-122.13972999974921,37.448740000286854],[-122.13974999984067,37.443140000278298]]]},"properties":{"GEOID":"06085511100","STATE":"06","COUNTY":"085","TRACT":"511100","BASENAME":"5111","NAME":"Census Tract 5111"}},{"type":"Feature","geometry":{"type":"Polygon","coordinates":[[[-122.15614000025298,37.438259999706666],[-122.15041799959111,37.434682999930736],[-122.14670000019089,37.432335999823934],[-122.14415900042542,37.430731999667437],[-122.14233400016218,37.429579999764492],[-122.14002000017743,37.4281200001492],[-122.13991999972001,37.428859999828731],[-122.13303999968998,37.435750000104164],[-122.13621999986313,37.437809999690948],[-122.13701999992929,37.438249999656442],[-122.13941000008208,37.439750000099998],[-122.14321000039635,37.442149999894077],[-122.15614000025298,37.438259999706666]]]},"properties":{"GEOID":"06085511400","STATE":"06","COUNTY":"085","TRACT":"511400","BASENAME":"5114","NAME":"Census Tract 5114"}},{"type":"Feature","geometry":{"type":"Polygon","coordinates":[[[-122.12257000030627,37.429150000031321],[-122.1182159999731,37.426416999858517],[-122.11253000019454,37.422809999938814],[-122.1116049995566,37.421791000206248],[-122.11004999963012,37.419930000003596],[-122.10960000026664,37.419440000118939],[-122.10331299971523,37.416207999980095],[-122.10189900025405,37.419789000315838],[-122.1015500002746,37.421849999901774],[-122.10129599983138,37.42518499983909],[-122.10183599960655,37.427108000283113],[-122.10145999986291,37.42820999989361],[-122.10532200010145,37.431880000027924],[-122.10549799982856,37.432051999651542],[-122.11057000021211,37.436880000118812],[-122.11077000022864,37.436779999852497],[-122.11643000006795,37.433120000312798],[-122.12257000030627,37.429150000031321]]]},"properties":{"GEOID":"06085510801","STATE":"06","COUNTY":"085","TRACT":"510801","BASENAME":"5108.01","NAME":"Census Tract 5108.01"}},{"type":"Feature","geometry":{"type":"Polygon","coordinates":[[[-121.87658700034041,37.262998000253219],[-121.87667900040192,37.2629849998305],[-121.87629500026236,37.25983099980234],[-121.87638599960063,37.259006000055336],[-121.87599099959044,37.25574599968656],[-121.87575700013703,37.255791000020302],[-121.87344499980208,37.25607900023261],[-121.86584699972165,37.255726000244607],[-121.86266200042392,37.255575000032266],[-121.85898500013329,37.255605000325829],[-121.85864200000161,37.25871599980043],[-121.85871200032182,37.259655999874475],[-121.85870899994876,37.264630000186536],[-121.85891900001107,37.266054000336901],[-121.86599800023269,37.265643999978415],[-121.86627699989195,37.265623000142341],[-121.86889300000054,37.265023999764693],[-121.87290199965385,37.264019999897926],[-121.87561099964884,37.263275000092236],[-121.87658700034041,37.262998000253219]]]},"properties":{"GEOID":"06085512024","STATE":"06","COUNTY":"085","TRACT":"512024","BASENAME":"5120.24","NAME":"Census Tract 5120.24"}},{"type":"Feature","geometry":{"type":"Polygon","coordinates":[[[-122.11636999979351,37.416579999899938],[-122.1186100001584,37.414590000119567],[-122.11563699967448,37.41269899966462],[-122.1083099997557,37.408080000283547],[-122.10809999969342,37.408290000062834],[-122.10796999999707,37.408419999835068],[-122.10666000029298,37.41099000034054],[-122.10456899989099,37.413502000256067],[-122.10331299971523,37.416207999980095],[-122.10960000026664,37.419440000118939],[-122.11004999963012,37.419930000003596],[-122.11149999997463,37.419180000072146],[-122.11493000039303,37.41737000014129],[-122.11636999979351,37.416579999899938]]]},"properties":{"GEOID":"06085510802","STATE":"06","COUNTY":"085","TRACT":"510802","BASENAME":"5108.02","NAME":"Census Tract 5108.02"}},{"type":"Feature","geometry":{"type":"Polygon","coordinates":[[[-122.12453399958837,37.42197000031193],[-122.12679099967171,37.419761999935474],[-122.12329000000648,37.417560000356119],[-122.1186100001584,37.414590000119567],[-122.11636999979351,37.416579999899938],[-122.11493000039303,37.41737000014129],[-122.11149999997463,37.419180000072146],[-122.11004999963012,37.419930000003596],[-122.1116049995566,37.421791000206248],[-122.11253000019454,37.422809999938814],[-122.1182159999731,37.426416999858517],[-122.12255900043561,37.423668000163694],[-122.12453399958837,37.42197000031193]]]},"properties":{"GEOID":"06085510803","STATE":"06","COUNTY":"085","TRACT":"510803","BASENAME":"5108.03","NAME":"Census Tract 5108.03"}},{"type":"Feature","geometry":{"type":"Polygon","coordinates":[[[-122.13991999972001,37.428859999828731],[-122.14002000017743,37.4281200001492],[-122.13547300039873,37.42523000006215],[-122.13443599960779,37.424569000074506],[-122.13160699996222,37.422774999666913],[-122.12679099967171,37.419761999935474],[-122.12453399958837,37.42197000031193],[-122.12255900043561,37.423668000163694],[-122.1182159999731,37.426416999858517],[-122.12257000030627,37.429150000031321],[-122.1286200001329,37.43295999977358],[-122.13303999968998,37.435750000104164],[-122.13991999972001,37.428859999828731]]]},"properties":{"GEOID":"06085510900","STATE":"06","COUNTY":"085","TRACT":"510900","BASENAME":"5109","NAME":"Census Tract 5109"}},{"type":"Feature","geometry":{"type":"Polygon","coordinates":[[[-122.13303999968998,37.435750000104164],[-122.1286200001329,37.43295999977358],[-122.12257000030627,37.429150000031321],[-122.11643000006795,37.433120000312798],[-122.11077000022864,37.436779999852497],[-122.11057000021211,37.436880000118812],[-122.1138089999365,37.439975999944707],[-122.11873200035714,37.444662999986107],[-122.12110499989313,37.446845999703029],[-122.12310000003568,37.445699999781027],[-122.12823000014555,37.440550000262995],[-122.13303999968998,37.435750000104164]]]},"properties":{"GEOID":"06085511000","STATE":"06","COUNTY":"085","TRACT":"511000","BASENAME":"5110","NAME":"Census Tract 5110"}},{"type":"Feature","geometry":{"type":"Polygon","coordinates":[[[-121.95005400006993,37.309042000210958],[-121.95002099955965,37.305734999674357],[-121.94994799976473,37.301555000020691],[-121.9499240003736,37.298821000158334],[-121.94992000017562,37.298396999868025],[-121.9499169998026,37.296865999774788],[-121.94991900035073,37.295627999961951],[-121.94979999962672,37.295279999850955],[-121.94979999962672,37.294310000161687],[-121.93832000011457,37.294389000003783],[-121.94021300014987,37.298119999917866],[-121.94046599986983,37.299291999694248],[-121.94048799961115,37.299742999955399],[-121.94052100012144,37.303144999911027],[-121.94059700028942,37.305111000304215],[-121.94050299967978,37.309540000108136],[-121.94942600043122,37.309265000353207],[-121.94997600025214,37.309078999873378],[-121.95005400006993,37.309042000210958]]]},"properties":{"GEOID":"06085506402","STATE":"06","COUNTY":"085","TRACT":"506402","BASENAME":"5064.02","NAME":"Census Tract 5064.02"}},{"type":"Feature","geometry":{"type":"Polygon","coordinates":[[[-121.96070599992683,37.28695999993927],[-121.96096000037004,37.284350000077261],[-121.96045999987953,37.282989999987358],[-121.95720000023874,37.279769999748936],[-121.95556999996917,37.277740000292255],[-121.95449999956628,37.274870000324469],[-121.95275999969189,37.273649999875808],[-121.94973600005261,37.277841999671267],[-121.94967999997614,37.280679999750241],[-121.94975000029632,37.287019999808187],[-121.94978000043356,37.290650000066464],[-121.94979999962672,37.294310000161687],[-121.96061999971312,37.294320000119107],[-121.9608299997754,37.294310000161687],[-121.96065700042134,37.290880999762933],[-121.96057000038272,37.288379999965571],[-121.96070599992683,37.28695999993927]]]},"properties":{"GEOID":"06085506503","STATE":"06","COUNTY":"085","TRACT":"506503","BASENAME":"5065.03","NAME":"Census Tract 5065.03"}},{"type":"Feature","geometry":{"type":"Polygon","coordinates":[[[-122.03239000012425,37.337609999652912],[-122.03244000035296,37.334239999728439],[-122.0323800000785,37.330220000261448],[-122.03237000003274,37.322799999755595],[-122.02755000044257,37.32284000013987],[-122.02318000021594,37.322849999875395],[-122.01425999983753,37.322870000056938],[-122.01424999979176,37.330399999763209],[-122.01421999965456,37.331939999856615],[-122.01416000027839,37.337739999840551],[-122.01643300025529,37.337726000270663],[-122.01832999959022,37.337710000146856],[-122.01962099992608,37.337703999921004],[-122.0304369998145,37.337631000110484],[-122.03239000012425,37.337609999652912]]]},"properties":{"GEOID":"06085508101","STATE":"06","COUNTY":"085","TRACT":"508101","BASENAME":"5081.01","NAME":"Census Tract 5081.01"}},{"type":"Feature","geometry":{"type":"Polygon","coordinates":[[[-121.98933200043487,37.294067999785298],[-121.99214699983671,37.291634999894278],[-121.98541499994469,37.286627000154702],[-121.98446900028867,37.28634399970953],[-121.98411500028635,37.286238000147677],[-121.9831069998077,37.286049000221261],[-121.98238999958222,37.285950000206512],[-121.9766150001152,37.286092999709517],[-121.97660199969641,37.288919999737125],[-121.97659900022168,37.289328999986537],[-121.97659900022168,37.289825999796093],[-121.97659800039676,37.290779000188607],[-121.97662099996299,37.29379500019806],[-121.97672200024535,37.300917000268576],[-121.98123300003901,37.300786999971145],[-121.98173400035442,37.300876999651308],[-121.98290799961609,37.299671999844925],[-121.98407000008051,37.298656999924987],[-121.98933200043487,37.294067999785298]]]},"properties":{"GEOID":"06085506601","STATE":"06","COUNTY":"085","TRACT":"506601","BASENAME":"5066.01","NAME":"Census Tract 5066.01"}},{"type":"Feature","geometry":{"type":"Polygon","coordinates":[[[-121.97739900028785,37.281835999744189],[-121.97727700008912,37.279143000179715],[-121.97660199969641,37.277884999669382],[-121.97667899968931,37.277356000128982],[-121.97632100038734,37.277365000188709],[-121.97132000014889,37.277340000020061],[-121.97037199994472,37.277296999710607],[-121.96590399980876,37.278113999960524],[-121.96472700017405,37.278835999782018],[-121.96343699966312,37.27924399982026],[-121.96096100019496,37.283634999722658],[-121.96096000037004,37.284350000077261],[-121.96070599992683,37.28695999993927],[-121.96582500016605,37.286701000075347],[-121.96746700013117,37.286500999716679],[-121.96799000018791,37.286379999931263],[-121.97416399986311,37.286094000314847],[-121.9766150001152,37.285990000184867],[-121.97662400033605,37.284360999842704],[-121.97663100000874,37.283601000179374],[-121.97658400015307,37.281839000300423],[-121.97739900028785,37.281835999744189]]]},"properties":{"GEOID":"06085506603","STATE":"06","COUNTY":"085","TRACT":"506603","BASENAME":"5066.03","NAME":"Census Tract 5066.03"}},{"type":"Feature","geometry":{"type":"Polygon","coordinates":[[[-121.97672200024535,37.300917000268576],[-121.97662099996299,37.29379500019806],[-121.97289000014401,37.293867999713534],[-121.9708079999628,37.294079000274024],[-121.96849999982585,37.294169999902998],[-121.9608299997754,37.294310000161687],[-121.96120800006716,37.296671999925493],[-121.96185199959942,37.297892000212556],[-121.96422099983577,37.300969000038741],[-121.96428500030818,37.301175999784519],[-121.96985200026106,37.301043999836395],[-121.97026300016479,37.30103699984894],[-121.97558900009324,37.300936000161293],[-121.97672200024535,37.300917000268576]]]},"properties":{"GEOID":"06085506605","STATE":"06","COUNTY":"085","TRACT":"506605","BASENAME":"5066.05","NAME":"Census Tract 5066.05"}},{"type":"Feature","geometry":{"type":"Polygon","coordinates":[[[-122.02395500016773,37.307633000018271],[-122.0237069995723,37.301140000211412],[-122.02370099972451,37.294010000105068],[-122.02364999967087,37.293825000271816],[-122.01779300018811,37.293664999740159],[-122.0149569999715,37.293564999949695],[-122.01499100030671,37.297752999924569],[-122.01501200022308,37.300449000004193],[-122.01501700024598,37.301212000054925],[-122.01505999990367,37.304772000121247],[-122.01489199967421,37.306286999665019],[-122.01476100015293,37.306803999785707],[-122.01349999995432,37.310319999903264],[-122.01348999990857,37.310410000320729],[-122.0156099997246,37.310230000092552],[-122.01774999963207,37.310090000172863],[-122.01987000034642,37.309919999919963],[-122.02110999973031,37.309540000108136],[-122.02318000021594,37.309869999772395],[-122.02395500016773,37.307633000018271]]]},"properties":{"GEOID":"06085507906","STATE":"06","COUNTY":"085","TRACT":"507906","BASENAME":"5079.06","NAME":"Census Tract 5079.06"}},{"type":"Feature","geometry":{"type":"Polygon","coordinates":[[[-121.83060700022071,37.236873000216058],[-121.83055100014421,37.233209000316826],[-121.83048199964892,37.228137000277151],[-121.82972000011591,37.226234000223656],[-121.82734099983382,37.225867000263435],[-121.82793800040871,37.227732999982024],[-121.82607100031269,37.228671999677587],[-121.82158899993303,37.228162000327004],[-121.82126800044095,37.229493999895027],[-121.81784600041847,37.22765400029099],[-121.81724600036883,37.228013999796843],[-121.81700500034441,37.229570000026456],[-121.81824899992627,37.2301980002511],[-121.81801100027491,37.232979000206861],[-121.8168859996204,37.234653999959967],[-121.81685600038148,37.236975999705571],[-121.82017499957354,37.237535999841853],[-121.822101999944,37.237570999980434],[-121.82591499977877,37.237456999694096],[-121.83060700022071,37.236873000216058]]]},"properties":{"GEOID":"06085512030","STATE":"06","COUNTY":"085","TRACT":"512030","BASENAME":"5120.30","NAME":"Census Tract 5120.30"}},{"type":"Feature","geometry":{"type":"Polygon","coordinates":[[[-122.09513999969953,37.406910000319662],[-122.09746999957784,37.402980000251745],[-122.09367000016185,37.401470000282352],[-122.0917160000272,37.400694000014632],[-122.09131199979618,37.400534000122569],[-122.09030099984281,37.403056000010189],[-122.08752900009864,37.409711000226331],[-122.08873000002278,37.410120000134583],[-122.09180999973853,37.411349999684646],[-122.09250000019983,37.411520000081673],[-122.09398999982901,37.408920000150125],[-122.09425000012,37.408460000268512],[-122.09513999969953,37.406910000319662]]]},"properties":{"GEOID":"06085509303","STATE":"06","COUNTY":"085","TRACT":"509303","BASENAME":"5093.03","NAME":"Census Tract 5093.03"}},{"type":"Feature","geometry":{"type":"Polygon","coordinates":[[[-122.10331299971523,37.416207999980095],[-122.10215799982183,37.415586000148657],[-122.1020299997753,37.415519999778525],[-122.10127699956479,37.415177000118348],[-122.09838000014716,37.412389999725512],[-122.09687000042652,37.41178000032032],[-122.09250000019983,37.411520000081673],[-122.09180999973853,37.411349999684646],[-122.08873000002278,37.410120000134583],[-122.08752900009864,37.409711000226331],[-122.0868140004213,37.411558999925234],[-122.0867659998424,37.414096999987912],[-122.08674599975092,37.416708999975768],[-122.09776099983098,37.424804999809581],[-122.1011500002415,37.427910000324829],[-122.10145999986291,37.42820999989361],[-122.10183599960655,37.427108000283113],[-122.10129599983138,37.42518499983909],[-122.1015500002746,37.421849999901774],[-122.10189900025405,37.419789000315838],[-122.10331299971523,37.416207999980095]]]},"properties":{"GEOID":"06085509304","STATE":"06","COUNTY":"085","TRACT":"509304","BASENAME":"5093.04","NAME":"Census Tract 5093.04"}},{"type":"Feature","geometry":{"type":"Polygon","coordinates":[[[-121.77684400007266,37.226864000259134],[-121.77898700035321,37.22458499990887],[-121.77444200022433,37.222701999979641],[-121.77312199957618,37.224400999718952],[-121.77279900043432,37.225072000181136],[-121.7672380003292,37.224055000120835],[-121.76648500011872,37.22676299975614],[-121.76368499988715,37.231965999789935],[-121.76930000041891,37.234900999653],[-121.76870600021707,37.235438000105304],[-121.76888199994416,37.235536000175998],[-121.77307200024579,37.238032999714548],[-121.77349300019526,37.236811000059674],[-121.77240000022613,37.233701000037215],[-121.77265799996901,37.231497000049259],[-121.77684400007266,37.226864000259134]]]},"properties":{"GEOID":"06085512034","STATE":"06","COUNTY":"085","TRACT":"512034","BASENAME":"5120.34","NAME":"Census Tract 5120.34"}},{"type":"Feature","geometry":{"type":"Polygon","coordinates":[[[-121.83083800019939,37.251287999849126],[-121.82996899963793,37.248048000198665],[-121.82998799990452,37.247493000090479],[-121.82347899959525,37.244396000345461],[-121.82039800005461,37.243575000013244],[-121.81768900005962,37.24341400019442],[-121.80544000044344,37.243205999870412],[-121.80405600022118,37.243019999857779],[-121.80405600022118,37.243137000265321],[-121.80394499989309,37.245843000212027],[-121.8039440000682,37.245964000076782],[-121.80402400043414,37.251476000177163],[-121.80775199988005,37.2518489998196],[-121.80886199956763,37.251543000028512],[-121.8098020002742,37.251250000014899],[-121.81284099998206,37.251494000046989],[-121.81749400006595,37.251458999938549],[-121.82181800026187,37.251425999801],[-121.82507399970471,37.251397999976312],[-121.83083800019939,37.251287999849126]]]},"properties":{"GEOID":"06085512029","STATE":"06","COUNTY":"085","TRACT":"512029","BASENAME":"5120.29","NAME":"Census Tract 5120.29"}},{"type":"Feature","geometry":{"type":"Polygon","coordinates":[[[-122.06957999956188,37.398880000149354],[-122.06872099994447,37.395729999943555],[-122.06841999964561,37.393679999825181],[-122.06857000033173,37.391479999925387],[-122.06859999957065,37.391159999712826],[-122.06884999981591,37.388660000322673],[-122.06841799999579,37.384223999889407],[-122.06593099975863,37.385482999705296],[-122.06464000032112,37.385799999906524],[-122.06093000041854,37.386089999812889],[-122.05877799991714,37.38688400027516],[-122.05757299979503,37.38770799988945],[-122.05227000033112,37.385969999741533],[-122.05217999991945,37.386149999776514],[-122.04968000016183,37.385870000011217],[-122.04743999979689,37.386479999788975],[-122.04742999975119,37.388029999772499],[-122.04805999993802,37.390349999961828],[-122.04820999972584,37.390620000137567],[-122.05282000015205,37.395259999648054],[-122.05433999991843,37.395950000071423],[-122.05960999977036,37.397180000306889],[-122.06487999962232,37.398399999961526],[-122.06619000022474,37.398680000028413],[-122.06957999956188,37.398880000149354]]]},"properties":{"GEOID":"06085509109","STATE":"06","COUNTY":"085","TRACT":"509109","BASENAME":"5091.09","NAME":"Census Tract 5091.09"}},{"type":"Feature","geometry":{"type":"Polygon","coordinates":[[[-122.08152899960241,37.398204000005911],[-122.08219399994935,37.396916999827241],[-122.07791999998214,37.395220000018291],[-122.06857000033173,37.391479999925387],[-122.06841999964561,37.393679999825181],[-122.06872099994447,37.395729999943555],[-122.06957999956188,37.398880000149354],[-122.0697999996699,37.39974000008241],[-122.0699400003103,37.402579999952145],[-122.0699400003103,37.40273999975733],[-122.07006099978581,37.407865000001628],[-122.07079399990484,37.408814999789939],[-122.07816000018164,37.411879999732783],[-122.07811999999869,37.406119999646691],[-122.07813000004442,37.404460000348429],[-122.07818000027314,37.402779999655252],[-122.07875000018552,37.401739999651632],[-122.08015000030133,37.400659999905557],[-122.08118899984377,37.399186999806815],[-122.08152899960241,37.398204000005911]]]},"properties":{"GEOID":"06085509201","STATE":"06","COUNTY":"085","TRACT":"509201","BASENAME":"5092.01","NAME":"Census Tract 5092.01"}},{"type":"Feature","geometry":{"type":"Polygon","coordinates":[[[-121.85898500013329,37.255605000325829],[-121.85880699985803,37.255605000325829],[-121.84903700008311,37.255378000095682],[-121.84843399966041,37.255388000221046],[-121.84830099959103,37.255390000102921],[-121.84550100025777,37.26382299988488],[-121.84478599968212,37.265966000067991],[-121.8465740001354,37.265864000326282],[-121.85060500042836,37.26550600033562],[-121.85143399990852,37.265527000204315],[-121.85247400017421,37.265663999646641],[-121.8553520002236,37.265985999650702],[-121.85891900001107,37.266054000336901],[-121.85870899994876,37.264630000186536],[-121.85871200032182,37.259655999874475],[-121.85864200000161,37.25871599980043],[-121.85898500013329,37.255605000325829]]]},"properties":{"GEOID":"06085512025","STATE":"06","COUNTY":"085","TRACT":"512025","BASENAME":"5120.25","NAME":"Census Tract 5120.25"}},{"type":"Feature","geometry":{"type":"Polygon","coordinates":[[[-121.84550100025777,37.26382299988488],[-121.84830099959103,37.255390000102921],[-121.84446699983985,37.254555000102684],[-121.83650999973425,37.250722999980439],[-121.82998799990452,37.247493000090479],[-121.82996899963793,37.248048000198665],[-121.83083800019939,37.251287999849126],[-121.8308110004352,37.254769999848598],[-121.83082399995568,37.255870999832197],[-121.8308399998492,37.25701900032449],[-121.83090599997145,37.258771999719684],[-121.83090799962126,37.261687999779255],[-121.83108699972144,37.265980000133915],[-121.83294200012186,37.266031999743142],[-121.84102899992385,37.265995000354849],[-121.84478599968212,37.265966000067991],[-121.84550100025777,37.26382299988488]]]},"properties":{"GEOID":"06085512026","STATE":"06","COUNTY":"085","TRACT":"512026","BASENAME":"5120.26","NAME":"Census Tract 5120.26"}},{"type":"Feature","geometry":{"type":"Polygon","coordinates":[[[-121.87599099959044,37.25574599968656],[-121.87594899975765,37.255431000172827],[-121.87531500027113,37.250817000192889],[-121.8752130001639,37.250819000196167],[-121.87450699980907,37.250839000225703],[-121.86654999970344,37.250410000215197],[-121.85887600035336,37.25035799983123],[-121.85442599976074,37.250314999844178],[-121.8496510003764,37.250502000091494],[-121.84675200041063,37.250573000113569],[-121.84180999972342,37.250617000315202],[-121.83974299961086,37.250540999950729],[-121.83650999973425,37.250722999980439],[-121.84446699983985,37.254555000102684],[-121.84830099959103,37.255390000102921],[-121.84843399966041,37.255388000221046],[-121.84903700008311,37.255378000095682],[-121.85880699985803,37.255605000325829],[-121.85898500013329,37.255605000325829],[-121.86266200042392,37.255575000032266],[-121.86584699972165,37.255726000244607],[-121.87344499980208,37.25607900023261],[-121.87575700013703,37.255791000020302],[-121.87599099959044,37.25574599968656]]]},"properties":{"GEOID":"06085512027","STATE":"06","COUNTY":"085","TRACT":"512027","BASENAME":"5120.27","NAME":"Census Tract 5120.27"}},{"type":"Feature","geometry":{"type":"Polygon","coordinates":[[[-122.09030099984281,37.403056000010189],[-122.09131199979618,37.400534000122569],[-122.08219399994935,37.396916999827241],[-122.08152899960241,37.398204000005911],[-122.08118899984377,37.399186999806815],[-122.08015000030133,37.400659999905557],[-122.07875000018552,37.401739999651632],[-122.07818000027314,37.402779999655252],[-122.07813000004442,37.404460000348429],[-122.07811999999869,37.406119999646691],[-122.07816000018164,37.411879999732783],[-122.08164999997624,37.413339999925348],[-122.08674599975092,37.416708999975768],[-122.0867659998424,37.414096999987912],[-122.0868140004213,37.411558999925234],[-122.08752900009864,37.409711000226331],[-122.09030099984281,37.403056000010189]]]},"properties":{"GEOID":"06085509202","STATE":"06","COUNTY":"085","TRACT":"509202","BASENAME":"5092.02","NAME":"Census Tract 5092.02"}},{"type":"Feature","geometry":{"type":"Polygon","coordinates":[[[-122.10809999969342,37.408290000062834],[-122.1083099997557,37.408080000283547],[-122.10604099997677,37.406661999720988],[-122.10450000029398,37.405820000063152],[-122.10203599962308,37.404791999867804],[-122.09746999957784,37.402980000251745],[-122.09513999969953,37.406910000319662],[-122.09425000012,37.408460000268512],[-122.09398999982901,37.408920000150125],[-122.09250000019983,37.411520000081673],[-122.09687000042652,37.41178000032032],[-122.09838000014716,37.412389999725512],[-122.10127699956479,37.415177000118348],[-122.1020299997753,37.415519999778525],[-122.10215799982183,37.415586000148657],[-122.10331299971523,37.416207999980095],[-122.10456899989099,37.413502000256067],[-122.10666000029298,37.41099000034054],[-122.10796999999707,37.408419999835068],[-122.10809999969342,37.408290000062834]]]},"properties":{"GEOID":"06085509302","STATE":"06","COUNTY":"085","TRACT":"509302","BASENAME":"5093.02","NAME":"Census Tract 5093.02"}},{"type":"Feature","geometry":{"type":"Polygon","coordinates":[[[-121.85576200030242,37.48453700032934],[-121.85529000029931,37.483070000256554],[-121.85209000003465,37.48048000004497],[-121.85107999990618,37.47651999988436],[-121.84805999956659,37.471449999911833],[-121.84683000022845,37.468490000086327],[-121.84660000007467,37.4663000000862],[-121.844910000429,37.465559999887148],[-121.84493999966789,37.462499999885914],[-121.84351000031319,37.461870000005398],[-121.84328000015941,37.460309999832262],[-121.84221999980225,37.460079999810048],[-121.84222999984802,37.458439999917751],[-121.84339999981002,37.456919999712802],[-121.84076000031033,37.454830000063346],[-121.84137999955311,37.45415000014777],[-121.841059999886,37.452269999920581],[-121.83986999983247,37.451750000194167],[-121.84044999979062,37.450540000031296],[-121.84212000024313,37.450110000198656],[-121.84040999960764,37.448019999957793],[-121.83915000013226,37.447640000318515],[-121.84061999966993,37.44439000009924],[-121.83744000039508,37.443140000278298],[-121.83603000023354,37.442110000338097],[-121.83521000007589,37.440169999771996],[-121.83532999972651,37.438769999781925],[-121.83247000011878,37.438340000060172],[-121.82898000032421,37.439719999829478],[-121.82593999989311,37.439960000230656],[-121.82115000044018,37.438850000303511],[-121.81944999985043,37.437990000021976],[-121.81902999972587,37.437129999843386],[-121.81990000011223,37.435479999923537],[-121.81711999997215,37.434029999728516],[-121.8130400001737,37.4333799997463],[-121.80877999955186,37.434180000239643],[-121.80614400025014,37.432003000321551],[-121.79145600007742,37.415282999721342],[-121.79017499978733,37.413823999917085],[-121.78252599965326,37.40501000032544],[-121.78188399977084,37.404648000291317],[-121.78508800023344,37.403728999944121],[-121.78643599957242,37.404212000203287],[-121.78673900041942,37.404690000077458],[-121.78714000027742,37.404876999705969],[-121.78901400004612,37.405353999888362],[-121.78911899962809,37.405223999791119],[-121.7902519997802,37.405318000290208],[-121.7909270001729,37.405234999703801],[-121.79166399959153,37.404889000120285],[-121.79180900025483,37.404450000064962],[-121.79178199959233,37.403958999776215],[-121.79197499993616,37.403516000245617],[-121.78951700001136,37.401471999847764],[-121.7865550002964,37.401058999961599],[-121.78647999995334,37.398822999837428],[-121.78476699984309,37.395822999648161],[-121.78405800001353,37.395432999745815],[-121.78402399967834,37.393795000263069],[-121.78406499968622,37.393400000348478],[-121.78404499959474,37.393290000191392],[-121.78397599999776,37.393136000271319],[-121.78364100026201,37.392668999825823],[-121.78355599987319,37.392530999918179],[-121.78353599978171,37.392372000345802],[-121.78367999972174,37.392037000317934],[-121.78377000013343,37.391524999700749],[-121.78282100010436,37.388047999800492],[-121.78304899970999,37.387075999955044],[-121.77925599996671,37.3844320001188],[-121.77734899968773,37.385173000306374],[-121.77506300019034,37.384880999700378],[-121.77451900021723,37.383968999764598],[-121.77195199961417,37.382989999655372],[-121.77158099989342,37.381835999858382],[-121.7682020004269,37.377752999853932],[-121.76653100014947,37.375225000168264],[-121.76536899968507,37.374939000194523],[-121.76480799999349,37.373596000316432],[-121.76261299983442,37.372226999747667],[-121.76182299981399,37.370035000234189],[-121.76013700036626,37.370000999784182],[-121.75612600016478,37.366153000235137],[-121.75410300043313,37.365454000245443],[-121.75394600007431,37.363750999862248],[-121.74904600011821,37.361411999711763],[-121.74748399962073,37.361538999871605],[-121.7458910000594,37.360707000010073],[-121.7447999997401,37.359399000163556],[-121.74248499993043,37.355513999957218],[-121.74103100028627,37.353778999824513],[-121.73256299981949,37.339344999909081],[-121.73223300010659,37.338931000068762],[-121.71530200009423,37.309438000113687],[-121.71064200033763,37.301534999884382],[-121.71129300044086,37.298505000330621],[-121.71143200035806,37.297056999889094],[-121.71096799985254,37.295157000350756],[-121.70998700003642,37.2911389997086],[-121.71246300040289,37.289149000042357],[-121.71695900012796,37.285541000172849],[-121.71695900012796,37.285041000220531],[-121.72757099980188,37.264056000073232],[-121.73084700023452,37.255124000328188],[-121.73343200038092,37.248829000030511],[-121.72457800012478,37.241898000149391],[-121.71846700019877,37.236899000058791],[-121.72225999994205,37.23667699984744],[-121.72685299975147,37.237547999829907],[-121.72946999968495,37.235026000049231],[-121.73523800037761,37.235177999811249],[-121.73764400042386,37.234516000048423],[-121.73982699998906,37.234957000107926],[-121.74125600041718,37.233944999672829],[-121.74661099975961,37.231704999783368],[-121.74747799977291,37.229525999696165],[-121.74678999985976,37.229086999920625],[-121.7430759997592,37.226831000081354],[-121.73077100006651,37.21714800006464],[-121.72339700029208,37.209753999840316],[-121.72187400015265,37.208530000103494],[-121.71019500044888,37.201756000291667],[-121.70772499993018,37.200330999840709],[-121.70575699955182,37.199187000261993],[-121.68932400038013,37.187759999695274],[-121.68612800031342,37.185322999795211],[-121.68533099972201,37.184526000154285],[-121.68020900000806,37.178738000013894],[-121.67866599977714,37.177358000202609],[-121.67196400002233,37.171710000320758],[-121.66946000006678,37.169343000024185],[-121.66910600006445,37.168944999996803],[-121.66870199983342,37.168529999699928],[-121.66789400026964,37.167553999922049],[-121.66772299966711,37.167321000004378],[-121.66749000003858,37.167032000079168],[-121.66325299988131,37.162396000114647],[-121.6590359998155,37.165564999779207],[-121.65521899978278,37.164985999645403],[-121.6518050001562,37.168897000049704],[-121.64957700038518,37.168336000062787],[-121.64807799963685,37.166471999895037],[-121.64625200044701,37.165921999676279],[-121.64498000037776,37.164370000220444],[-121.64213999996321,37.164200000329622],[-121.63753999958277,37.164899999657649],[-121.63314000011718,37.164629999692899],[-121.6335629997165,37.165036000059445],[-121.63233000000528,37.165488000268098],[-121.63331599984427,37.167054000213916],[-121.62536399976152,37.167101999899906],[-121.62473299974975,37.167942999876686],[-121.62204999969406,37.169477000291948],[-121.62144999964444,37.170066999648775],[-121.61945700005003,37.169270000104206],[-121.61300999966504,37.161974999732465],[-121.60391699993261,37.159820999759248],[-121.59515399991302,37.153718000284826],[-121.5899429996123,37.153313000207028],[-121.58725899973169,37.153675999836608],[-121.58504000018146,37.154566999740062],[-121.58182599967313,37.15359999988685],[-121.57955000022152,37.153493000270785],[-121.57772699960809,37.149153000274225],[-121.5755449998678,37.147148000176166],[-121.5748350002133,37.145785000349818],[-121.57206900031694,37.144234000273748],[-121.56937700004038,37.14017200005442],[-121.56613099974498,37.137774000152035],[-121.56407200002833,37.137366999761575],[-121.56390799999681,37.135547999875918],[-121.55858999956598,37.131719000268554],[-121.55791099987363,37.128504999838817],[-121.55459000013346,37.126608999919576],[-121.55423299975809,37.124901000328286],[-121.55304600007763,37.123852000264833],[-121.55271100034187,37.120807999938449],[-121.54928299957325,37.119039000298962],[-121.54934700004569,37.115977999886205],[-121.54852900043618,37.112772999759223],[-121.54566999975506,37.10862300023414],[-121.54460799974805,37.098361000227378],[-121.53852600013437,37.090738000109333],[-121.53465100037535,37.086763000029471],[-121.52915100036962,37.083545000092791],[-121.52960800030411,37.082685000204371],[-121.52808799963942,37.079114000288776],[-121.52696399970816,37.078284000115268],[-121.5256280000648,37.07796400005649],[-121.51137199971217,37.076531000325176],[-121.50682099973552,37.074672000002373],[-121.50229700042138,37.072828999734746],[-121.50046200011244,37.073324999942763],[-121.49889999961492,37.074901999819517],[-121.49832300002983,37.076479999670624],[-121.49503499990163,37.07767400013568],[-121.48908200015939,37.076989999655815],[-121.48865700001194,37.075748000324133],[-121.48970999979809,37.073474000201038],[-121.48841299961447,37.072160000029115],[-121.48470000023713,37.073920999935943],[-121.48336899971834,37.074101000326102],[-121.48126399997092,37.072914999731644],[-121.47798400023864,37.072586999686877],[-121.47696300023954,37.070506000343315],[-121.47479999986751,37.067950000169951],[-121.47302700038114,37.064808999769532],[-121.471489999998,37.061080000302745],[-121.46998000027736,37.060070000308791],[-121.46701000016647,37.05316999973693],[-121.46501000000106,37.049199999685882],[-121.46362999997677,37.047209999711093],[-121.46254000038067,37.046710000040591],[-121.46019000041092,37.044270000340738],[-121.45865999970046,37.043220000011779],[-121.45746999964696,37.041179999831989],[-121.45608999962266,37.036639999864263],[-121.45568000044214,37.034020000235472],[-121.45792999995452,37.033179999884446],[-121.45638000005087,37.029959999718059],[-121.45574999986404,37.027459999951219],[-121.45615999994286,37.024490000055565],[-121.45865999970046,37.019890000090797],[-121.46170000013156,37.017990000080125],[-121.46314999957774,37.016460000099073],[-121.46491000044195,37.015569999828728],[-121.46495999977235,37.01446999992887],[-121.4663299997509,37.013280000163725],[-121.46613999978011,37.011210000063322],[-121.46721000018303,37.010230000249585],[-121.46703000025794,37.008759999791501],[-121.46839000019078,37.006859999832898],[-121.47486000014196,37.007629999842244],[-121.47453999957652,37.00422999998635],[-121.47676999989571,37.003990000082482],[-121.47808999964553,37.004829999659421],[-121.48009099963586,37.00777599999094],[-121.48346900017575,37.011605000287254],[-121.48394700002665,37.013062999754723],[-121.48676999982443,37.01356000030809],[-121.48863000024775,37.015140000283246],[-121.48998000013482,37.015329999865308],[-121.49003000036356,37.016620000170541],[-121.49379999964229,37.016029999851533],[-121.49469199976996,37.016473999795977],[-121.49251300040272,37.0119950002195],[-121.49104899981451,37.01004699983438],[-121.48912399999219,37.00609599998905],[-121.48795300020522,37.001640000241672],[-121.48605299959895,37.001222999643858],[-121.47531600025154,36.984107999783511],[-121.47124800014866,36.978648000350169],[-121.4711510000643,36.977973999802408],[-121.46793900010405,36.976772000286765],[-121.46356100037977,36.978294000140274],[-121.4659480001595,36.982147999969804],[-121.46365599991601,36.984877000288456],[-121.46004599957254,36.98574800011653],[-121.45754699963986,36.987547999810246],[-121.45664700001458,36.986647999905742],[-121.45272200002682,36.987857999695699],[-121.45197200018937,36.988839999927713],[-121.44911900025434,36.988210999647144],[-121.44974699989308,36.986147999822514],[-121.44734599986967,36.98295500003789],[-121.43769699957019,36.978509999661419],[-121.43456300032609,36.973982999700496],[-121.43275899997928,36.972744000134689],[-121.43098399994473,36.971342999993766],[-121.4182459997087,36.960549000126704],[-121.41605899994556,36.960691999821258],[-121.38356500024952,36.960638999810186],[-121.38344399987569,36.960549000126704],[-121.37034300031482,36.960549000126704],[-121.35351299968646,36.960041000189626],[-121.35284700041288,36.96019000022708],[-121.21540599982107,36.961247999921547],[-121.21652599955436,36.962071999827366],[-121.21971300029854,36.962970999851507],[-121.22483300036268,36.967433000130526],[-121.22934199960821,36.967649000332997],[-121.23212799959607,36.968892000152941],[-121.23408799957853,36.970881999700111],[-121.23735800016338,36.97312099982117],[-121.2395499999494,36.97615600023741],[-121.24387699962007,36.980091000033376],[-121.24588699983121,36.983035999812103],[-121.2466380003919,36.987047999902259],[-121.24513199997089,36.991437000136166],[-121.24513699999379,36.9929219996813],[-121.24291500007052,36.994282000309497],[-121.24151699960456,36.997380999910682],[-121.23573700011465,36.998346000083963],[-121.23313699989963,36.999346000167158],[-121.23391299967636,37.00141499972834],[-121.23517600042311,37.002641000104539],[-121.23479399993334,37.003764000024354],[-121.23550399958785,37.005771000307782],[-121.23697599967366,37.006584000136762],[-121.23633700016428,37.008346000176694],[-121.23816599972714,37.009086000295916],[-121.23782599996852,37.00996100032588],[-121.23541099970144,37.010560999955842],[-121.23333699991616,37.011746000284099],[-121.23535600034815,37.013316000065863],[-121.23916499998495,37.018341000313363],[-121.23997699974667,37.018437000315487],[-121.2416820003593,37.02119000001526],[-121.24296699994905,37.021648000109906],[-121.24598899993848,37.025574999845745],[-121.24777900004162,37.02980100018835],[-121.24749899965911,37.031100000074154],[-121.248461000107,37.033488000135868],[-121.24520099956787,37.032239999812674],[-121.241104000051,37.031714000354803],[-121.23897099981617,37.032593000228111],[-121.2388510001656,37.034032999920306],[-121.23613799997266,37.036945000170647],[-121.22450699994947,37.039743000292269],[-121.22580800033103,37.052071000311834],[-121.22315600023747,37.055229999799941],[-121.22451799982009,37.056237000212278],[-121.22338700021615,37.057507000089906],[-121.21873499995718,37.057138999950915],[-121.21306099987416,37.055098000264472],[-121.21096000032475,37.056234000004522],[-121.20895900033442,37.05868299966469],[-121.20837799965305,37.060932000075553],[-121.2082279998652,37.062013000323915],[-121.21033699981059,37.066044000195895],[-121.20963700020182,37.068242999739908],[-121.21579900018146,37.069223000065648],[-121.21683799972391,37.070592999987539],[-121.21955000009194,37.072545999939926],[-121.2229250002588,37.073814000194403],[-121.224638000369,37.078942999694938],[-121.22761199977955,37.080941000249631],[-121.22928800007986,37.081514999940154],[-121.23087999981627,37.083137000108842],[-121.2354929997172,37.086234000327408],[-121.24016300041785,37.086144000255771],[-121.24197699991208,37.085127999806055],[-121.24548400032342,37.08914799972797],[-121.24364399999158,37.090738999723662],[-121.24301899982758,37.092711000310544],[-121.23837499996451,37.093415999862032],[-121.23350400032074,37.095580999755576],[-121.23197500033353,37.097125000001867],[-121.23043899977529,37.096941999793884],[-121.22973900016656,37.099041999939367],[-121.23005200016101,37.10084199999941],[-121.23035099991176,37.104971000180697],[-121.22765000031269,37.105634999806114],[-121.22553799999427,37.106842000331802],[-121.22630399972526,37.109708000019914],[-121.22515899987762,37.11089799972828],[-121.22378800007412,37.11508100026235],[-121.22171299956565,37.116068000337535],[-121.21733900003935,37.123041999708825],[-121.21993900025437,37.12417399971401],[-121.22175399957355,37.12590399988553],[-121.2232640001925,37.129247999700695],[-121.22268300040943,37.130827999761557],[-121.22680400021579,37.134774000180371],[-121.23134000012381,37.138542000321273],[-121.23229699965049,37.139892999859612],[-121.23331599999976,37.143549000297291],[-121.23497899988131,37.147763000015509],[-121.23614499964535,37.149723999963363],[-121.23549500026532,37.152897999998402],[-121.23655800009722,37.154040000082162],[-121.23637800017215,37.156078999826427],[-121.23710999956796,37.15720399982807],[-121.23930700027515,37.157739000204721],[-121.24247999987733,37.157468999718397],[-121.2438420003583,37.15856999976301],[-121.24572199997478,37.157830999996371],[-121.2487630002308,37.157660999717784],[-121.2506870002282,37.15822499993881],[-121.2577129998481,37.158969000161242],[-121.25985799977849,37.158844999916738],[-121.26229300013706,37.159473000216359],[-121.26460100027406,37.163895000072415],[-121.26715899975797,37.167133999673659],[-121.26950700007794,37.17117100011059],[-121.27310099962959,37.173325000160837],[-121.27537799980442,37.178738999897789],[-121.27777600035309,37.179630999839375],[-121.28019400009492,37.183072000151036],[-121.28110700013899,37.183602999922684],[-121.28227100025323,37.183674999774126],[-121.28409700034136,37.182508999818886],[-121.28429700035791,37.180895000048174],[-121.28606300017158,37.181139000142124],[-121.287478000356,37.1791889999812],[-121.28772799970295,37.177367000037194],[-121.29095899992973,37.175426999844596],[-121.29065500015614,37.172132000132486],[-121.2915199996213,37.170337000232443],[-121.29252499972688,37.17048000010837],[-121.29558600007437,37.168905000162319],[-121.29855199998728,37.165962999710942],[-121.30067199980331,37.16627299974175],[-121.30261900026524,37.168159999643784],[-121.30604399976249,37.166640999642524],[-121.31164400022564,37.170040999679543],[-121.31288199995973,37.170147000213923],[-121.31406600016544,37.169400999763255],[-121.31403400037838,37.167909999702481],[-121.31890800039523,37.167683999662259],[-121.32323300041607,37.166430000089768],[-121.32601500020597,37.166718000126465],[-121.32840899965836,37.165949999737293],[-121.33187800043486,37.170010999703898],[-121.33254799990637,37.171276999775706],[-121.33434899988013,37.170803000078628],[-121.33829399995939,37.173516999968037],[-121.34238200015378,37.1741920002939],[-121.34365699969773,37.176935000325614],[-121.34666600016669,37.179914000322299],[-121.35015500013634,37.181702999794865],[-121.35176000029156,37.181951000222824],[-121.35456100034806,37.183892999979406],[-121.35708000037221,37.183390000139219],[-121.35955800038853,37.184452999874495],[-121.36094199971247,37.184321000022763],[-121.36317000038184,37.183508999655487],[-121.36453500033753,37.180317999723421],[-121.3722089996876,37.176961999977316],[-121.37333199979395,37.173962999874135],[-121.37706599998599,37.171730999832818],[-121.37965399960714,37.168006000104164],[-121.38291400014629,37.167881000340088],[-121.38426599968317,37.166200999769465],[-121.38455199991343,37.165506999959526],[-121.38324499968407,37.162987999813971],[-121.3841550002534,37.162001000329077],[-121.38395699988668,37.160161000242397],[-121.38168599955961,37.157634999776235],[-121.3835510000058,37.151486999722067],[-121.38531599999459,37.151972000027335],[-121.39113099964456,37.150746999920329],[-121.39342399971294,37.148130999807449],[-121.39746300040184,37.15059499978441],[-121.39901900015322,37.1501350000743],[-121.40000400016731,37.15086299996922],[-121.40114099961906,37.154919999950998],[-121.40463600033482,37.155988999704526],[-121.406530000195,37.158834999876582],[-121.40760100042284,37.163240999838521],[-121.40772699992122,37.169006000079463],[-121.40886300044636,37.170108000297979],[-121.41220099990497,37.171324999642636],[-121.41339500015643,37.172899000009487],[-121.41165199990895,37.173358000117673],[-121.41007600006608,37.175757000320267],[-121.41113999972286,37.177852000353568],[-121.40890500027915,37.180841999823862],[-121.40946000012293,37.184150000115757],[-121.41152499968734,37.185406999849306],[-121.41020900013545,37.189596000078474],[-121.41046299968036,37.192008000343662],[-121.4117180000312,37.193608000293956],[-121.41170399978749,37.194923999878895],[-121.41375500000656,37.197648000330403],[-121.4153230003518,37.199000999715167],[-121.41572099983675,37.202407999980586],[-121.41686200038478,37.206044000010728],[-121.41686900005747,37.21126200025703],[-121.41836899973237,37.213210999758118],[-121.42107500025261,37.214825999952701],[-121.42189399968704,37.218207999989168],[-121.42149500037719,37.2199659996853],[-121.42221900027536,37.221934000177797],[-121.42508800010391,37.223545000304014],[-121.426397999808,37.223496000002584],[-121.42783200025897,37.225205000291886],[-121.42894699996943,37.225386999988054],[-121.43155899988004,37.227816000102479],[-121.43407399970624,37.226448999941745],[-121.43610400000887,37.229364999910736],[-121.4417460003048,37.231127000238764],[-121.44345199984404,37.233357999823916],[-121.44519900028948,37.234507999734809],[-121.44608300002123,37.235967000149685],[-121.44874400033564,37.237277000170771],[-121.44814500011091,37.23949400015136],[-121.45263300033837,37.245364000253225],[-121.45261999991958,37.246377999822727],[-121.45574999986404,37.249440000015248],[-121.45552599955805,37.252846999764479],[-121.45597400017,37.253919000045748],[-121.45502000011807,37.255549999778488],[-121.45725499956181,37.260942999783644],[-121.45592800013927,37.262883000340764],[-121.45484900041384,37.263140999750156],[-121.45406400041628,37.275097999743643],[-121.4539659996087,37.277184000209857],[-121.45905100041102,37.282739000236212],[-121.45805100032831,37.2841390001064],[-121.4540090001647,37.284050000330836],[-121.45297300009699,37.286734999647493],[-121.4486580001219,37.290300000127807],[-121.44964999980867,37.293939000300107],[-121.44355099957824,37.296637999841451],[-121.44112000031595,37.293856999908549],[-121.43850199965922,37.293168000277682],[-121.43681600021151,37.291970999822006],[-121.43401699980483,37.292934000342953],[-121.43139099965053,37.294993999761985],[-121.42724399990493,37.295913999784389],[-121.42345199998655,37.295286999659616],[-121.42274999982969,37.299137999804906],[-121.41906199966841,37.302006000288571],[-121.41811500018746,37.303415999827145],[-121.41474800041655,37.305359999749641],[-121.41425799997178,37.306508999784683],[-121.41131499962506,37.308031000109501],[-121.40894200008907,37.309876999652147],[-121.40751900040705,37.30983700022842],[-121.40575299969505,37.310990000109044],[-121.40633400037643,37.312761999943753],[-121.40748000004899,37.313114000167062],[-121.40833299981861,37.317620000128436],[-121.40939800019866,37.321464000121381],[-121.41193899996414,37.32444499995642],[-121.41021800035629,37.325061000315614],[-121.41114999976863,37.327536999763105],[-121.40914999960322,37.330637000294807],[-121.42074999966431,37.344736999802642],[-121.41982099972668,37.34653999973122],[-121.42059599967848,37.347765000200212],[-121.42046000013438,37.350466999674921],[-121.41954899974012,37.351119999842666],[-121.41980999985603,37.352807000027184],[-121.42122800041349,37.354287000141241],[-121.42365000035328,37.358836999787158],[-121.42249999958443,37.363090999703893],[-121.41929000017235,37.364445000054786],[-121.41764999985705,37.369835999754301],[-121.41612900026576,37.373708999843693],[-121.41584899988327,37.375916000222276],[-121.4110510000344,37.378379000015933],[-121.40907500015845,37.380672000260724],[-121.40969299975144,37.382012999697416],[-121.41062900026004,37.386108000306649],[-121.4121559996991,37.387271999745664],[-121.4125490000595,37.38943500034248],[-121.41405499958218,37.389708000064005],[-121.41945000000592,37.39073500027397],[-121.42405000038636,37.393634999916067],[-121.43154999965917,37.39423499981315],[-121.43608499974229,37.396129999695674],[-121.43895699994393,37.39462000015542],[-121.44024999992956,37.394535000101676],[-121.44274399983941,37.392762999658785],[-121.44458300034633,37.393361000330714],[-121.44816299965427,37.391677000248968],[-121.44980399979445,37.392287999789197],[-121.451550000415,37.39463499969311],[-121.45665100021253,37.395535000004088],[-121.45825100034486,37.398134999826723],[-121.45565100012982,37.401035000045106],[-121.45635099973856,37.406735000175267],[-121.46355100033405,37.415934000165542],[-121.46625100010817,37.415034000126795],[-121.47260600043167,37.423344999816969],[-121.47220399985045,37.424130999973201],[-121.46875800043681,37.425284999901763],[-121.47033799957934,37.427708999798483],[-121.46993599989642,37.430872000045028],[-121.46413899978978,37.437602999987675],[-121.46185999996511,37.438798999722295],[-121.46215100021827,37.442334000286507],[-121.46347599999098,37.445691999823204],[-121.46265500000841,37.448437999827682],[-121.46279099955252,37.450032999848268],[-121.46291699994924,37.451488999860317],[-121.46405199975115,37.452476999697176],[-121.46402199961393,37.45383800003026],[-121.46533200021632,37.454548999759204],[-121.46717900022087,37.453341000268267],[-121.46893300033898,37.453875000345363],[-121.469554000305,37.455743000057275],[-121.47308900030541,37.456763999889723],[-121.47345199963026,37.460168999911836],[-121.47450899961439,37.461525999824389],[-121.47719800041618,37.463247999931937],[-121.48310199975464,37.465160000198559],[-121.48425199962517,37.466032000332078],[-121.48625199979058,37.474332999874612],[-121.4867749998473,37.475652000345427],[-121.48340999972622,37.475422999976495],[-121.47888499968883,37.479713999816312],[-121.47634200027352,37.480293999799315],[-121.47452700005604,37.479343999662959],[-121.47297499960429,37.480675999910162],[-121.47264800026446,37.482169999910639],[-121.47295200003808,37.48233299966121],[-121.56435499988554,37.482433000333678],[-121.67039900005011,37.482740000271676],[-121.73681400022048,37.483883999785114],[-121.85576200030242,37.48453700032934]]]},"properties":{"GEOID":"06085513500","STATE":"06","COUNTY":"085","TRACT":"513500","BASENAME":"5135","NAME":"Census Tract 5135"}},{"type":"Feature","geometry":{"type":"Polygon","coordinates":[[[-122.03556000025166,37.373600000220478],[-122.0370900000638,37.369029999684081],[-122.03330999984099,37.368180000268289],[-122.03222000024492,37.367580000342187],[-122.03181299964083,37.368246999721883],[-122.02596000035601,37.367659999800459],[-122.02304999962128,37.36732999978981],[-122.02160000017507,37.3716999996578],[-122.02106000039991,37.37344000032293],[-122.02095999994246,37.373959999991435],[-122.02047000039603,37.375269999705409],[-122.02841999993063,37.377859999671401],[-122.03360000026923,37.37957000011091],[-122.03372999996557,37.378859999999015],[-122.03446999975726,37.376849999890673],[-122.03556000025166,37.373600000220478]]]},"properties":{"GEOID":"06085508602","STATE":"06","COUNTY":"085","TRACT":"508602","BASENAME":"5086.02","NAME":"Census Tract 5086.02"}},{"type":"Feature","geometry":{"type":"Polygon","coordinates":[[[-122.07790599973846,37.373449000303928],[-122.07787999979917,37.371560000057279],[-122.07785499968482,37.36681200034625],[-122.07785300003501,37.366167999756023],[-122.07785999970767,37.365819999961353],[-122.07785999970767,37.365099999816643],[-122.07777000019432,37.361279999885681],[-122.06867999993661,37.361290000216016],[-122.06435999993863,37.36131999977097],[-122.0638500003007,37.361310000158646],[-122.06384000025496,37.363160000005138],[-122.0649840002777,37.363605000123847],[-122.06293800008154,37.363603999836108],[-122.06307000032604,37.364940000353485],[-122.06377800033067,37.366687000322521],[-122.06593999997948,37.370220999735487],[-122.06797000028213,37.374430000324367],[-122.06776100004474,37.378132000041305],[-122.07274999968929,37.380139999921013],[-122.07758000022352,37.382540000135961],[-122.07778600008784,37.382640000024637],[-122.07780000033154,37.3791400002426],[-122.0776200004065,37.374600000236001],[-122.07790599973846,37.373449000303928]]]},"properties":{"GEOID":"06085509902","STATE":"06","COUNTY":"085","TRACT":"509902","BASENAME":"5099.02","NAME":"Census Tract 5099.02"}},{"type":"Feature","geometry":{"type":"Polygon","coordinates":[[[-122.10791999976836,37.363059999847934],[-122.10926999965542,37.361389999875847],[-122.10768999961461,37.360470000120813],[-122.10242999980838,37.356089999943407],[-122.10415999963706,37.354720000158487],[-122.10746000035914,37.352880000080994],[-122.10311900044478,37.348227999776583],[-122.09564000019004,37.344789999793527],[-122.09400999992047,37.343560000148393],[-122.09208000007528,37.34190999993713],[-122.09162200031588,37.341594999690614],[-122.09059399974578,37.34425499975864],[-122.08750399998426,37.346509000180617],[-122.08585500034646,37.348849000355152],[-122.08553800015405,37.351067999776113],[-122.08758000015227,37.352639999881575],[-122.09702000021436,37.359939999976888],[-122.09907899993098,37.36151000000585],[-122.10467600002107,37.365835999806798],[-122.10685299973852,37.365356999654729],[-122.10865999956007,37.363820000270593],[-122.10791999976836,37.363059999847934]]]},"properties":{"GEOID":"06085511702","STATE":"06","COUNTY":"085","TRACT":"511702","BASENAME":"5117.02","NAME":"Census Tract 5117.02"}},{"type":"Feature","geometry":{"type":"Polygon","coordinates":[[[-121.8673139997846,37.221353000027442],[-121.86720500000465,37.214833000086891],[-121.86568400041335,37.21483599973547],[-121.86286900011315,37.213738000217717],[-121.86023000043841,37.210299999993197],[-121.85779799955453,37.210287999961551],[-121.85380099959674,37.210865999676251],[-121.85282200032876,37.208203999861482],[-121.84815099980318,37.208689999803596],[-121.84629700012597,37.209383999959599],[-121.84788100036479,37.21112399974858],[-121.85394700008491,37.215682999704008],[-121.86226800023863,37.221645999666599],[-121.86434899969657,37.220766000153269],[-121.8673139997846,37.221353000027442]]]},"properties":{"GEOID":"06085511905","STATE":"06","COUNTY":"085","TRACT":"511905","BASENAME":"5119.05","NAME":"Census Tract 5119.05"}},{"type":"Feature","geometry":{"type":"Polygon","coordinates":[[[-121.59892999993788,37.019882999840085],[-121.59962000039918,37.013210000145776],[-121.5988760004095,37.013444000137753],[-121.58667399975066,37.013504999989699],[-121.58665000035955,37.016890000065139],[-121.58665000035955,37.025070000169158],[-121.58668999964419,37.027229999746432],[-121.58672999982717,37.027809999737265],[-121.58747999966462,37.029729999911943],[-121.58490200008922,37.030555000038291],[-121.58627999956538,37.033233999930381],[-121.5874370000069,37.034722000111692],[-121.58848599959511,37.036985000190526],[-121.58925399987422,37.037208000165947],[-121.59740000012572,37.035510000042215],[-121.59761000018801,37.033039999878788],[-121.59801000022109,37.028858999746319],[-121.59807999964298,37.028010000017879],[-121.59864299988267,37.02283800008049],[-121.5988400004245,37.020689999697382],[-121.59892999993788,37.019882999840085]]]},"properties":{"GEOID":"06085512505","STATE":"06","COUNTY":"085","TRACT":"512505","BASENAME":"5125.05","NAME":"Census Tract 5125.05"}},{"type":"Feature","geometry":{"type":"Polygon","coordinates":[[[-122.11994099977892,37.406425000180143],[-122.1200529999319,37.406258000221996],[-122.11822000017106,37.404569999810526],[-122.11698900010968,37.403497999650348],[-122.11574999965238,37.402419999805318],[-122.113540000323,37.401129999877668],[-122.11343999986558,37.401269999937298],[-122.11073000004566,37.405779999647351],[-122.11014000004181,37.406690000255558],[-122.1083099997557,37.408080000283547],[-122.11563699967448,37.41269899966462],[-122.11650799988574,37.411302999666319],[-122.11729100023349,37.410653000016993],[-122.11801500013168,37.409153999893299],[-122.11788000041246,37.40849500009508],[-122.11867499955743,37.407642000072919],[-122.11994099977892,37.406425000180143]]]},"properties":{"GEOID":"06085509401","STATE":"06","COUNTY":"085","TRACT":"509401","BASENAME":"5094.01","NAME":"Census Tract 5094.01"}},{"type":"Feature","geometry":{"type":"Polygon","coordinates":[[[-122.10187999998747,37.395830000081723],[-122.1019800004449,37.395689999850916],[-122.10111599990634,37.395306999738892],[-122.09730999974427,37.393609999875629],[-122.09645299977667,37.392986000332307],[-122.09412000042367,37.396690000044281],[-122.09255999957597,37.399179999686858],[-122.0917160000272,37.400694000014632],[-122.09367000016185,37.401470000282352],[-122.09746999957784,37.402980000251745],[-122.09995000014226,37.398979999652866],[-122.10124999980063,37.396839999707566],[-122.10187999998747,37.395830000081723]]]},"properties":{"GEOID":"06085509403","STATE":"06","COUNTY":"085","TRACT":"509403","BASENAME":"5094.03","NAME":"Census Tract 5094.03"}},{"type":"Feature","geometry":{"type":"Polygon","coordinates":[[[-122.11343999986558,37.401269999937298],[-122.113540000323,37.401129999877668],[-122.10636999986474,37.397629999736004],[-122.1019800004449,37.395689999850916],[-122.10187999998747,37.395830000081723],[-122.10124999980063,37.396839999707566],[-122.09995000014226,37.398979999652866],[-122.09746999957784,37.402980000251745],[-122.10203599962308,37.404791999867804],[-122.10450000029398,37.405820000063152],[-122.10604099997677,37.406661999720988],[-122.1083099997557,37.408080000283547],[-122.11014000004181,37.406690000255558],[-122.11073000004566,37.405779999647351],[-122.11343999986558,37.401269999937298]]]},"properties":{"GEOID":"06085509404","STATE":"06","COUNTY":"085","TRACT":"509404","BASENAME":"5094.04","NAME":"Census Tract 5094.04"}},{"type":"Feature","geometry":{"type":"Polygon","coordinates":[[[-122.09645299977667,37.392986000332307],[-122.0945170000837,37.391071000332104],[-122.0913300002378,37.389339999960463],[-122.08830999989821,37.387840000323521],[-122.08796699976654,37.388593999785982],[-122.08662000025254,37.390430000115302],[-122.08334999966767,37.395560000116163],[-122.08219399994935,37.396916999827241],[-122.09131199979618,37.400534000122569],[-122.0917160000272,37.400694000014632],[-122.09255999957597,37.399179999686858],[-122.09412000042367,37.396690000044281],[-122.09645299977667,37.392986000332307]]]},"properties":{"GEOID":"06085509500","STATE":"06","COUNTY":"085","TRACT":"509500","BASENAME":"5095","NAME":"Census Tract 5095"}},{"type":"Feature","geometry":{"type":"Polygon","coordinates":[[[-121.87812300000031,37.271141000020329],[-121.87807299977162,37.268274999905863],[-121.87718800021496,37.265769000141184],[-121.87561099964884,37.263275000092236],[-121.87290199965385,37.264019999897926],[-121.86889300000054,37.265023999764693],[-121.86627699989195,37.265623000142341],[-121.86599800023269,37.265643999978415],[-121.85891900001107,37.266054000336901],[-121.8553520002236,37.265985999650702],[-121.85247400017421,37.265663999646641],[-121.85157000035097,37.267102000119067],[-121.85216600020263,37.274555000019028],[-121.85464300039402,37.274518999859339],[-121.85722500016738,37.274470999857982],[-121.86001700000304,37.274418999643167],[-121.86293900043336,37.274450000339151],[-121.86367699967691,37.274486999861814],[-121.87040100007133,37.275276999665927],[-121.87530199985234,37.275737999778471],[-121.87678900000677,37.275700000127152],[-121.87628100001865,37.274586999987655],[-121.87805600005318,37.272582999830675],[-121.87812300000031,37.271141000020329]]]},"properties":{"GEOID":"06085512005","STATE":"06","COUNTY":"085","TRACT":"512005","BASENAME":"5120.05","NAME":"Census Tract 5120.05"}},{"type":"Feature","geometry":{"type":"Polygon","coordinates":[[[-122.08796699976654,37.388593999785982],[-122.08830999989821,37.387840000323521],[-122.0839699998088,37.385699999949473],[-122.08075000035096,37.384119999915256],[-122.07908999994415,37.386730000042704],[-122.07838000028968,37.388090000324851],[-122.0764799996834,37.391093999949618],[-122.0729100004212,37.389689999720815],[-122.07142999993945,37.392000000122898],[-122.06859999957065,37.391159999712826],[-122.06857000033173,37.391479999925387],[-122.07791999998214,37.395220000018291],[-122.08219399994935,37.396916999827241],[-122.08334999966767,37.395560000116163],[-122.08662000025254,37.390430000115302],[-122.08796699976654,37.388593999785982]]]},"properties":{"GEOID":"06085509600","STATE":"06","COUNTY":"085","TRACT":"509600","BASENAME":"5096","NAME":"Census Tract 5096"}},{"type":"Feature","geometry":{"type":"Polygon","coordinates":[[[-122.07908999994415,37.386730000042704],[-122.08075000035096,37.384119999915256],[-122.07778600008784,37.382640000024637],[-122.07758000022352,37.382540000135961],[-122.07274999968929,37.380139999921013],[-122.06776100004474,37.378132000041305],[-122.06841799999579,37.384223999889407],[-122.06884999981591,37.388660000322673],[-122.06859999957065,37.391159999712826],[-122.07142999993945,37.392000000122898],[-122.0729100004212,37.389689999720815],[-122.0764799996834,37.391093999949618],[-122.07838000028968,37.388090000324851],[-122.07908999994415,37.386730000042704]]]},"properties":{"GEOID":"06085509700","STATE":"06","COUNTY":"085","TRACT":"509700","BASENAME":"5097","NAME":"Census Tract 5097"}},{"type":"Feature","geometry":{"type":"Polygon","coordinates":[[[-122.08693200042207,37.376746999796204],[-122.08702000028562,37.373550000333779],[-122.08644000032747,37.373639999963075],[-122.07790599973846,37.373449000303928],[-122.0776200004065,37.374600000236001],[-122.07780000033154,37.3791400002426],[-122.07778600008784,37.382640000024637],[-122.08075000035096,37.384119999915256],[-122.0839699998088,37.385699999949473],[-122.08496999989147,37.384059999754719],[-122.08698000010264,37.380930000346552],[-122.08694999996541,37.37915999971014],[-122.08694999996541,37.3772000001319],[-122.08693200042207,37.376746999796204]]]},"properties":{"GEOID":"06085509802","STATE":"06","COUNTY":"085","TRACT":"509802","BASENAME":"5098.02","NAME":"Census Tract 5098.02"}},{"type":"Feature","geometry":{"type":"Polygon","coordinates":[[[-122.09596999990293,37.370759999673794],[-122.09603000017738,37.366897999944605],[-122.09428000025723,37.366890000135562],[-122.08976699991543,37.366852000138508],[-122.08977000028845,37.365040000147182],[-122.08698000010264,37.365019999770752],[-122.08230799975217,37.364635000231068],[-122.07785999970767,37.365099999816643],[-122.07785999970767,37.365819999961353],[-122.07785300003501,37.366167999756023],[-122.07785499968482,37.36681200034625],[-122.07787999979917,37.371560000057279],[-122.07790599973846,37.373449000303928],[-122.08644000032747,37.373639999963075],[-122.08702000028562,37.373550000333779],[-122.0952500002027,37.373349999739766],[-122.09593999976572,37.373679999684299],[-122.09596999990293,37.370759999673794]]]},"properties":{"GEOID":"06085509901","STATE":"06","COUNTY":"085","TRACT":"509901","BASENAME":"5099.01","NAME":"Census Tract 5099.01"}},{"type":"Feature","geometry":{"type":"Polygon","coordinates":[[[-122.05054999964989,37.355770000100115],[-122.05054999964989,37.352199999784361],[-122.05053999960413,37.352070000349421],[-122.0415399997581,37.352070000349421],[-122.03802200037444,37.352089999892634],[-122.03242000026145,37.35203999995354],[-122.03238599992629,37.354527999768081],[-122.03242000026145,37.355250000033472],[-122.03243100013212,37.356422000168671],[-122.03235999998701,37.358950000123357],[-122.03791000022144,37.358979999899681],[-122.04152999971235,37.359399999793311],[-122.05020999989125,37.359420000239588],[-122.05026000011996,37.357100000028609],[-122.05054999964989,37.355770000100115]]]},"properties":{"GEOID":"06085508403","STATE":"06","COUNTY":"085","TRACT":"508403","BASENAME":"5084.03","NAME":"Census Tract 5084.03"}},{"type":"Feature","geometry":{"type":"Polygon","coordinates":[[[-121.94543000029836,37.243372000278406],[-121.9461650000672,37.243564000009933],[-121.94461000014071,37.237880000171927],[-121.94428200007764,37.236492000006265],[-121.94269000034123,37.236116999766622],[-121.94025599980755,37.236119999999033],[-121.93455800033342,37.236150000171506],[-121.92546999972555,37.236140000353757],[-121.92511099970034,37.236146999940232],[-121.92438000012947,37.236159999987919],[-121.92261099994273,37.2361869999148],[-121.92270999967693,37.240221000158996],[-121.92266600019433,37.242630000048017],[-121.92265399960043,37.243487999683047],[-121.92516099992906,37.243473999727392],[-121.92567300011513,37.243465999649416],[-121.92762399987674,37.243450999947811],[-121.93124099989292,37.243419000336132],[-121.93113999961058,37.24022999965085],[-121.9332100000962,37.24016999968083],[-121.93331399985325,37.243419000336132],[-121.93380699977277,37.243417000136454],[-121.93638299969835,37.243401999710017],[-121.93755100001054,37.243403999910043],[-121.94033199997553,37.243395000082089],[-121.94106699974438,37.243339999918049],[-121.94543000029836,37.243372000278406]]]},"properties":{"GEOID":"06085506804","STATE":"06","COUNTY":"085","TRACT":"506804","BASENAME":"5068.04","NAME":"Census Tract 5068.04"}},{"type":"Feature","geometry":{"type":"Polygon","coordinates":[[[-121.57374999974178,37.008930000044153],[-121.57229000024985,37.005749999956116],[-121.57160999983431,37.004129999819597],[-121.56919999959005,37.004850000236544],[-121.56828999991903,37.002889999736347],[-121.56695799957534,36.999967000163892],[-121.56578000011569,37.000260000290147],[-121.56187000019656,36.991550000272809],[-121.56144599987404,36.990432999931123],[-121.56094000043406,36.989210000026638],[-121.56016999960681,36.987820000148027],[-121.55825999985306,36.986749999918047],[-121.55599000024924,36.998489999902077],[-121.55599000024924,37.00152000024206],[-121.55688999987451,37.00473000028191],[-121.55958999964867,37.009819999886922],[-121.5623439998495,37.008808000120773],[-121.56274999973037,37.011609999986405],[-121.57003999983921,37.009619999782274],[-121.57018999962705,37.009989999920769],[-121.57374999974178,37.008930000044153]]]},"properties":{"GEOID":"06085512603","STATE":"06","COUNTY":"085","TRACT":"512603","BASENAME":"5126.03","NAME":"Census Tract 5126.03"}},{"type":"Feature","geometry":{"type":"Polygon","coordinates":[[[-121.81997799993002,37.269292000284288],[-121.82210600014196,37.267429999809991],[-121.81900899980945,37.265462000251254],[-121.81352499969726,37.262195999947757],[-121.81029900039165,37.260201999791853],[-121.80998100037435,37.261581999813039],[-121.80987500006913,37.26850400012021],[-121.80833299966312,37.269089999897879],[-121.80886599976557,37.269383999976313],[-121.81175700023377,37.269194999904521],[-121.81364900044414,37.269185000182532],[-121.81567899984847,37.269194999904521],[-121.81851400024014,37.269695000037771],[-121.81997799993002,37.269292000284288]]]},"properties":{"GEOID":"06085512042","STATE":"06","COUNTY":"085","TRACT":"512042","BASENAME":"5120.42","NAME":"Census Tract 5120.42"}},{"type":"Feature","geometry":{"type":"Polygon","coordinates":[[[-122.16168700011436,37.44160300008302],[-122.15789199982295,37.43936899983597],[-122.15614000025298,37.438259999706666],[-122.14321000039635,37.442149999894077],[-122.14932999964485,37.446020000246229],[-122.15054999983558,37.44677999978812],[-122.15302000035427,37.448370000151286],[-122.1542899998754,37.449140000090324],[-122.15789000017315,37.445509999659549],[-122.16168700011436,37.44160300008302]]]},"properties":{"GEOID":"06085511301","STATE":"06","COUNTY":"085","TRACT":"511301","BASENAME":"5113.01","NAME":"Census Tract 5113.01"}},{"type":"Feature","geometry":{"type":"Polygon","coordinates":[[[-121.65141000014599,37.132689999692175],[-121.65268999971288,37.131730000103182],[-121.64724999998161,37.126410000137298],[-121.63375000021254,37.131539999740426],[-121.63635000042758,37.135820000042777],[-121.64106999956032,37.140949999769468],[-121.64232800028419,37.13989700001855],[-121.64338000024543,37.139040000163689],[-121.65141000014599,37.132689999692175]]]},"properties":{"GEOID":"06085512312","STATE":"06","COUNTY":"085","TRACT":"512312","BASENAME":"5123.12","NAME":"Census Tract 5123.12"}},{"type":"Feature","geometry":{"type":"Polygon","coordinates":[[[-121.78808599993343,37.317705000169951],[-121.7882809999271,37.317329999935893],[-121.7871829999351,37.314619000122825],[-121.78324399970366,37.315209999844711],[-121.7773760003502,37.316300999748201],[-121.77518200001604,37.316412000108834],[-121.7664690002252,37.317752999739071],[-121.75841099983724,37.318994000178868],[-121.75796999979626,37.319261000181442],[-121.7587740000604,37.322049000268372],[-121.75555000040461,37.320858999709984],[-121.75466400012471,37.322415000147465],[-121.7533190002605,37.322946000269397],[-121.74863199984142,37.322493000347961],[-121.74578899995217,37.323651000231564],[-121.74464300027958,37.322236000214602],[-121.74447900024803,37.323790999897945],[-121.74312900036097,37.322908000172781],[-121.74241399978531,37.323380999781172],[-121.74556700019428,37.326728000309572],[-121.74551299976764,37.329407000293635],[-121.74758499990305,37.328342999662638],[-121.74790000044564,37.330697000319851],[-121.75151999993655,37.331270999970563],[-121.75537999962697,37.334947000057525],[-121.75922400032216,37.336416000097202],[-121.76072499982199,37.33666400019203],[-121.76324100037147,37.336123999707745],[-121.76460700015204,37.335325000084701],[-121.76559200016614,37.333990000265445],[-121.76662499986081,37.333616999814133],[-121.76824699973443,37.333022999900642],[-121.76993399990539,37.332514000010129],[-121.77067299987222,37.332241000004949],[-121.7686450001177,37.33079700001695],[-121.76767199979918,37.331438999787849],[-121.76617999962188,37.332132000152228],[-121.76495299975844,37.332347999719659],[-121.76635399969916,37.330291000096558],[-121.76610099997917,37.328731999767015],[-121.76636100027014,37.327736000241735],[-121.7700100000734,37.325877999753267],[-121.77059900025236,37.325764999645159],[-121.78214099968879,37.324966999942532],[-121.7819080000603,37.323091999785227],[-121.77911700004954,37.320142999741357],[-121.7795210002806,37.319892999805944],[-121.78189499964151,37.319093000282436],[-121.78808599993343,37.317705000169951]]]},"properties":{"GEOID":"06085503326","STATE":"06","COUNTY":"085","TRACT":"503326","BASENAME":"5033.26","NAME":"Census Tract 5033.26"}},{"type":"Feature","geometry":{"type":"Polygon","coordinates":[[[-121.8019099995676,37.312416000318194],[-121.79788099982275,37.306615000080562],[-121.79615400036712,37.304211999671224],[-121.79502299986488,37.303673999654599],[-121.79398799962208,37.305618000052881],[-121.79430800018751,37.306197999651879],[-121.79033799999391,37.306717000332007],[-121.78796600028285,37.307854000135137],[-121.78762399997608,37.306450999694391],[-121.7849989996467,37.306293999878349],[-121.78292700040956,37.30373300011393],[-121.78043900034753,37.303172000123141],[-121.77872700006219,37.301191000137457],[-121.77454799963124,37.30185799975574],[-121.77315199971342,37.299589000274878],[-121.77162500027434,37.299159000295617],[-121.77134099969389,37.299343999873386],[-121.77787199974445,37.305974000075793],[-121.78023099993507,37.308295999849257],[-121.78551699968055,37.310218000252569],[-121.79044099992608,37.313105000096634],[-121.79156599968226,37.313958000077896],[-121.7945750001512,37.313523000325247],[-121.79614099994836,37.313289000131547],[-121.8019099995676,37.312416000318194]]]},"properties":{"GEOID":"06085503327","STATE":"06","COUNTY":"085","TRACT":"503327","BASENAME":"5033.27","NAME":"Census Tract 5033.27"}},{"type":"Feature","geometry":{"type":"Polygon","coordinates":[[[-121.79984699965297,37.257063000336522],[-121.80249000042403,37.255624999799899],[-121.79240799958121,37.249630999643529],[-121.78609499998886,37.245853999882748],[-121.77799099957014,37.240984999839782],[-121.77071600042822,37.242042000128428],[-121.76955899998669,37.242066999858409],[-121.78119099983479,37.248540000316531],[-121.78918300010051,37.252919999669338],[-121.79023800043483,37.25350000007279],[-121.79421699995093,37.255636000187657],[-121.79648099970696,37.257159000338625],[-121.79984699965297,37.257063000336522]]]},"properties":{"GEOID":"06085512039","STATE":"06","COUNTY":"085","TRACT":"512039","BASENAME":"5120.39","NAME":"Census Tract 5120.39"}},{"type":"Feature","geometry":{"type":"Polygon","coordinates":[[[-121.85157000035097,37.267102000119067],[-121.85247400017421,37.265663999646641],[-121.85143399990852,37.265527000204315],[-121.85060500042836,37.26550600033562],[-121.8465740001354,37.265864000326282],[-121.84478599968212,37.265966000067991],[-121.84102899992385,37.265995000354849],[-121.84095299975587,37.269627999889451],[-121.84079600029533,37.26999599991521],[-121.83959100017321,37.272248999979546],[-121.8395130003554,37.273011000025086],[-121.83754199960401,37.273173000278952],[-121.83954199976942,37.274495000219872],[-121.84009900016136,37.275037000339772],[-121.84189699976207,37.276928000333868],[-121.8443000003336,37.275394000016114],[-121.84526100005826,37.274965999787838],[-121.84697699964323,37.274645000342886],[-121.84983999962398,37.274576000223348],[-121.85216600020263,37.274555000019028],[-121.85157000035097,37.267102000119067]]]},"properties":{"GEOID":"06085512019","STATE":"06","COUNTY":"085","TRACT":"512019","BASENAME":"5120.19","NAME":"Census Tract 5120.19"}},{"type":"Feature","geometry":{"type":"Polygon","coordinates":[[[-121.83352200008001,37.269340000013308],[-121.83193199999342,37.268000000132936],[-121.83108699972144,37.265980000133915],[-121.83090799962126,37.261687999779255],[-121.83090599997145,37.258771999719684],[-121.82898799982181,37.258785000154624],[-121.82330899971595,37.258856999772895],[-121.81935799978892,37.258884000148235],[-121.81211000041118,37.259050000336686],[-121.81029900039165,37.260201999791853],[-121.81352499969726,37.262195999947757],[-121.81900899980945,37.265462000251254],[-121.82210600014196,37.267429999809991],[-121.82904999974608,37.272402999863878],[-121.83352200008001,37.269340000013308]]]},"properties":{"GEOID":"06085512021","STATE":"06","COUNTY":"085","TRACT":"512021","BASENAME":"5120.21","NAME":"Census Tract 5120.21"}},{"type":"Feature","geometry":{"type":"Polygon","coordinates":[[[-122.01280500036847,37.395557999679312],[-122.01497000039029,37.388779999657331],[-122.0124709995593,37.388240000068258],[-122.00802000004008,37.388299999738848],[-122.00288999993023,37.388419999649727],[-122.00048899990681,37.388476000065815],[-121.99920000011912,37.388379999938714],[-121.99584000002089,37.388646000256955],[-121.99593000043257,37.39106500008937],[-122.00257299973781,37.392967000166323],[-122.00867399961807,37.394656999770866],[-122.01028600034427,37.394999999888789],[-122.01280500036847,37.395557999679312]]]},"properties":{"GEOID":"06085508900","STATE":"06","COUNTY":"085","TRACT":"508900","BASENAME":"5089","NAME":"Census Tract 5089"}},{"type":"Feature","geometry":{"type":"Polygon","coordinates":[[[-121.83090599997145,37.258771999719684],[-121.8308399998492,37.25701900032449],[-121.83082399995568,37.255870999832197],[-121.8308110004352,37.254769999848598],[-121.83083800019939,37.251287999849126],[-121.82507399970471,37.251397999976312],[-121.82181800026187,37.251425999801],[-121.81749400006595,37.251458999938549],[-121.81760799986877,37.252572000144148],[-121.81758899960219,37.256383999904962],[-121.81782600032697,37.257032000346975],[-121.81935799978892,37.258884000148235],[-121.82330899971595,37.258856999772895],[-121.82898799982181,37.258785000154624],[-121.83090599997145,37.258771999719684]]]},"properties":{"GEOID":"06085512023","STATE":"06","COUNTY":"085","TRACT":"512023","BASENAME":"5120.23","NAME":"Census Tract 5120.23"}},{"type":"Feature","geometry":{"type":"Polygon","coordinates":[[[-122.08686999959946,37.352460000121035],[-122.08758000015227,37.352639999881575],[-122.08553800015405,37.351067999776113],[-122.07797000021085,37.345430000314245],[-122.06960999969911,37.339010000166169],[-122.06871000007384,37.337969999950964],[-122.06779600020485,37.337892000104269],[-122.06722000044468,37.337528999669424],[-122.0623999999562,37.33754000022784],[-122.06205699982453,37.338075000248558],[-122.06519199979188,37.34315000007453],[-122.06363799969029,37.346967999751406],[-122.06469600039763,37.348950999703739],[-122.06307899964854,37.352053999711302],[-122.06336300022897,37.352060999946282],[-122.06886900008249,37.352036000328269],[-122.06936000035218,37.35203999995354],[-122.07776000014859,37.352170000154473],[-122.07807999981571,37.352199999784361],[-122.08570300001047,37.35235200005755],[-122.08686999959946,37.352460000121035]]]},"properties":{"GEOID":"06085510002","STATE":"06","COUNTY":"085","TRACT":"510002","BASENAME":"5100.02","NAME":"Census Tract 5100.02"}},{"type":"Feature","geometry":{"type":"Polygon","coordinates":[[[-122.09059399974578,37.34425499975864],[-122.09162200031588,37.341594999690614],[-122.08965599958734,37.340627000220884],[-122.08469999955474,37.337910000021132],[-122.08316600044294,37.336885999876095],[-122.08246000008813,37.336393000141939],[-122.07873000009404,37.334049999755287],[-122.07631099962897,37.33341100008272],[-122.07582399955726,37.333354000012179],[-122.07320999999685,37.333449999842919],[-122.06851500008014,37.334190000045282],[-122.06818100016933,37.335453000044438],[-122.06817000029866,37.336590000151503],[-122.06871000007384,37.337969999950964],[-122.06960999969911,37.339010000166169],[-122.07797000021085,37.345430000314245],[-122.08553800015405,37.351067999776113],[-122.08585500034646,37.348849000355152],[-122.08750399998426,37.346509000180617],[-122.09059399974578,37.34425499975864]]]},"properties":{"GEOID":"06085510100","STATE":"06","COUNTY":"085","TRACT":"510100","BASENAME":"5101","NAME":"Census Tract 5101"}},{"type":"Feature","geometry":{"type":"Polygon","coordinates":[[[-121.80160400014415,37.355527000099897],[-121.8014109998003,37.353547999869001],[-121.79990600010252,37.352573000060794],[-121.79702999970297,37.350593999788273],[-121.79485600035861,37.349100999880328],[-121.79418900036183,37.348606999861929],[-121.79332999984612,37.348078999778707],[-121.79063599991974,37.346218000273652],[-121.79079900012637,37.343673999753761],[-121.78999599968715,37.342069000069898],[-121.78520200003628,37.338684000222578],[-121.78168299992939,37.339398000134452],[-121.78019599977496,37.339188000234799],[-121.77253400012043,37.333771999763144],[-121.77178799958264,37.331855000201493],[-121.77067299987222,37.332241000004949],[-121.76993399990539,37.332514000010129],[-121.76824699973443,37.333022999900642],[-121.76662499986081,37.333616999814133],[-121.76559200016614,37.333990000265445],[-121.76460700015204,37.335325000084701],[-121.76324100037147,37.336123999707745],[-121.76072499982199,37.33666400019203],[-121.75922400032216,37.336416000097202],[-121.75537999962697,37.334947000057525],[-121.75151999993655,37.331270999970563],[-121.74790000044564,37.330697000319851],[-121.74758499990305,37.328342999662638],[-121.74551299976764,37.329407000293635],[-121.74455200004299,37.330411999952766],[-121.74285300017645,37.328900000261775],[-121.74326599973003,37.331650999922459],[-121.74192000004091,37.332054999951218],[-121.73955099980455,37.331849000222178],[-121.73560499990039,37.332571000003753],[-121.7331610002193,37.333740999941796],[-121.7335210000694,37.336742999816991],[-121.73256299981949,37.339344999909081],[-121.74103100028627,37.353778999824513],[-121.74248499993043,37.355513999957218],[-121.7447999997401,37.359399000163556],[-121.7458910000594,37.360707000010073],[-121.74748399962073,37.361538999871605],[-121.74904600011821,37.361411999711763],[-121.75394600007431,37.363750999862248],[-121.75815599956908,37.363088999828712],[-121.76063600013353,37.363290000224431],[-121.76305700024845,37.364220000332352],[-121.76528900021742,37.366777999863515],[-121.76748100000346,37.36818099978106],[-121.76755600034654,37.369354000232271],[-121.76899300027225,37.370346999780459],[-121.77001500009625,37.372045000209653],[-121.77138199970176,37.372188000138813],[-121.77211800019384,37.373311000000854],[-121.77162600009923,37.37422600006466],[-121.77347399992871,37.375381000018827],[-121.77311699955331,37.376258999706167],[-121.77719700025008,37.378097999692066],[-121.78092200022131,37.378453000269069],[-121.78381199996622,37.377816999743082],[-121.78107700003197,37.377428999889247],[-121.77870100012294,37.376338999903389],[-121.77735799990855,37.376594000274949],[-121.77524499976526,37.375388000219587],[-121.77444899989705,37.374272999778213],[-121.77395900035059,37.371944999757737],[-121.77509300032759,37.370677000085209],[-121.77457399957049,37.368543999807819],[-121.77323000042954,37.366453000078209],[-121.77219000016385,37.365749000159937],[-121.77357199983798,37.365810000234703],[-121.774925999923,37.36687800006343],[-121.77930199999747,37.367531000248171],[-121.78138500000355,37.365557999686956],[-121.779177000324,37.362580000237244],[-121.77895999969071,37.361120000131422],[-121.77793299984383,37.360377999739214],[-121.77917499977586,37.359306999897051],[-121.77798300007254,37.358035000113858],[-121.77798700027051,37.357943999966537],[-121.77737200015225,37.353814999892684],[-121.78148999958556,37.352748999963097],[-121.78623599955584,37.354164000074974],[-121.78994800000656,37.353766000093231],[-121.79191999968458,37.354510000264163],[-121.79504299995637,37.354251000299485],[-121.79546499973073,37.354360000184016],[-121.79833699993233,37.355630999731979],[-121.80160400014415,37.355527000099897]]]},"properties":{"GEOID":"06085503312","STATE":"06","COUNTY":"085","TRACT":"503312","BASENAME":"5033.12","NAME":"Census Tract 5033.12"}},{"type":"Feature","geometry":{"type":"Polygon","coordinates":[[[-121.94751999997713,37.377750000270446],[-121.94618799963341,37.375119999715515],[-121.94577400025496,37.373634999907175],[-121.94356999987504,37.373099999853657],[-121.94330000043662,37.372070000301818],[-121.94126400028618,37.369870000279093],[-121.9412580004384,37.368024999949846],[-121.94146599995256,37.367221999704725],[-121.94153700009765,37.36694900022438],[-121.94153999957238,37.366540000336656],[-121.94135299997464,37.366502999697467],[-121.9406459997949,37.366436000114412],[-121.93940899988573,37.364409000087363],[-121.93315300019478,37.358648999918728],[-121.93470999977107,37.356780000207003],[-121.93211100027928,37.356424000221466],[-121.93213499967038,37.351218999746266],[-121.92377300040717,37.346991999833833],[-121.92190899978587,37.346027000084852],[-121.91337900029312,37.352199000058718],[-121.91124799970812,37.354176000038066],[-121.9070209995966,37.35839500031323],[-121.90462600031927,37.360776999972785],[-121.90277699976662,37.362561999808356],[-121.90178000005696,37.364029000251101],[-121.90235900019019,37.364214999648588],[-121.90416400036192,37.364940999909436],[-121.90476600006136,37.365267000083847],[-121.90958900002455,37.369069999721681],[-121.91117699956301,37.369860999868692],[-121.91687599976035,37.371660000308495],[-121.9172020001736,37.371740999878853],[-121.91945500005902,37.372029999722031],[-121.92542100022006,37.373041000318715],[-121.92739200007314,37.373542999961487],[-121.92783599958884,37.373627000102601],[-121.92801800006202,37.373679999684299],[-121.93172499959159,37.374560000291432],[-121.93301699975234,37.374873999853691],[-121.94163599983186,37.376633999848679],[-121.94172500041863,37.376648000015663],[-121.94751999997713,37.377750000270446]]]},"properties":{"GEOID":"06085505100","STATE":"06","COUNTY":"085","TRACT":"505100","BASENAME":"5051","NAME":"Census Tract 5051"}},{"type":"Feature","geometry":{"type":"Polygon","coordinates":[[[-121.99482400004466,37.252020000065876],[-121.9951799996968,37.250809999823623],[-121.98527000017975,37.250080000030088],[-121.98163999974479,37.251119999722071],[-121.98090999999883,37.252415999785846],[-121.98051300033877,37.25189600031068],[-121.98008399999338,37.249606999937697],[-121.97932900013306,37.249545999906161],[-121.97957600000527,37.252428000264906],[-121.9799790004114,37.25431699970494],[-121.97809499969863,37.253865000016198],[-121.97726200002049,37.251135000042275],[-121.97672300007024,37.249333999975157],[-121.97390799977006,37.251445000033662],[-121.96918000024139,37.250839999869498],[-121.96733999990956,37.253219999769776],[-121.96418999987364,37.258450000330434],[-121.96631999973538,37.259012999663099],[-121.96881000034553,37.259699999776068],[-121.97828899986737,37.263891999850131],[-121.98033000004068,37.26474999973199],[-121.9817829998599,37.265035000209629],[-121.98496200020818,37.266509000257535],[-121.98519999985955,37.266610999840516],[-121.99065499965941,37.269106000330474],[-121.99065499965941,37.266632000115983],[-121.9919619998888,37.263628999923696],[-121.99193799959934,37.262885000023708],[-121.99187700039832,37.259271999706776],[-121.99266999989345,37.258021000044728],[-121.99308800036819,37.256415999731047],[-121.99297399966706,37.254136999691937],[-121.99338499957082,37.252954000198351],[-121.99482400004466,37.252020000065876]]]},"properties":{"GEOID":"06085507205","STATE":"06","COUNTY":"085","TRACT":"507205","BASENAME":"5072.05","NAME":"Census Tract 5072.05"}},{"type":"Feature","geometry":{"type":"Polygon","coordinates":[[[-122.03072999971747,37.388449999775844],[-122.03213999987899,37.384190000160785],[-122.02668000005625,37.383039999673201],[-122.02109800003474,37.381788999887405],[-122.0187499997148,37.380419999668547],[-122.01710000025206,37.385310000198785],[-122.02027600022728,37.386345999846597],[-122.02578999957839,37.388159999719051],[-122.03054999979237,37.389740000266897],[-122.03072999971747,37.388449999775844]]]},"properties":{"GEOID":"06085508800","STATE":"06","COUNTY":"085","TRACT":"508800","BASENAME":"5088","NAME":"Census Tract 5088"}},{"type":"Feature","geometry":{"type":"Polygon","coordinates":[[[-122.05227000033112,37.385969999741533],[-122.05231100033902,37.385744000346712],[-122.04469999983978,37.383220000317898],[-122.03360000026923,37.37957000011091],[-122.03213999987899,37.384190000160785],[-122.03072999971747,37.388449999775844],[-122.03054999979237,37.389740000266897],[-122.03049000041624,37.390329999910151],[-122.027860000064,37.398860000232681],[-122.03593699982021,37.400636999655156],[-122.03736100022545,37.40090600009465],[-122.04687200043267,37.40300599978346],[-122.04740299998697,37.401552000262377],[-122.04497900039738,37.399821999814606],[-122.04664700030176,37.394961999859397],[-122.04498100004716,37.394453000294298],[-122.04635100002574,37.390265999994334],[-122.04741999970543,37.388870000281315],[-122.04742999975119,37.388029999772499],[-122.04743999979689,37.386479999788975],[-122.04968000016183,37.385870000011217],[-122.05217999991945,37.386149999776514],[-122.05227000033112,37.385969999741533]]]},"properties":{"GEOID":"06085509102","STATE":"06","COUNTY":"085","TRACT":"509102","BASENAME":"5091.02","NAME":"Census Tract 5091.02"}},{"type":"Feature","geometry":{"type":"Polygon","coordinates":[[[-121.81935799978892,37.258884000148235],[-121.81782600032697,37.257032000346975],[-121.81758899960219,37.256383999904962],[-121.81760799986877,37.252572000144148],[-121.81749400006595,37.251458999938549],[-121.81284099998206,37.251494000046989],[-121.8098020002742,37.251250000014899],[-121.80886199956763,37.251543000028512],[-121.80775199988005,37.2518489998196],[-121.80402400043414,37.251476000177163],[-121.80208500036808,37.254839000242221],[-121.80289799995472,37.255330000047621],[-121.80249000042403,37.255624999799899],[-121.80574300039214,37.257491000087853],[-121.81029900039165,37.260201999791853],[-121.81211000041118,37.259050000336686],[-121.81935799978892,37.258884000148235]]]},"properties":{"GEOID":"06085512022","STATE":"06","COUNTY":"085","TRACT":"512022","BASENAME":"5120.22","NAME":"Census Tract 5120.22"}},{"type":"Feature","geometry":{"type":"Polygon","coordinates":[[[-121.76530199973793,37.290989000296598],[-121.76535299979153,37.288745000235664],[-121.76352000003072,37.286729000354732],[-121.76256799962857,37.285198999989831],[-121.75971200021881,37.282939999804718],[-121.75929999959186,37.282552999911964],[-121.75873600042556,37.281247999915742],[-121.75707600001877,37.279899999912182],[-121.75029200024821,37.277851999673047],[-121.74881599996444,37.277093000052105],[-121.74564699966194,37.273505000204139],[-121.74434700000356,37.27298000016625],[-121.74142299992344,37.271300999834622],[-121.73849700019348,37.268702000162378],[-121.73416700014977,37.266964999718326],[-121.73105599957358,37.264874999948844],[-121.72757099980188,37.264056000073232],[-121.71695900012796,37.285041000220531],[-121.71695900012796,37.285541000172849],[-121.71246300040289,37.289149000042357],[-121.71458599969365,37.289309000172821],[-121.717611999881,37.288369000072905],[-121.72295399970299,37.287741000089568],[-121.72518999986995,37.288955000303318],[-121.73151000003334,37.290693999723004],[-121.73258299991096,37.290903000241563],[-121.7338380002618,37.291604999661821],[-121.73556399989252,37.291338000067817],[-121.73947100033691,37.292606000290398],[-121.74304499979706,37.293063999920079],[-121.74350099990666,37.293389999817812],[-121.7440609997733,37.293458000048105],[-121.74742000004662,37.292977000293895],[-121.74794800012621,37.291739000083304],[-121.75311699969583,37.292080999842412],[-121.75911700019208,37.291184000331491],[-121.76135400018393,37.290398000303327],[-121.76378000032172,37.290622999647226],[-121.76530199973793,37.290989000296598]]]},"properties":{"GEOID":"06085503332","STATE":"06","COUNTY":"085","TRACT":"503332","BASENAME":"5033.32","NAME":"Census Tract 5033.32"}},{"type":"Feature","geometry":{"type":"Polygon","coordinates":[[[-121.77787199974445,37.305974000075793],[-121.77134099969389,37.299343999873386],[-121.76805799958855,37.299358999877157],[-121.76426400002038,37.297806999922983],[-121.7604069998047,37.297964000306969],[-121.75797499981913,37.299421000003932],[-121.75580700032255,37.298982999880906],[-121.75298899964932,37.296876999854405],[-121.75046899980022,37.296682000283603],[-121.74838199959616,37.295561000028755],[-121.74792100036206,37.295352000301712],[-121.7465530000333,37.295073000315057],[-121.74605000006808,37.294803999901298],[-121.74545300039148,37.293984999748574],[-121.7440609997733,37.293458000048105],[-121.74350099990666,37.293389999817812],[-121.74304499979706,37.293063999920079],[-121.73947100033691,37.292606000290398],[-121.73556399989252,37.291338000067817],[-121.7338380002618,37.291604999661821],[-121.73258299991096,37.290903000241563],[-121.73151000003334,37.290693999723004],[-121.72518999986995,37.288955000303318],[-121.72295399970299,37.287741000089568],[-121.717611999881,37.288369000072905],[-121.71458599969365,37.289309000172821],[-121.71246300040289,37.289149000042357],[-121.70998700003642,37.2911389997086],[-121.71096799985254,37.295157000350756],[-121.71143200035806,37.297056999889094],[-121.71129300044086,37.298505000330621],[-121.71064200033763,37.301534999884382],[-121.71530200009423,37.309438000113687],[-121.73223300010659,37.338931000068762],[-121.73256299981949,37.339344999909081],[-121.7335210000694,37.336742999816991],[-121.7331610002193,37.333740999941796],[-121.73560499990039,37.332571000003753],[-121.73955099980455,37.331849000222178],[-121.74192000004091,37.332054999951218],[-121.74326599973003,37.331650999922459],[-121.74285300017645,37.328900000261775],[-121.74455200004299,37.330411999952766],[-121.74551299976764,37.329407000293635],[-121.74556700019428,37.326728000309572],[-121.74241399978531,37.323380999781172],[-121.74312900036097,37.322908000172781],[-121.74447900024803,37.323790999897945],[-121.74464300027958,37.322236000214602],[-121.74578899995217,37.323651000231564],[-121.74863199984142,37.322493000347961],[-121.7533190002605,37.322946000269397],[-121.75466400012471,37.322415000147465],[-121.75555000040461,37.320858999709984],[-121.7587740000604,37.322049000268372],[-121.75796999979626,37.319261000181442],[-121.75841099983724,37.318994000178868],[-121.7664690002252,37.317752999739071],[-121.77518200001604,37.316412000108834],[-121.77344100031674,37.31403599976742],[-121.77225700011101,37.311452999879563],[-121.7718980000858,37.309936000245948],[-121.77050999966558,37.307021999929276],[-121.77787199974445,37.305974000075793]]]},"properties":{"GEOID":"06085503330","STATE":"06","COUNTY":"085","TRACT":"503330","BASENAME":"5033.30","NAME":"Census Tract 5033.30"}},{"type":"Feature","geometry":{"type":"Polygon","coordinates":[[[-121.87600099963616,37.437420000103955],[-121.87327200044804,37.429501000156321],[-121.87238199997019,37.429697999674069],[-121.87148399999472,37.42998700008166],[-121.86403800025026,37.431655000081172],[-121.86463499992685,37.433499000154136],[-121.86575600038336,37.434258999902973],[-121.86600999992827,37.434360000028278],[-121.86720500000465,37.434787000351314],[-121.86981600009034,37.435727999967355],[-121.87273599997252,37.438216000189023],[-121.87600099963616,37.437420000103955]]]},"properties":{"GEOID":"06085504423","STATE":"06","COUNTY":"085","TRACT":"504423","BASENAME":"5044.23","NAME":"Census Tract 5044.23"}},{"type":"Feature","geometry":{"type":"Polygon","coordinates":[[[-122.20265299957684,37.363046000000942],[-122.20246699980402,37.360272000308306],[-122.19984300019784,37.355618000321378],[-122.19669599963662,37.351879999781659],[-122.19580299968406,37.350579999758182],[-122.19589899994351,37.348298999729032],[-122.19350399976791,37.34499700027537],[-122.19140400004336,37.343475000073148],[-122.19029000015786,37.34197000024237],[-122.18595400026639,37.338701000044281],[-122.18523200001799,37.33645900018093],[-122.18272300003957,37.332857000020624],[-122.17507499973041,37.325740999922708],[-122.17854600015674,37.32515800011376],[-122.17928000010066,37.326195000337933],[-122.18323500022564,37.326235000343743],[-122.18545799997382,37.32373699998611],[-122.18651599978283,37.322031000122941],[-122.18876000034572,37.320915999973096],[-122.19251299990603,37.31879500012456],[-122.19306199990201,37.31827700012601],[-122.19013100014919,37.317760000313626],[-122.18691300034119,37.315683000034213],[-122.18557000012682,37.311669999853876],[-122.18231999963344,37.309528000158011],[-122.17971100009588,37.311313000093826],[-122.17581700007028,37.312749000257121],[-122.17081199963387,37.311981999762949],[-122.16955899983117,37.310524999784384],[-122.16658399969742,37.305616999707226],[-122.16496699984665,37.305530000309247],[-122.16388300009837,37.304850999693421],[-122.16232999982169,37.304412999753659],[-122.16231200027835,37.303772000271074],[-122.16353499994383,37.301661999837791],[-122.16267200012845,37.30090399996309],[-122.16403899973398,37.298839000144739],[-122.16513799955089,37.297991999967792],[-122.16525999974962,37.296488999712217],[-122.16683800014063,37.2952369997871],[-122.16466300007305,37.294479000193199],[-122.1640399995589,37.294080999843018],[-122.16302500030588,37.293923999930129],[-122.16216099976728,37.293870999789988],[-122.16119300036995,37.29300099975724],[-122.15623399996433,37.291812000164462],[-122.15339000025013,37.289710000282334],[-122.15257000009248,37.288220000003726],[-122.15240400041112,37.286905000136542],[-122.15227800001443,37.286055000282957],[-122.15111899992306,37.283522999655531],[-122.14869000031057,37.280999999947873],[-122.14949000037673,37.278839999730081],[-122.14937999987356,37.277470000091519],[-122.15056999992707,37.276199999949107],[-122.14811899967495,37.275211000231337],[-122.14609000009554,37.272260000083854],[-122.14415000020458,37.270209999806376],[-122.14082000024358,37.269210000199855],[-122.13808000028645,37.266989999757868],[-122.13555000039163,37.265410000248437],[-122.13445999989725,37.263100000302103],[-122.13087999969098,37.260469999971384],[-122.12823299962028,37.259187000121884],[-122.12393000023908,37.25972000030788],[-122.12163799999563,37.258560000010114],[-122.12009599958961,37.256972999731907],[-122.11643000006795,37.252419999707399],[-122.11295000031912,37.249579999812603],[-122.11038000024132,37.245530000198514],[-122.10556999979858,37.240740000327925],[-122.1043599996536,37.23595999983128],[-122.10422999995724,37.234269999672783],[-122.10052000005466,37.233589999953388],[-122.09692599960471,37.231592999722757],[-122.09336899986297,37.229240000142347],[-122.09311500031809,37.227860999948611],[-122.09266699970611,37.225439999699113],[-122.08980999957312,37.223270000346126],[-122.08434999975037,37.222469999969668],[-122.08057999957332,37.223369999796539],[-122.0781290002195,37.222409000150748],[-122.07661600012584,37.220194000042945],[-122.0731499997224,37.218901999872664],[-122.07171399962159,37.217262000296216],[-122.07000999973218,37.216671999771521],[-122.0679479996425,37.214059000216807],[-122.06747800018753,37.212266999955922],[-122.06593300030677,37.210412999661131],[-122.06397999999704,37.210110999809544],[-122.06277499987493,37.210365000310361],[-122.06010900043597,37.212668999807455],[-122.05840399982335,37.213070999663358],[-122.05508700028113,37.212497000279065],[-122.0547890003553,37.21026200024415],[-122.04754799975193,37.204936000244231],[-122.04482000038871,37.201169999933498],[-122.04416000006464,37.201209999855983],[-122.04412099970655,37.200495000280824],[-122.03667300031229,37.202047000329657],[-122.03170600040903,37.204194000266753],[-122.0285649996956,37.207369000139614],[-122.03007600013947,37.207989999863031],[-122.02920900012614,37.213505999822772],[-122.02881499994085,37.216231000080924],[-122.02879999987225,37.217522000129676],[-122.02972499961187,37.217375000267864],[-122.03097800031289,37.21769100011312],[-122.03337000011545,37.217900000093955],[-122.03307999968725,37.218950000230507],[-122.03718999962291,37.223240000055966],[-122.03675000030516,37.224159999949592],[-122.03927000015425,37.225269999927242],[-122.03992000043262,37.226790000187144],[-122.03861999987593,37.229710000256226],[-122.03903099977965,37.2303899999227],[-122.03776999958103,37.231469999873205],[-122.04010000035765,37.231950000051221],[-122.04073999969194,37.233180000282573],[-122.04301100001899,37.23315999985779],[-122.04472199958109,37.231241000083926],[-122.04639200003361,37.232152999792639],[-122.04751099994203,37.235570999812744],[-122.04860999975892,37.237450000229252],[-122.04817700011387,37.239537999670453],[-122.0506840004425,37.241555000044684],[-122.05302099999349,37.24473599978824],[-122.05506899983945,37.245598999758045],[-122.05361500019532,37.248538999927135],[-122.05331800009441,37.250144000018615],[-122.05161300038007,37.251722999803789],[-122.05095200023109,37.252070000047837],[-122.05288299990121,37.251220999771014],[-122.05822999974608,37.252419999707399],[-122.05927000001174,37.252089999745301],[-122.06014000039811,37.252479999935233],[-122.06397800034721,37.252008999865176],[-122.06485100020832,37.252608000070929],[-122.06593699960642,37.255152000198187],[-122.06726399992729,37.256915000063863],[-122.06938100026858,37.258651999943858],[-122.07216499970831,37.258904000181737],[-122.07527200008653,37.261043000024124],[-122.0775719998276,37.260342999842443],[-122.08197200019151,37.2583429998379],[-122.08377200034039,37.258642999792102],[-122.08347199986642,37.261942999788303],[-122.08197200019151,37.263543000061091],[-122.07911800043158,37.265445999759265],[-122.0679130003807,37.2654010001893],[-122.06791000000766,37.265862000007573],[-122.0678620003271,37.271972000267482],[-122.06784600043355,37.275141999915753],[-122.06855699991294,37.275112000256073],[-122.07031000020615,37.277670000147907],[-122.07179800018548,37.277462000049631],[-122.07327000027131,37.281199999916581],[-122.07435200036979,37.281084999928012],[-122.07528100030737,37.283823000073312],[-122.07734300039705,37.284447000227843],[-122.0781009997321,37.286130999831677],[-122.07787200030157,37.287941999877255],[-122.07987199956868,37.28824199983103],[-122.08097200010879,37.291842000314375],[-122.0805720000757,37.294441999778975],[-122.08157200015843,37.295341999766833],[-122.08427899960526,37.295375999722026],[-122.08722500032501,37.297287000179985],[-122.08822200003469,37.299570999753371],[-122.09091000011325,37.300659000272319],[-122.09133899956034,37.300824000122638],[-122.09155199999569,37.300857000049291],[-122.09181399993651,37.300868000259783],[-122.09543099995268,37.301027000069844],[-122.09619199966076,37.300927999755693],[-122.09362300030621,37.306094999786147],[-122.09200999975506,37.308074000004041],[-122.09198700018885,37.308102000187979],[-122.08752900009864,37.313573999712048],[-122.0860689997084,37.315354999883859],[-122.08143200041633,37.320475000307546],[-122.07913400032507,37.322379000027574],[-122.07826999978651,37.323058000216882],[-122.07686700019599,37.32298900020519],[-122.07578400027262,37.32330299978797],[-122.07140999984799,37.328190000031952],[-122.07171000032196,37.330905999663784],[-122.07057999964458,37.333160000024442],[-122.06871000007384,37.333570000351635],[-122.06851500008014,37.334190000045282],[-122.07320999999685,37.333449999842919],[-122.07582399955726,37.333354000012179],[-122.07631099962897,37.33341100008272],[-122.07873000009404,37.334049999755287],[-122.08246000008813,37.336393000141939],[-122.08316600044294,37.336885999876095],[-122.08469999955474,37.337910000021132],[-122.08965599958734,37.340627000220884],[-122.09162200031588,37.341594999690614],[-122.09208000007528,37.34190999993713],[-122.09400999992047,37.343560000148393],[-122.09564000019004,37.344789999793527],[-122.10311900044478,37.348227999776583],[-122.10746000035914,37.352880000080994],[-122.11071900017504,37.350040000074181],[-122.10928399989915,37.35081799991444],[-122.10382400007637,37.34705399995169],[-122.10258600034231,37.345474999866646],[-122.1001779997479,37.346452999854222],[-122.09540599983832,37.342467999783146],[-122.09683299971826,37.342021000321331],[-122.09799500018269,37.34111499993714],[-122.09982200009574,37.341053999788897],[-122.10097899963895,37.33914999978208],[-122.10094299965395,37.337805000207112],[-122.10094000017922,37.337780000127744],[-122.10319899991241,37.337218999957543],[-122.10704600008235,37.338493000154735],[-122.10651999965258,37.337240999735009],[-122.11100399968208,37.338264000128618],[-122.11172799958027,37.338566999748799],[-122.11190099983263,37.337988999764057],[-122.11398600038683,37.338054999829055],[-122.11882799971831,37.339230000261693],[-122.11958000010389,37.338948999736637],[-122.12257799980388,37.340115000060308],[-122.12607799964415,37.340865999664423],[-122.12709100014568,37.342958000089055],[-122.12694800003054,37.344375999974616],[-122.13010899993714,37.345466999916439],[-122.13218500027052,37.345512000160831],[-122.13396899962754,37.344446000169917],[-122.13782099982038,37.345523000264045],[-122.13904400038416,37.346688999926677],[-122.14158599997455,37.347726000017609],[-122.14290900009743,37.347335999933811],[-122.14272300032464,37.349322000170517],[-122.13876999984947,37.3509599998523],[-122.14085000038081,37.351559999843104],[-122.14110999977349,37.353289999866526],[-122.14279000027177,37.353319999762917],[-122.14972999967793,37.352110000144634],[-122.1508100001266,37.352429999880961],[-122.15423999964668,37.354440000168815],[-122.15944000007674,37.354149999996622],[-122.16632299958151,37.357978999816531],[-122.16447999977493,37.358110000089503],[-122.16577000028589,37.359250000203104],[-122.17009000028381,37.360749999750126],[-122.17165000023319,37.362530000145824],[-122.16883199955996,37.363544999972959],[-122.16738999961137,37.364619999689737],[-122.16737999956561,37.365230000244807],[-122.16704200035514,37.365785000198372],[-122.16876999963569,37.366990000186206],[-122.17134200026162,37.366985999929717],[-122.17047900044626,37.369500999702261],[-122.16782399997962,37.377502999652002],[-122.16991700003149,37.379249999746342],[-122.17186199994531,37.379746000229062],[-122.1689040004283,37.391930000031927],[-122.16978599961192,37.391996999681965],[-122.17210999964243,37.392140000108775],[-122.17486999969103,37.392929999716664],[-122.17680999958196,37.394130000284918],[-122.18610999990199,37.403270000061433],[-122.18904999987564,37.406360000018452],[-122.19172999955831,37.407999999703129],[-122.19433099959824,37.408866999789652],[-122.19444500029938,37.407609999663904],[-122.19346600013307,37.405651999743178],[-122.19260599979245,37.404187000122938],[-122.1914900002571,37.39875800021759],[-122.19186199980277,37.397642999717405],[-122.19001599962316,37.394856999922233],[-122.19006400020206,37.391147999954853],[-122.19062200041887,37.390373999731374],[-122.19100800020826,37.384400999802033],[-122.19309899971194,37.382736999682109],[-122.19667600044346,37.377535000067006],[-122.19932900036194,37.374420000317585],[-122.19932799963874,37.372671000180681],[-122.2007060000132,37.371964000253641],[-122.20100700031209,37.371215000130533],[-122.20159999979069,37.368008000342165],[-122.20131799975837,37.367013000050498],[-122.20265299957684,37.363046000000942]]]},"properties":{"GEOID":"06085511707","STATE":"06","COUNTY":"085","TRACT":"511707","BASENAME":"5117.07","NAME":"Census Tract 5117.07"}},{"type":"Feature","geometry":{"type":"Polygon","coordinates":[[[-122.17186199994531,37.379746000229062],[-122.16991700003149,37.379249999746342],[-122.16782399997962,37.377502999652002],[-122.17047900044626,37.369500999702261],[-122.17134200026162,37.366985999929717],[-122.16876999963569,37.366990000186206],[-122.16704200035514,37.365785000198372],[-122.16737999956561,37.365230000244807],[-122.16738999961137,37.364619999689737],[-122.16883199955996,37.363544999972959],[-122.17165000023319,37.362530000145824],[-122.17009000028381,37.360749999750126],[-122.16577000028589,37.359250000203104],[-122.16447999977493,37.358110000089503],[-122.16632299958151,37.357978999816531],[-122.15944000007674,37.354149999996622],[-122.15423999964668,37.354440000168815],[-122.1508100001266,37.352429999880961],[-122.14972999967793,37.352110000144634],[-122.14279000027177,37.353319999762917],[-122.14110999977349,37.353289999866526],[-122.14085000038081,37.351559999843104],[-122.13876999984947,37.3509599998523],[-122.14272300032464,37.349322000170517],[-122.14290900009743,37.347335999933811],[-122.14158599997455,37.347726000017609],[-122.13904400038416,37.346688999926677],[-122.13782099982038,37.345523000264045],[-122.13396899962754,37.344446000169917],[-122.13218500027052,37.345512000160831],[-122.13010899993714,37.345466999916439],[-122.12694800003054,37.344375999974616],[-122.12709100014568,37.342958000089055],[-122.12607799964415,37.340865999664423],[-122.12257799980388,37.340115000060308],[-122.11958000010389,37.338948999736637],[-122.11882799971831,37.339230000261693],[-122.11398600038683,37.338054999829055],[-122.11190099983263,37.337988999764057],[-122.11172799958027,37.338566999748799],[-122.11100399968208,37.338264000128618],[-122.10651999965258,37.337240999735009],[-122.10704600008235,37.338493000154735],[-122.10319899991241,37.337218999957543],[-122.10094000017922,37.337780000127744],[-122.10094299965395,37.337805000207112],[-122.10097899963895,37.33914999978208],[-122.09982200009574,37.341053999788897],[-122.09799500018269,37.34111499993714],[-122.09683299971826,37.342021000321331],[-122.09540599983832,37.342467999783146],[-122.1001779997479,37.346452999854222],[-122.10258600034231,37.345474999866646],[-122.10382400007637,37.34705399995169],[-122.10928399989915,37.35081799991444],[-122.11071900017504,37.350040000074181],[-122.10746000035914,37.352880000080994],[-122.10950099963414,37.353980000162665],[-122.11546000012247,37.355810000065837],[-122.11671999959786,37.356579999893434],[-122.11795999988007,37.357710000305239],[-122.12028999975837,37.361220000017795],[-122.12160000036077,37.362680000320097],[-122.12316000031015,37.363620000154086],[-122.12633999958499,37.364469999823605],[-122.13051999984087,37.36480000027565],[-122.13759599968947,37.36687800006343],[-122.13981000011513,37.368010000086244],[-122.14298000024257,37.3711299999567],[-122.1508100001266,37.378815999845287],[-122.15143699994037,37.380106999835988],[-122.15265399975807,37.385023000137096],[-122.15367999978004,37.386439999756696],[-122.15450800033359,37.387107999853903],[-122.15592000014496,37.387860000325773],[-122.16358799964729,37.389611000146054],[-122.16729900027309,37.391604000113325],[-122.1689040004283,37.391930000031927],[-122.17186199994531,37.379746000229062]]]},"properties":{"GEOID":"06085511704","STATE":"06","COUNTY":"085","TRACT":"511704","BASENAME":"5117.04","NAME":"Census Tract 5117.04"}},{"type":"Feature","geometry":{"type":"Polygon","coordinates":[[[-122.19050600006793,37.43095600014594],[-122.18987900025409,37.428830000186387],[-122.18228799984638,37.434497999929654],[-122.18075800003425,37.434006999737697],[-122.17811900035947,37.432799000241069],[-122.17812000018439,37.431719999691445],[-122.17574000007738,37.431249999756815],[-122.17569999989441,37.430959999842678],[-122.17497000014846,37.430799999679756],[-122.17456300044269,37.432035999670049],[-122.17053999964732,37.440899999740054],[-122.17043000004244,37.441110000209605],[-122.17017999979718,37.441400000025048],[-122.16940999986826,37.442029999735496],[-122.16887199974293,37.442504000239161],[-122.1676299998109,37.443629999815272],[-122.16542399978113,37.441928999975893],[-122.16396799958886,37.440690000107608],[-122.16021000000569,37.43729700015281],[-122.15614000025298,37.438259999706666],[-122.15789199982295,37.43936899983597],[-122.16168700011436,37.44160300008302],[-122.1642580000171,37.443199000265821],[-122.16683999979047,37.444853000118954],[-122.16799700023201,37.445655999645687],[-122.17030299982085,37.447185000228728],[-122.17414599979284,37.444778999816755],[-122.17513599982979,37.443013999919451],[-122.17570400009238,37.44188399980608],[-122.17980399998231,37.440840000108956],[-122.17986000005881,37.439461000298273],[-122.18217499986848,37.439478000107727],[-122.18455900017348,37.434093000008318],[-122.18765300013291,37.433313000008837],[-122.19050600006793,37.43095600014594]]]},"properties":{"GEOID":"06085511609","STATE":"06","COUNTY":"085","TRACT":"511609","BASENAME":"5116.09","NAME":"Census Tract 5116.09"}},{"type":"Feature","geometry":{"type":"Polygon","coordinates":[[[-121.61852899993735,36.98061599981709],[-121.621581000064,36.976763999973244],[-121.61741599987675,36.974934000166463],[-121.61034000002813,36.972674999850945],[-121.6082339995575,36.97138300009621],[-121.60598200039534,36.971054000172039],[-121.60357299997601,36.969903000248188],[-121.60060899971289,36.966451999752032],[-121.59785299986227,36.965137999963368],[-121.59710499967464,36.964177999791175],[-121.59440999992333,36.962939999829402],[-121.59284999997398,36.961610000213604],[-121.59274000036916,36.959050000181882],[-121.58535999984859,36.956890000101829],[-121.58379999989924,36.95716999970022],[-121.58281999990804,36.958480000219417],[-121.58081499971976,36.95594899986331],[-121.58032699982313,36.952920999897032],[-121.57238999980899,36.947739999957065],[-121.56845599960039,36.948324999988245],[-121.56544500037994,36.945788999867339],[-121.55510800016731,36.943846999648606],[-121.55263900037184,36.942899999777829],[-121.55278999998458,36.948070000177225],[-121.55091000036808,36.960950000106749],[-121.55101999997294,36.961889999683365],[-121.55428999965949,36.973109999938615],[-121.55530399998591,36.975885000231216],[-121.56250000038342,36.973770000124787],[-121.56449999965049,36.976770000208496],[-121.5686599998149,36.97631000017897],[-121.56922899990239,36.976685000061437],[-121.57332999961724,36.982059999821814],[-121.57668999971547,36.982840000130594],[-121.58030000005894,36.984610000230774],[-121.58351000036933,36.984360000001857],[-121.58569999960723,36.983069999771359],[-121.58674999991864,36.984229999873882],[-121.58776000004708,36.987380000339812],[-121.58702000025541,36.99226999999447],[-121.58763000035076,36.994519999676811],[-121.58742000028849,36.995820000210422],[-121.58527299980999,36.998493000239165],[-121.58457999987394,36.999410000155166],[-121.58786999965196,37.000890000006557],[-121.58660000013082,37.003309999946843],[-121.58686999956926,37.008130000012748],[-121.5870400003469,37.008670000347756],[-121.58667399975066,37.013504999989699],[-121.5988760004095,37.013444000137753],[-121.59962000039918,37.013210000145776],[-121.60793999982964,37.011940000203161],[-121.61094000007775,37.011899999905381],[-121.61116000018576,37.010209999653362],[-121.61239999956967,37.010189999769217],[-121.61389299957189,37.008476999953892],[-121.61279100028025,37.007662000301693],[-121.61329500007039,37.003574000223864],[-121.61276600016588,37.00083800009098],[-121.61157399956424,36.998973999663598],[-121.61180000041837,36.997391999871603],[-121.61377799994415,36.992215000056866],[-121.6163930002278,36.989605999984782],[-121.61658499984843,36.988597999754354],[-121.61705299965357,36.986056999885847],[-121.61626900037925,36.981980000055614],[-121.61852899993735,36.98061599981709]]]},"properties":{"GEOID":"06085512510","STATE":"06","COUNTY":"085","TRACT":"512510","BASENAME":"5125.10","NAME":"Census Tract 5125.10"}},{"type":"Feature","geometry":{"type":"Polygon","coordinates":[[[-121.58702000025541,36.99226999999447],[-121.58776000004708,36.987380000339812],[-121.58674999991864,36.984229999873882],[-121.58569999960723,36.983069999771359],[-121.58351000036933,36.984360000001857],[-121.58030000005894,36.984610000230774],[-121.57668999971547,36.982840000130594],[-121.57332999961724,36.982059999821814],[-121.56922899990239,36.976685000061437],[-121.5686599998149,36.97631000017897],[-121.56449999965049,36.976770000208496],[-121.56250000038342,36.973770000124787],[-121.55530399998591,36.975885000231216],[-121.55542899965936,36.976182999713771],[-121.55847999996111,36.983540000057502],[-121.55825999985306,36.986749999918047],[-121.56016999960681,36.987820000148027],[-121.56094000043406,36.989210000026638],[-121.56144599987404,36.990432999931123],[-121.56187000019656,36.991550000272809],[-121.56578000011569,37.000260000290147],[-121.56695799957534,36.999967000163892],[-121.56939999960662,36.999249999725443],[-121.57901000044632,36.996420000246296],[-121.5806559997111,36.995766000118472],[-121.58281800025823,36.998131999720904],[-121.58457999987394,36.999410000155166],[-121.58527299980999,36.998493000239165],[-121.58742000028849,36.995820000210422],[-121.58763000035076,36.994519999676811],[-121.58702000025541,36.99226999999447]]]},"properties":{"GEOID":"06085512509","STATE":"06","COUNTY":"085","TRACT":"512509","BASENAME":"5125.09","NAME":"Census Tract 5125.09"}},{"type":"Feature","geometry":{"type":"Polygon","coordinates":[[[-121.64724999998161,37.126410000137298],[-121.64846000012659,37.125950000178435],[-121.64609000006534,37.121780000317031],[-121.64384999970039,37.118990000230383],[-121.64084000030485,37.113770000101518],[-121.63766000013167,37.11489000035651],[-121.63690000024849,37.113090000307047],[-121.63978999999344,37.111869999823604],[-121.64071999975594,37.110970000057058],[-121.63553299974465,37.107756999885716],[-121.6306470000323,37.104689000164832],[-121.62321499963319,37.100054000026645],[-121.61834999983719,37.096999999884176],[-121.61675499972773,37.095637000355239],[-121.6161809996174,37.095664999923031],[-121.61693999967569,37.096769999759282],[-121.62104499958849,37.100854999700168],[-121.62715800006262,37.106791000012642],[-121.62780499996791,37.107420999987923],[-121.62860800040711,37.10820199999533],[-121.62834999976594,37.108370000189176],[-121.62019500019193,37.111184999855368],[-121.62321999965607,37.114079999898642],[-121.62641400007296,37.119127000064758],[-121.62913300011365,37.123747999794155],[-121.63375000021254,37.131539999740426],[-121.64724999998161,37.126410000137298]]]},"properties":{"GEOID":"06085512310","STATE":"06","COUNTY":"085","TRACT":"512310","BASENAME":"5123.10","NAME":"Census Tract 5123.10"}},{"type":"Feature","geometry":{"type":"Polygon","coordinates":[[[-121.77134099969389,37.299343999873386],[-121.76911399974776,37.296378999705574],[-121.76530199973793,37.290989000296598],[-121.76378000032172,37.290622999647226],[-121.76135400018393,37.290398000303327],[-121.75911700019208,37.291184000331491],[-121.75311699969583,37.292080999842412],[-121.74794800012621,37.291739000083304],[-121.74742000004662,37.292977000293895],[-121.7440609997733,37.293458000048105],[-121.74545300039148,37.293984999748574],[-121.74605000006808,37.294803999901298],[-121.7465530000333,37.295073000315057],[-121.74792100036206,37.295352000301712],[-121.74838199959616,37.295561000028755],[-121.75046899980022,37.296682000283603],[-121.75298899964932,37.296876999854405],[-121.75580700032255,37.298982999880906],[-121.75797499981913,37.299421000003932],[-121.7604069998047,37.297964000306969],[-121.76426400002038,37.297806999922983],[-121.76805799958855,37.299358999877157],[-121.77134099969389,37.299343999873386]]]},"properties":{"GEOID":"06085503331","STATE":"06","COUNTY":"085","TRACT":"503331","BASENAME":"5033.31","NAME":"Census Tract 5033.31"}},{"type":"Feature","geometry":{"type":"Polygon","coordinates":[[[-122.14007000040613,37.412590000355806],[-122.1395199996869,37.411540000186925],[-122.13794999969181,37.410650000322768],[-122.13397000035079,37.408559999831567],[-122.13365499980821,37.405025999659742],[-122.1360059996029,37.401824000319493],[-122.13618300005324,37.399330000075665],[-122.13476000037122,37.398770000184555],[-122.12997000001997,37.400759999888393],[-122.12447099983915,37.401267999652845],[-122.12240999957439,37.404260999879817],[-122.1200529999319,37.406258000221996],[-122.12332500016659,37.41028599966792],[-122.12674999966383,37.414460000352101],[-122.12818999996257,37.415670000276208],[-122.12883000019518,37.416069999896763],[-122.13247499980044,37.417985999911863],[-122.13295000017661,37.418229999745023],[-122.13451000012596,37.419049999710182],[-122.13681999991276,37.41654000023501],[-122.14007000040613,37.412590000355806]]]},"properties":{"GEOID":"06085510600","STATE":"06","COUNTY":"085","TRACT":"510600","BASENAME":"5106","NAME":"Census Tract 5106"}},{"type":"Feature","geometry":{"type":"Polygon","coordinates":[[[-122.1936080004233,37.411670000027627],[-122.19433099959824,37.408866999789652],[-122.19172999955831,37.407999999703129],[-122.18904999987564,37.406360000018452],[-122.18610999990199,37.403270000061433],[-122.17680999958196,37.394130000284918],[-122.17486999969103,37.392929999716664],[-122.17210999964243,37.392140000108775],[-122.16978599961192,37.391996999681965],[-122.1689040004283,37.391930000031927],[-122.16729900027309,37.391604000113325],[-122.16358799964729,37.389611000146054],[-122.15592000014496,37.387860000325773],[-122.15450800033359,37.387107999853903],[-122.15367999978004,37.386439999756696],[-122.15213999992216,37.387219999749213],[-122.15019900020631,37.391834999956835],[-122.14974999976941,37.39214999989386],[-122.14324999968099,37.39451999983028],[-122.1415320004462,37.395385999733989],[-122.13476000037122,37.398770000184555],[-122.13618300005324,37.399330000075665],[-122.1360059996029,37.401824000319493],[-122.13365499980821,37.405025999659742],[-122.13397000035079,37.408559999831567],[-122.13794999969181,37.410650000322768],[-122.1395199996869,37.411540000186925],[-122.14007000040613,37.412590000355806],[-122.13681999991276,37.41654000023501],[-122.13451000012596,37.419049999710182],[-122.14210999985619,37.423019999800005],[-122.14588000003323,37.42499000022444],[-122.15333800037159,37.415988000109394],[-122.1497129999595,37.413920999891531],[-122.15597000037367,37.406319999890947],[-122.16096999988891,37.41015999966033],[-122.16371999989174,37.412009999696913],[-122.16925000003469,37.413739999859772],[-122.17427999968714,37.417240000204771],[-122.17592000000245,37.419419999982729],[-122.1768599998107,37.420269999990403],[-122.18224000016583,37.421919999867121],[-122.18501000026016,37.422030000088192],[-122.19083999997875,37.424364999994317],[-122.19070699990937,37.424148999891052],[-122.18829400019041,37.422301999992904],[-122.18791500007372,37.420016000036995],[-122.19026699969331,37.418477000304463],[-122.18719399965028,37.416547000160072],[-122.18755699987342,37.414840999685296],[-122.19236499976802,37.413868000215295],[-122.19210799985008,37.41309900016806],[-122.1936080004233,37.411670000027627]]]},"properties":{"GEOID":"06085511705","STATE":"06","COUNTY":"085","TRACT":"511705","BASENAME":"5117.05","NAME":"Census Tract 5117.05"}},{"type":"Feature","geometry":{"type":"Polygon","coordinates":[[[-122.17372999986621,37.4263599998092],[-122.17305000034898,37.425190000023719],[-122.17314999990809,37.422750000074132],[-122.16905000001819,37.422520000147458],[-122.16835999955684,37.421399999682926],[-122.16749000006881,37.421929999958785],[-122.16577000028589,37.422730000108587],[-122.16519799982535,37.422879000223162],[-122.16141000010494,37.422560000185484],[-122.15984000010985,37.421129999823101],[-122.15636000036099,37.419109999685745],[-122.1542899998754,37.421609999931334],[-122.15167999961463,37.424789999890869],[-122.14924000013147,37.427689999876961],[-122.15183000030078,37.429940000345617],[-122.16021000000569,37.43729700015281],[-122.16396799958886,37.440690000107608],[-122.16542399978113,37.441928999975893],[-122.16571199966123,37.441249999719751],[-122.16788000005616,37.434559999761177],[-122.1703200004376,37.429085999743762],[-122.17372999986621,37.4263599998092]]]},"properties":{"GEOID":"06085513000","STATE":"06","COUNTY":"085","TRACT":"513000","BASENAME":"5130","NAME":"Census Tract 5130"}},{"type":"Feature","geometry":{"type":"Polygon","coordinates":[[[-121.86239700011006,37.241656000041708],[-121.86272299962498,37.240048999810639],[-121.85978699984926,37.238528000272076],[-121.85387199974186,37.237160999789303],[-121.85288900027589,37.23692099986372],[-121.85112799958677,37.237301000227376],[-121.85080100024693,37.238782000202086],[-121.84916000010675,37.243297999960753],[-121.84677300032705,37.249968000098107],[-121.84675200041063,37.250573000113569],[-121.8496510003764,37.250502000091494],[-121.85442599976074,37.250314999844178],[-121.85556099956264,37.247120000336572],[-121.85589100017383,37.246193999898587],[-121.85794099966965,37.240472000046154],[-121.8602670002483,37.242261000284302],[-121.86239700011006,37.241656000041708]]]},"properties":{"GEOID":"06085512053","STATE":"06","COUNTY":"085","TRACT":"512053","BASENAME":"5120.53","NAME":"Census Tract 5120.53"}},{"type":"Feature","geometry":{"type":"Polygon","coordinates":[[[-121.85546500020148,37.352735000334938],[-121.85265099972619,37.349850000081517],[-121.84679500006834,37.352654999961125],[-121.84016299973544,37.355667000340027],[-121.83853099981606,37.355648000001452],[-121.84090800044834,37.359656000248364],[-121.8434540002367,37.358473000283546],[-121.8451239997909,37.357739999863156],[-121.8468190003578,37.356937000229735],[-121.84918900041905,37.355812000134989],[-121.85112599993697,37.354891999838244],[-121.85546500020148,37.352735000334938]]]},"properties":{"GEOID":"06085503710","STATE":"06","COUNTY":"085","TRACT":"503710","BASENAME":"5037.10","NAME":"Census Tract 5037.10"}},{"type":"Feature","geometry":{"type":"Polygon","coordinates":[[[-121.85265099972619,37.349850000081517],[-121.85212099999679,37.349297000354525],[-121.85130000001422,37.348338000328134],[-121.84930700041984,37.346311999765675],[-121.84632600043828,37.343204000316774],[-121.84136700003263,37.347112999924128],[-121.83853900021198,37.349970999850562],[-121.83779799969703,37.352480999996352],[-121.83787800006299,37.354076999749623],[-121.83853099981606,37.355648000001452],[-121.84016299973544,37.355667000340027],[-121.84679500006834,37.352654999961125],[-121.85265099972619,37.349850000081517]]]},"properties":{"GEOID":"06085503711","STATE":"06","COUNTY":"085","TRACT":"503711","BASENAME":"5037.11","NAME":"Census Tract 5037.11"}},{"type":"Feature","geometry":{"type":"Polygon","coordinates":[[[-121.88164899977991,37.30399799999546],[-121.88174800041241,37.301724999892656],[-121.88071599964437,37.301094000136302],[-121.88085000043696,37.297480999872377],[-121.88124200007414,37.296038999707605],[-121.88068899988016,37.292241999978607],[-121.87538999971591,37.292771999741831],[-121.87311599991411,37.294357999659475],[-121.87286400001904,37.294714999876796],[-121.87472899956691,37.299142999820177],[-121.87670000031834,37.30187399965358],[-121.87861199972187,37.30434199976461],[-121.8786770000192,37.30401299978557],[-121.87873499974552,37.303839999690439],[-121.88164899977991,37.30399799999546]]]},"properties":{"GEOID":"06085503123","STATE":"06","COUNTY":"085","TRACT":"503123","BASENAME":"5031.23","NAME":"Census Tract 5031.23"}}]}